FAT_YEARMONTH,FAT_DAY,FAT_TIME,FATALITY_ID,EVENT_ID,FATALITY_TYPE,FATALITY_DATE,FATALITY_AGE,FATALITY_SEX,FATALITY_LOCATION,SOURCE_YEAR,SOURCE_FILE
195006,25,2100,1005217,10146803,D,06/25/1950 21:00:00,,,,1950,StormEvents_fatalities-ftp_v1.0_d1950_c20260323.csv.gz
195012,2,1515,1005219,10009717,D,12/02/1950 15:15:00,,,,1950,StormEvents_fatalities-ftp_v1.0_d1950_c20260323.csv.gz
195001,13,525,1005198,9981922,D,01/13/1950 05:25:00,,,,1950,StormEvents_fatalities-ftp_v1.0_d1950_c20260323.csv.gz
195002,11,1350,1005200,10120403,D,02/11/1950 13:50:00,,,,1950,StormEvents_fatalities-ftp_v1.0_d1950_c20260323.csv.gz
195002,12,30,1005201,10120406,D,02/12/1950 00:30:00,,,,1950,StormEvents_fatalities-ftp_v1.0_d1950_c20260323.csv.gz
195003,27,500,1005208,10049527,D,03/27/1950 05:00:00,,,,1950,StormEvents_fatalities-ftp_v1.0_d1950_c20260323.csv.gz
195004,2,1530,1005209,9983002,D,04/02/1950 15:30:00,,,,1950,StormEvents_fatalities-ftp_v1.0_d1950_c20260323.csv.gz
195004,28,1417,1005210,10096220,D,04/28/1950 14:17:00,,,,1950,StormEvents_fatalities-ftp_v1.0_d1950_c20260323.csv.gz
195005,4,2030,1005213,10120413,D,05/04/1950 20:30:00,,,,1950,StormEvents_fatalities-ftp_v1.0_d1950_c20260323.csv.gz
195005,2,300,1005214,10032647,D,05/02/1950 03:00:00,,,,1950,StormEvents_fatalities-ftp_v1.0_d1950_c20260323.csv.gz
195006,8,2015,1005216,10027597,D,06/08/1950 20:15:00,,,,1950,StormEvents_fatalities-ftp_v1.0_d1950_c20260323.csv.gz
195102,20,1500,1005221,10047277,D,02/20/1951 15:00:00,,,,1951,StormEvents_fatalities-ftp_v1.0_d1951_c20260323.csv.gz
195105,24,1700,1005225,10120426,D,05/24/1951 17:00:00,,,,1951,StormEvents_fatalities-ftp_v1.0_d1951_c20260323.csv.gz
195105,25,1600,1005226,10028704,D,05/25/1951 16:00:00,,,,1951,StormEvents_fatalities-ftp_v1.0_d1951_c20260323.csv.gz
195106,19,1900,1005227,10052053,D,06/19/1951 19:00:00,,,,1951,StormEvents_fatalities-ftp_v1.0_d1951_c20260323.csv.gz
195106,23,2200,1005228,10025120,D,06/23/1951 22:00:00,,,,1951,StormEvents_fatalities-ftp_v1.0_d1951_c20260323.csv.gz
195106,23,2200,1005229,10025121,D,06/23/1951 22:00:00,,,,1951,StormEvents_fatalities-ftp_v1.0_d1951_c20260323.csv.gz
195106,27,2045,1005231,10009722,D,06/27/1951 20:45:00,,,,1951,StormEvents_fatalities-ftp_v1.0_d1951_c20260323.csv.gz
195109,26,2100,1005233,10039410,D,09/26/1951 21:00:00,,,,1951,StormEvents_fatalities-ftp_v1.0_d1951_c20260323.csv.gz
195109,26,1630,1005235,10146813,D,09/26/1951 16:30:00,,,,1951,StormEvents_fatalities-ftp_v1.0_d1951_c20260323.csv.gz
195111,13,1750,1005236,10035924,D,11/13/1951 17:50:00,,,,1951,StormEvents_fatalities-ftp_v1.0_d1951_c20260323.csv.gz
195112,6,1800,1005237,10009725,D,12/06/1951 18:00:00,,,,1951,StormEvents_fatalities-ftp_v1.0_d1951_c20260323.csv.gz
195202,13,2000,1005238,9979430,D,02/13/1952 20:00:00,,,,1952,StormEvents_fatalities-ftp_v1.0_d1952_c20260323.csv.gz
195202,13,2130,1005239,9979434,D,02/13/1952 21:30:00,,,,1952,StormEvents_fatalities-ftp_v1.0_d1952_c20260323.csv.gz
195203,21,1720,1005247,9983019,D,03/21/1952 17:20:00,,,,1952,StormEvents_fatalities-ftp_v1.0_d1952_c20260323.csv.gz
195203,21,1845,1005252,9983027,D,03/21/1952 18:45:00,,,,1952,StormEvents_fatalities-ftp_v1.0_d1952_c20260323.csv.gz
195203,21,1900,1005253,9983028,D,03/21/1952 19:00:00,,,,1952,StormEvents_fatalities-ftp_v1.0_d1952_c20260323.csv.gz
195203,21,1900,1005254,9983029,D,03/21/1952 19:00:00,,,,1952,StormEvents_fatalities-ftp_v1.0_d1952_c20260323.csv.gz
195203,21,2300,1005263,10126260,D,03/21/1952 23:00:00,,,,1952,StormEvents_fatalities-ftp_v1.0_d1952_c20260323.csv.gz
195207,19,1830,1005271,10072247,D,07/19/1952 18:30:00,,,,1952,StormEvents_fatalities-ftp_v1.0_d1952_c20260323.csv.gz
195207,1,1800,1005272,10089665,D,07/01/1952 18:00:00,,,,1952,StormEvents_fatalities-ftp_v1.0_d1952_c20260323.csv.gz
195208,21,20,1005273,10063636,D,08/21/1952 00:20:00,,,,1952,StormEvents_fatalities-ftp_v1.0_d1952_c20260323.csv.gz
195306,8,1930,1005320,10083311,D,06/08/1953 19:30:00,,,,1953,StormEvents_fatalities-ftp_v1.0_d1953_c20260323.csv.gz
195306,27,1545,1005322,10017052,D,06/27/1953 15:45:00,,,,1953,StormEvents_fatalities-ftp_v1.0_d1953_c20260323.csv.gz
195302,20,1610,1005274,9979447,D,02/20/1953 16:10:00,,,,1953,StormEvents_fatalities-ftp_v1.0_d1953_c20260323.csv.gz
195303,21,1643,1005276,10052067,D,03/21/1953 16:43:00,,,,1953,StormEvents_fatalities-ftp_v1.0_d1953_c20260323.csv.gz
195303,14,1430,1005277,10047298,D,03/14/1953 14:30:00,,,,1953,StormEvents_fatalities-ftp_v1.0_d1953_c20260323.csv.gz
195303,13,1819,1005278,10099776,D,03/13/1953 18:19:00,,,,1953,StormEvents_fatalities-ftp_v1.0_d1953_c20260323.csv.gz
195304,23,1531,1005283,10099786,D,04/23/1953 15:31:00,,,,1953,StormEvents_fatalities-ftp_v1.0_d1953_c20260323.csv.gz
195304,23,2030,1005284,10099789,D,04/23/1953 20:30:00,,,,1953,StormEvents_fatalities-ftp_v1.0_d1953_c20260323.csv.gz
195304,28,2045,1005285,10121801,D,04/28/1953 20:45:00,,,,1953,StormEvents_fatalities-ftp_v1.0_d1953_c20260323.csv.gz
195304,9,1745,1005287,10009733,D,04/09/1953 17:45:00,,,,1953,StormEvents_fatalities-ftp_v1.0_d1953_c20260323.csv.gz
195304,9,2000,1005288,10004043,D,04/09/1953 20:00:00,,,,1953,StormEvents_fatalities-ftp_v1.0_d1953_c20260323.csv.gz
195304,9,2030,1005289,10004044,D,04/09/1953 20:30:00,,,,1953,StormEvents_fatalities-ftp_v1.0_d1953_c20260323.csv.gz
195304,30,1630,1005292,10001458,D,04/30/1953 16:30:00,,,,1953,StormEvents_fatalities-ftp_v1.0_d1953_c20260323.csv.gz
195304,30,1630,1005293,10001459,D,04/30/1953 16:30:00,,,,1953,StormEvents_fatalities-ftp_v1.0_d1953_c20260323.csv.gz
195305,10,1745,1005299,10052070,D,05/10/1953 17:45:00,,,,1953,StormEvents_fatalities-ftp_v1.0_d1953_c20260323.csv.gz
195305,10,1810,1005300,10052071,D,05/10/1953 18:10:00,,,,1953,StormEvents_fatalities-ftp_v1.0_d1953_c20260323.csv.gz
195305,16,1430,1005305,10121806,D,05/16/1953 14:30:00,,,,1953,StormEvents_fatalities-ftp_v1.0_d1953_c20260323.csv.gz
195305,20,2100,1005306,10017035,D,05/20/1953 21:00:00,,,,1953,StormEvents_fatalities-ftp_v1.0_d1953_c20260323.csv.gz
195305,10,1835,1005307,10146817,D,05/10/1953 18:35:00,,,,1953,StormEvents_fatalities-ftp_v1.0_d1953_c20260323.csv.gz
195305,10,1935,1005310,10147667,D,05/10/1953 19:35:00,,,,1953,StormEvents_fatalities-ftp_v1.0_d1953_c20260323.csv.gz
195306,8,1830,1005312,10039416,D,06/08/1953 18:30:00,,,,1953,StormEvents_fatalities-ftp_v1.0_d1953_c20260323.csv.gz
195402,16,230,1005327,9983051,D,02/16/1954 02:30:00,,,,1954,StormEvents_fatalities-ftp_v1.0_d1954_c20260323.csv.gz
195402,19,2125,1005328,10029329,D,02/19/1954 21:25:00,,,,1954,StormEvents_fatalities-ftp_v1.0_d1954_c20260323.csv.gz
195403,13,2130,1005331,10001466,D,03/13/1954 21:30:00,,,,1954,StormEvents_fatalities-ftp_v1.0_d1954_c20260323.csv.gz
195404,7,1516,1005333,10010593,D,04/07/1954 15:16:00,,,,1954,StormEvents_fatalities-ftp_v1.0_d1954_c20260323.csv.gz
195404,30,1330,1005334,10029333,D,04/30/1954 13:30:00,,,,1954,StormEvents_fatalities-ftp_v1.0_d1954_c20260323.csv.gz
195406,17,2015,1005337,10072732,D,06/17/1954 20:15:00,,,,1954,StormEvents_fatalities-ftp_v1.0_d1954_c20260323.csv.gz
195406,9,2200,1005338,10015656,D,06/09/1954 22:00:00,,,,1954,StormEvents_fatalities-ftp_v1.0_d1954_c20260323.csv.gz
195406,1,1930,1005339,10122950,D,06/01/1954 19:30:00,,,,1954,StormEvents_fatalities-ftp_v1.0_d1954_c20260323.csv.gz
195406,1,2055,1005340,10122952,D,06/01/1954 20:55:00,,,,1954,StormEvents_fatalities-ftp_v1.0_d1954_c20260323.csv.gz
195406,2,1730,1005341,10122954,D,06/02/1954 17:30:00,,,,1954,StormEvents_fatalities-ftp_v1.0_d1954_c20260323.csv.gz
195408,11,1727,1005342,10042626,D,08/11/1954 17:27:00,,,,1954,StormEvents_fatalities-ftp_v1.0_d1954_c20260323.csv.gz
195409,30,2000,1005343,10083325,D,09/30/1954 20:00:00,,,,1954,StormEvents_fatalities-ftp_v1.0_d1954_c20260323.csv.gz
195412,5,1440,1005346,10000301,D,12/05/1954 14:40:00,,,,1954,StormEvents_fatalities-ftp_v1.0_d1954_c20260323.csv.gz
195412,5,1730,1005347,10000311,D,12/05/1954 17:30:00,,,,1954,StormEvents_fatalities-ftp_v1.0_d1954_c20260323.csv.gz
195503,16,1430,1005348,10075750,D,03/16/1955 14:30:00,,,,1955,StormEvents_fatalities-ftp_v1.0_d1955_c20260323.csv.gz
195503,1,152,1005349,10083328,D,03/01/1955 01:52:00,,,,1955,StormEvents_fatalities-ftp_v1.0_d1955_c20260323.csv.gz
195503,22,1430,1005351,10117756,D,03/22/1955 14:30:00,,,,1955,StormEvents_fatalities-ftp_v1.0_d1955_c20260323.csv.gz
195504,21,141,1005352,9984179,D,04/21/1955 01:41:00,,,,1955,StormEvents_fatalities-ftp_v1.0_d1955_c20260323.csv.gz
195504,6,230,1005354,10119605,D,04/06/1955 02:30:00,,,,1955,StormEvents_fatalities-ftp_v1.0_d1955_c20260323.csv.gz
195505,6,1815,1005357,10120496,D,05/06/1955 18:15:00,,,,1955,StormEvents_fatalities-ftp_v1.0_d1955_c20260323.csv.gz
195507,7,1500,1005362,10053169,D,07/07/1955 15:00:00,,,,1955,StormEvents_fatalities-ftp_v1.0_d1955_c20260323.csv.gz
195507,8,210,1005363,10069377,D,07/08/1955 02:10:00,,,,1955,StormEvents_fatalities-ftp_v1.0_d1955_c20260323.csv.gz
195507,15,1420,1005365,10092596,D,07/15/1955 14:20:00,,,,1955,StormEvents_fatalities-ftp_v1.0_d1955_c20260323.csv.gz
195509,16,1430,1005366,10053185,D,09/16/1955 14:30:00,,,,1955,StormEvents_fatalities-ftp_v1.0_d1955_c20260323.csv.gz
195509,22,1745,1005367,10025415,D,09/22/1955 17:45:00,,,,1955,StormEvents_fatalities-ftp_v1.0_d1955_c20260323.csv.gz
195510,28,2000,1005368,10000347,D,10/28/1955 20:00:00,,,,1955,StormEvents_fatalities-ftp_v1.0_d1955_c20260323.csv.gz
195511,15,1530,1005369,9983070,D,11/15/1955 15:30:00,,,,1955,StormEvents_fatalities-ftp_v1.0_d1955_c20260323.csv.gz
195602,14,2240,1005370,9983081,D,02/14/1956 22:40:00,,,,1956,StormEvents_fatalities-ftp_v1.0_d1956_c20260323.csv.gz
195602,16,1810,1005371,10049834,D,02/16/1956 18:10:00,,,,1956,StormEvents_fatalities-ftp_v1.0_d1956_c20260323.csv.gz
195603,6,2150,1005373,10005190,D,03/06/1956 21:50:00,,,,1956,StormEvents_fatalities-ftp_v1.0_d1956_c20260323.csv.gz
195604,3,1600,1005378,10037016,D,04/03/1956 16:00:00,,,,1956,StormEvents_fatalities-ftp_v1.0_d1956_c20260323.csv.gz
195604,2,2230,1005381,10025447,D,04/02/1956 22:30:00,,,,1956,StormEvents_fatalities-ftp_v1.0_d1956_c20260323.csv.gz
195604,2,2145,1005385,10025440,D,04/02/1956 21:45:00,,,,1956,StormEvents_fatalities-ftp_v1.0_d1956_c20260323.csv.gz
195605,12,1515,1005386,10040562,D,05/12/1956 15:15:00,,,,1956,StormEvents_fatalities-ftp_v1.0_d1956_c20260323.csv.gz
195607,12,1940,1005388,10027693,D,07/12/1956 19:40:00,,,,1956,StormEvents_fatalities-ftp_v1.0_d1956_c20260323.csv.gz
195703,17,1355,1005392,10121985,D,03/17/1957 13:55:00,,,,1957,StormEvents_fatalities-ftp_v1.0_d1957_c20260323.csv.gz
195704,25,1845,1005394,10069865,D,04/25/1957 18:45:00,,,,1957,StormEvents_fatalities-ftp_v1.0_d1957_c20260323.csv.gz
195704,4,120,1005395,10049857,D,04/04/1957 01:20:00,,,,1957,StormEvents_fatalities-ftp_v1.0_d1957_c20260323.csv.gz
195704,2,1655,1005397,10092666,D,04/02/1957 16:55:00,,,,1957,StormEvents_fatalities-ftp_v1.0_d1957_c20260323.csv.gz
195704,2,1800,1005401,10122247,D,04/02/1957 18:00:00,,,,1957,StormEvents_fatalities-ftp_v1.0_d1957_c20260323.csv.gz
195704,2,1951,1005402,10122252,D,04/02/1957 19:51:00,,,,1957,StormEvents_fatalities-ftp_v1.0_d1957_c20260323.csv.gz
195704,19,1530,1005404,10147945,D,04/19/1957 15:30:00,,,,1957,StormEvents_fatalities-ftp_v1.0_d1957_c20260323.csv.gz
195704,8,1530,1005405,9998085,D,04/08/1957 15:30:00,,,,1957,StormEvents_fatalities-ftp_v1.0_d1957_c20260323.csv.gz
195705,13,1250,1005406,9984246,D,05/13/1957 12:50:00,,,,1957,StormEvents_fatalities-ftp_v1.0_d1957_c20260323.csv.gz
195705,15,2100,1005410,10118925,D,05/15/1957 21:00:00,,,,1957,StormEvents_fatalities-ftp_v1.0_d1957_c20260323.csv.gz
195705,10,1920,1005415,10080598,D,05/10/1957 19:20:00,,,,1957,StormEvents_fatalities-ftp_v1.0_d1957_c20260323.csv.gz
195706,28,20,1005416,10049868,D,06/28/1957 00:20:00,,,,1957,StormEvents_fatalities-ftp_v1.0_d1957_c20260323.csv.gz
195706,20,2200,1005417,10113012,D,06/20/1957 22:00:00,,,,1957,StormEvents_fatalities-ftp_v1.0_d1957_c20260323.csv.gz
195710,15,2200,1005421,10030452,D,10/15/1957 22:00:00,,,,1957,StormEvents_fatalities-ftp_v1.0_d1957_c20260323.csv.gz
195710,23,815,1005422,10030457,D,10/23/1957 08:15:00,,,,1957,StormEvents_fatalities-ftp_v1.0_d1957_c20260323.csv.gz
195711,18,1530,1005424,9977941,D,11/18/1957 15:30:00,,,,1957,StormEvents_fatalities-ftp_v1.0_d1957_c20260323.csv.gz
195711,20,1650,1005428,10041701,D,11/20/1957 16:50:00,,,,1957,StormEvents_fatalities-ftp_v1.0_d1957_c20260323.csv.gz
195711,7,2327,1005430,10121177,D,11/07/1957 23:27:00,,,,1957,StormEvents_fatalities-ftp_v1.0_d1957_c20260323.csv.gz
195712,18,1350,1005436,10060858,D,12/18/1957 13:50:00,,,,1957,StormEvents_fatalities-ftp_v1.0_d1957_c20260323.csv.gz
195712,18,1555,1005438,10008659,D,12/18/1957 15:55:00,,,,1957,StormEvents_fatalities-ftp_v1.0_d1957_c20260323.csv.gz
195712,18,1635,1005439,10008664,D,12/18/1957 16:35:00,,,,1957,StormEvents_fatalities-ftp_v1.0_d1957_c20260323.csv.gz
195807,1,1510,1005456,10055208,D,07/01/1958 15:10:00,,,,1958,StormEvents_fatalities-ftp_v1.0_d1958_c20260323.csv.gz
195808,4,1930,1005457,10055429,D,08/04/1958 19:30:00,,,,1958,StormEvents_fatalities-ftp_v1.0_d1958_c20260323.csv.gz
195809,7,1600,1005458,10040343,D,09/07/1958 16:00:00,,,,1958,StormEvents_fatalities-ftp_v1.0_d1958_c20260323.csv.gz
195810,19,735,1005459,9984944,D,10/19/1958 07:35:00,,,,1958,StormEvents_fatalities-ftp_v1.0_d1958_c20260323.csv.gz
195810,9,26,1005461,10010911,D,10/09/1958 00:26:00,,,,1958,StormEvents_fatalities-ftp_v1.0_d1958_c20260323.csv.gz
195802,26,1740,1005441,10049551,D,02/26/1958 17:40:00,,,,1958,StormEvents_fatalities-ftp_v1.0_d1958_c20260323.csv.gz
195802,26,1815,1005442,10049557,D,02/26/1958 18:15:00,,,,1958,StormEvents_fatalities-ftp_v1.0_d1958_c20260323.csv.gz
195802,26,1900,1005444,10049563,D,02/26/1958 19:00:00,,,,1958,StormEvents_fatalities-ftp_v1.0_d1958_c20260323.csv.gz
195804,5,2100,1005447,9977966,D,04/05/1958 21:00:00,,,,1958,StormEvents_fatalities-ftp_v1.0_d1958_c20260323.csv.gz
195804,22,1330,1005448,10116556,D,04/22/1958 13:30:00,,,,1958,StormEvents_fatalities-ftp_v1.0_d1958_c20260323.csv.gz
195804,2,1755,1005449,10121196,D,04/02/1958 17:55:00,,,,1958,StormEvents_fatalities-ftp_v1.0_d1958_c20260323.csv.gz
195804,5,1420,1005450,10009742,D,04/05/1958 14:20:00,,,,1958,StormEvents_fatalities-ftp_v1.0_d1958_c20260323.csv.gz
195806,4,1730,1005452,10149030,D,06/04/1958 17:30:00,,,,1958,StormEvents_fatalities-ftp_v1.0_d1958_c20260323.csv.gz
195906,26,1600,1005473,10159476,D,06/26/1959 16:00:00,,,,1959,StormEvents_fatalities-ftp_v1.0_d1959_c20260323.csv.gz
195909,26,1517,1005474,10009817,D,09/26/1959 15:17:00,,,,1959,StormEvents_fatalities-ftp_v1.0_d1959_c20260323.csv.gz
195909,27,1800,1005475,10025636,D,09/27/1959 18:00:00,,,,1959,StormEvents_fatalities-ftp_v1.0_d1959_c20260323.csv.gz
195909,30,1500,1005476,10150861,D,09/30/1959 15:00:00,,,,1959,StormEvents_fatalities-ftp_v1.0_d1959_c20260323.csv.gz
195903,14,2030,1005465,9980905,D,03/14/1959 20:30:00,,,,1959,StormEvents_fatalities-ftp_v1.0_d1959_c20260323.csv.gz
195903,14,2035,1005466,9980907,D,03/14/1959 20:35:00,,,,1959,StormEvents_fatalities-ftp_v1.0_d1959_c20260323.csv.gz
195903,14,2115,1005467,9980910,D,03/14/1959 21:15:00,,,,1959,StormEvents_fatalities-ftp_v1.0_d1959_c20260323.csv.gz
195904,2,630,1005469,9984956,D,04/02/1959 06:30:00,,,,1959,StormEvents_fatalities-ftp_v1.0_d1959_c20260323.csv.gz
195905,30,1800,1005470,10069464,D,05/30/1959 18:00:00,,,,1959,StormEvents_fatalities-ftp_v1.0_d1959_c20260323.csv.gz
195906,11,1415,1005472,10050393,D,06/11/1959 14:15:00,,,,1959,StormEvents_fatalities-ftp_v1.0_d1959_c20260323.csv.gz
196004,16,1445,1005480,10018157,D,04/16/1960 14:45:00,,,,1960,StormEvents_fatalities-ftp_v1.0_d1960_c20260323.csv.gz
196005,5,1930,1005486,10093992,D,05/05/1960 19:30:00,,,,1960,StormEvents_fatalities-ftp_v1.0_d1960_c20260323.csv.gz
196005,5,2130,1005488,10094870,D,05/05/1960 21:30:00,,,,1960,StormEvents_fatalities-ftp_v1.0_d1960_c20260323.csv.gz
196005,19,1747,1005489,10026767,D,05/19/1960 17:47:00,,,,1960,StormEvents_fatalities-ftp_v1.0_d1960_c20260323.csv.gz
196005,6,100,1005490,9982040,D,05/06/1960 01:00:00,,,,1960,StormEvents_fatalities-ftp_v1.0_d1960_c20260323.csv.gz
196006,15,1830,1005491,10071695,D,06/15/1960 18:30:00,,,,1960,StormEvents_fatalities-ftp_v1.0_d1960_c20260323.csv.gz
196008,5,1630,1005493,10070642,D,08/05/1960 16:30:00,,,,1960,StormEvents_fatalities-ftp_v1.0_d1960_c20260323.csv.gz
196010,31,930,1005494,9986112,D,10/31/1960 09:30:00,,,,1960,StormEvents_fatalities-ftp_v1.0_d1960_c20260323.csv.gz
196103,12,1730,1005495,9981362,D,03/12/1961 17:30:00,,,,1961,StormEvents_fatalities-ftp_v1.0_d1961_c20260323.csv.gz
196103,12,1910,1005496,10061606,D,03/12/1961 19:10:00,,,,1961,StormEvents_fatalities-ftp_v1.0_d1961_c20260323.csv.gz
196103,6,630,1005498,10009307,D,03/06/1961 06:30:00,,,,1961,StormEvents_fatalities-ftp_v1.0_d1961_c20260323.csv.gz
196103,4,1704,1005499,10007400,D,03/04/1961 17:04:00,,,,1961,StormEvents_fatalities-ftp_v1.0_d1961_c20260323.csv.gz
196103,31,720,1005500,9995462,D,03/31/1961 07:20:00,,,,1961,StormEvents_fatalities-ftp_v1.0_d1961_c20260323.csv.gz
196104,12,1610,1005502,10118516,D,04/12/1961 16:10:00,,,,1961,StormEvents_fatalities-ftp_v1.0_d1961_c20260323.csv.gz
196104,23,1025,1005503,10015919,D,04/23/1961 10:25:00,,,,1961,StormEvents_fatalities-ftp_v1.0_d1961_c20260323.csv.gz
196105,5,2030,1005504,9981402,D,05/05/1961 20:30:00,,,,1961,StormEvents_fatalities-ftp_v1.0_d1961_c20260323.csv.gz
196105,4,1740,1005507,10092633,D,05/04/1961 17:40:00,,,,1961,StormEvents_fatalities-ftp_v1.0_d1961_c20260323.csv.gz
196106,21,1545,1005509,10111374,D,06/21/1961 15:45:00,,,,1961,StormEvents_fatalities-ftp_v1.0_d1961_c20260323.csv.gz
196106,9,1410,1005510,10034807,D,06/09/1961 14:10:00,,,,1961,StormEvents_fatalities-ftp_v1.0_d1961_c20260323.csv.gz
196109,24,1700,1005512,10008774,D,09/24/1961 17:00:00,,,,1961,StormEvents_fatalities-ftp_v1.0_d1961_c20260323.csv.gz
196109,10,1650,1005513,10032701,D,09/10/1961 16:50:00,,,,1961,StormEvents_fatalities-ftp_v1.0_d1961_c20260323.csv.gz
196111,22,830,1005515,10121218,D,11/22/1961 08:30:00,,,,1961,StormEvents_fatalities-ftp_v1.0_d1961_c20260323.csv.gz
196201,5,1610,1005516,9987249,D,01/05/1962 16:10:00,,,,1962,StormEvents_fatalities-ftp_v1.0_d1962_c20260323.csv.gz
196204,28,2130,1005518,10047098,D,04/28/1962 21:30:00,,,,1962,StormEvents_fatalities-ftp_v1.0_d1962_c20260323.csv.gz
196204,8,950,1005519,10152000,D,04/08/1962 09:50:00,,,,1962,StormEvents_fatalities-ftp_v1.0_d1962_c20260323.csv.gz
196205,24,1530,1005520,9986192,D,05/24/1962 15:30:00,,,,1962,StormEvents_fatalities-ftp_v1.0_d1962_c20260323.csv.gz
196205,25,1850,1005521,10119271,D,05/25/1962 18:50:00,,,,1962,StormEvents_fatalities-ftp_v1.0_d1962_c20260323.csv.gz
196205,22,2000,1005522,10013243,D,05/22/1962 20:00:00,,,,1962,StormEvents_fatalities-ftp_v1.0_d1962_c20260323.csv.gz
196205,8,1630,1005523,10152007,D,05/08/1962 16:30:00,,,,1962,StormEvents_fatalities-ftp_v1.0_d1962_c20260323.csv.gz
196301,20,1600,1005526,9994370,D,01/20/1963 16:00:00,,,,1963,StormEvents_fatalities-ftp_v1.0_d1963_c20260323.csv.gz
196303,11,1740,1005528,9976948,D,03/11/1963 17:40:00,,,,1963,StormEvents_fatalities-ftp_v1.0_d1963_c20260323.csv.gz
196303,11,2100,1005531,10126363,D,03/11/1963 21:00:00,,,,1963,StormEvents_fatalities-ftp_v1.0_d1963_c20260323.csv.gz
196304,29,1620,1005532,10063838,D,04/29/1963 16:20:00,,,,1963,StormEvents_fatalities-ftp_v1.0_d1963_c20260323.csv.gz
196304,28,1500,1005533,10072967,D,04/28/1963 15:00:00,,,,1963,StormEvents_fatalities-ftp_v1.0_d1963_c20260323.csv.gz
196304,17,1813,1005534,10039491,D,04/17/1963 18:13:00,,,,1963,StormEvents_fatalities-ftp_v1.0_d1963_c20260323.csv.gz
196304,22,1730,1005537,10008157,D,04/22/1963 17:30:00,,,,1963,StormEvents_fatalities-ftp_v1.0_d1963_c20260323.csv.gz
196304,17,1555,1005539,10008142,D,04/17/1963 15:55:00,,,,1963,StormEvents_fatalities-ftp_v1.0_d1963_c20260323.csv.gz
196305,26,1550,1005540,10096108,D,05/26/1963 15:50:00,,,,1963,StormEvents_fatalities-ftp_v1.0_d1963_c20260323.csv.gz
196403,4,520,1005545,9982572,D,03/04/1964 05:20:00,,,,1964,StormEvents_fatalities-ftp_v1.0_d1964_c20260323.csv.gz
196404,12,1820,1005547,10063922,D,04/12/1964 18:20:00,,,,1964,StormEvents_fatalities-ftp_v1.0_d1964_c20260323.csv.gz
196404,12,2100,1005548,10063927,D,04/12/1964 21:00:00,,,,1964,StormEvents_fatalities-ftp_v1.0_d1964_c20260323.csv.gz
196404,17,1330,1005550,10122449,D,04/17/1964 13:30:00,,,,1964,StormEvents_fatalities-ftp_v1.0_d1964_c20260323.csv.gz
196404,12,1645,1005551,10014406,D,04/12/1964 16:45:00,,,,1964,StormEvents_fatalities-ftp_v1.0_d1964_c20260323.csv.gz
196404,12,1600,1005552,10025204,D,04/12/1964 16:00:00,,,,1964,StormEvents_fatalities-ftp_v1.0_d1964_c20260323.csv.gz
196405,29,1303,1005557,10079510,D,05/29/1964 13:03:00,,,,1964,StormEvents_fatalities-ftp_v1.0_d1964_c20260323.csv.gz
196503,17,2050,1005561,10078009,D,03/17/1965 20:50:00,,,,1965,StormEvents_fatalities-ftp_v1.0_d1965_c20260323.csv.gz
196503,17,2130,1005562,10078012,D,03/17/1965 21:30:00,,,,1965,StormEvents_fatalities-ftp_v1.0_d1965_c20260323.csv.gz
196504,11,1805,1005568,10040660,D,04/11/1965 18:05:00,,,,1965,StormEvents_fatalities-ftp_v1.0_d1965_c20260323.csv.gz
196504,11,1915,1005573,10040669,D,04/11/1965 19:15:00,,,,1965,StormEvents_fatalities-ftp_v1.0_d1965_c20260323.csv.gz
196504,19,1550,1005574,10119392,D,04/19/1965 15:50:00,,,,1965,StormEvents_fatalities-ftp_v1.0_d1965_c20260323.csv.gz
196504,11,2220,1005582,10083988,D,04/11/1965 22:20:00,,,,1965,StormEvents_fatalities-ftp_v1.0_d1965_c20260323.csv.gz
196504,11,1255,1005584,10013619,D,04/11/1965 12:55:00,,,,1965,StormEvents_fatalities-ftp_v1.0_d1965_c20260323.csv.gz
196504,11,1915,1005597,10005025,D,04/11/1965 19:15:00,,,,1965,StormEvents_fatalities-ftp_v1.0_d1965_c20260323.csv.gz
196504,11,1945,1005599,10005027,D,04/11/1965 19:45:00,,,,1965,StormEvents_fatalities-ftp_v1.0_d1965_c20260323.csv.gz
196504,15,1613,1005600,10126185,D,04/15/1965 16:13:00,,,,1965,StormEvents_fatalities-ftp_v1.0_d1965_c20260323.csv.gz
196505,6,1843,1005606,10054431,D,05/06/1965 18:43:00,,,,1965,StormEvents_fatalities-ftp_v1.0_d1965_c20260323.csv.gz
196506,7,1645,1005609,10111161,D,06/07/1965 16:45:00,,,,1965,StormEvents_fatalities-ftp_v1.0_d1965_c20260323.csv.gz
196506,4,2100,1005611,10135683,D,06/04/1965 21:00:00,,,,1965,StormEvents_fatalities-ftp_v1.0_d1965_c20260323.csv.gz
196506,7,1705,1005612,10111167,D,06/07/1965 17:05:00,,,,1965,StormEvents_fatalities-ftp_v1.0_d1965_c20260323.csv.gz
196508,26,1902,1005613,10015301,D,08/26/1965 19:02:00,,,,1965,StormEvents_fatalities-ftp_v1.0_d1965_c20260323.csv.gz
196510,7,1215,1005614,10078036,D,10/07/1965 12:15:00,,,,1965,StormEvents_fatalities-ftp_v1.0_d1965_c20260323.csv.gz
196511,26,2300,1005615,10035987,D,11/26/1965 23:00:00,,,,1965,StormEvents_fatalities-ftp_v1.0_d1965_c20260323.csv.gz
196603,3,2000,1005618,9979243,D,03/03/1966 20:00:00,,,,1966,StormEvents_fatalities-ftp_v1.0_d1966_c20260323.csv.gz
196604,26,1300,1005622,10050470,D,04/26/1966 13:00:00,,,,1966,StormEvents_fatalities-ftp_v1.0_d1966_c20260323.csv.gz
196606,24,1600,1005623,10083729,D,06/24/1966 16:00:00,,,,1966,StormEvents_fatalities-ftp_v1.0_d1966_c20260323.csv.gz
196606,8,2000,1005625,10026041,D,06/08/1966 20:00:00,,,,1966,StormEvents_fatalities-ftp_v1.0_d1966_c20260323.csv.gz
196606,9,520,1005626,10008859,D,06/09/1966 05:20:00,,,,1966,StormEvents_fatalities-ftp_v1.0_d1966_c20260323.csv.gz
196607,31,2000,1005627,10112543,D,07/31/1966 20:00:00,,,,1966,StormEvents_fatalities-ftp_v1.0_d1966_c20260323.csv.gz
196701,24,1730,1005632,10009970,D,01/24/1967 17:30:00,,,,1967,StormEvents_fatalities-ftp_v1.0_d1967_c20260323.csv.gz
196701,24,1615,1005633,10012003,D,01/24/1967 16:15:00,,,,1967,StormEvents_fatalities-ftp_v1.0_d1967_c20260323.csv.gz
196703,12,530,1005635,10123076,D,03/12/1967 05:30:00,,,,1967,StormEvents_fatalities-ftp_v1.0_d1967_c20260323.csv.gz
196704,21,1710,1005641,10010012,D,04/21/1967 17:10:00,,,,1967,StormEvents_fatalities-ftp_v1.0_d1967_c20260323.csv.gz
196705,6,1845,1005643,9976147,D,05/06/1967 18:45:00,,,,1967,StormEvents_fatalities-ftp_v1.0_d1967_c20260323.csv.gz
196705,19,1815,1005644,10041183,D,05/19/1967 18:15:00,,,,1967,StormEvents_fatalities-ftp_v1.0_d1967_c20260323.csv.gz
196705,31,1200,1005645,10123974,D,05/31/1967 12:00:00,,,,1967,StormEvents_fatalities-ftp_v1.0_d1967_c20260323.csv.gz
196706,23,2030,1005647,10028301,D,06/23/1967 20:30:00,,,,1967,StormEvents_fatalities-ftp_v1.0_d1967_c20260323.csv.gz
196706,9,1750,1005648,10028244,D,06/09/1967 17:50:00,,,,1967,StormEvents_fatalities-ftp_v1.0_d1967_c20260323.csv.gz
196707,22,1910,1005649,10053368,D,07/22/1967 19:10:00,,,,1967,StormEvents_fatalities-ftp_v1.0_d1967_c20260323.csv.gz
196709,20,920,1005652,10135805,D,09/20/1967 09:20:00,,,,1967,StormEvents_fatalities-ftp_v1.0_d1967_c20260323.csv.gz
196712,10,215,1005655,9985327,D,12/10/1967 02:15:00,,,,1967,StormEvents_fatalities-ftp_v1.0_d1967_c20260323.csv.gz
196712,10,820,1005656,9985335,D,12/10/1967 08:20:00,,,,1967,StormEvents_fatalities-ftp_v1.0_d1967_c20260323.csv.gz
196712,21,1605,1005659,10048558,D,12/21/1967 16:05:00,,,,1967,StormEvents_fatalities-ftp_v1.0_d1967_c20260323.csv.gz
196804,4,1,1005660,10034931,D,04/04/1968 00:01:00,,,,1968,StormEvents_fatalities-ftp_v1.0_d1968_c20260323.csv.gz
196804,3,1944,1005662,9982108,D,04/03/1968 19:44:00,,,,1968,StormEvents_fatalities-ftp_v1.0_d1968_c20260323.csv.gz
196804,23,1256,1005665,10083172,D,04/23/1968 12:56:00,,,,1968,StormEvents_fatalities-ftp_v1.0_d1968_c20260323.csv.gz
196804,23,1320,1005666,10083175,D,04/23/1968 13:20:00,,,,1968,StormEvents_fatalities-ftp_v1.0_d1968_c20260323.csv.gz
196804,3,2350,1005669,10034929,D,04/03/1968 23:50:00,,,,1968,StormEvents_fatalities-ftp_v1.0_d1968_c20260323.csv.gz
196804,23,1300,1005670,10033531,D,04/23/1968 13:00:00,,,,1968,StormEvents_fatalities-ftp_v1.0_d1968_c20260323.csv.gz
196805,15,2045,1005673,9983234,D,05/15/1968 20:45:00,,,,1968,StormEvents_fatalities-ftp_v1.0_d1968_c20260323.csv.gz
196805,16,2,1005676,10006558,D,05/16/1968 00:02:00,,,,1968,StormEvents_fatalities-ftp_v1.0_d1968_c20260323.csv.gz
196806,10,1530,1005680,10053432,D,06/10/1968 15:30:00,,,,1968,StormEvents_fatalities-ftp_v1.0_d1968_c20260323.csv.gz
196806,11,1405,1005682,10040731,D,06/11/1968 14:05:00,,,,1968,StormEvents_fatalities-ftp_v1.0_d1968_c20260323.csv.gz
196811,17,1245,1005685,9978436,D,11/17/1968 12:45:00,,,,1968,StormEvents_fatalities-ftp_v1.0_d1968_c20260323.csv.gz
196812,27,1900,1005687,10049712,D,12/27/1968 19:00:00,,,,1968,StormEvents_fatalities-ftp_v1.0_d1968_c20260323.csv.gz
196903,24,2020,1005691,10154244,D,03/24/1969 20:20:00,,,,1969,StormEvents_fatalities-ftp_v1.0_d1969_c20260323.csv.gz
196905,8,1835,1005693,10084349,D,05/08/1969 18:35:00,,,,1969,StormEvents_fatalities-ftp_v1.0_d1969_c20260323.csv.gz
196906,22,100,1005695,10066714,D,06/22/1969 01:00:00,,,,1969,StormEvents_fatalities-ftp_v1.0_d1969_c20260323.csv.gz
196908,6,1650,1005699,10055659,D,08/06/1969 16:50:00,,,,1969,StormEvents_fatalities-ftp_v1.0_d1969_c20260323.csv.gz
196912,25,430,1005702,10029780,D,12/25/1969 04:30:00,,,,1969,StormEvents_fatalities-ftp_v1.0_d1969_c20260323.csv.gz
197004,17,2310,1005711,10133829,D,04/17/1970 23:10:00,,,,1970,StormEvents_fatalities-ftp_v1.0_d1970_c20260323.csv.gz
197004,25,615,1005712,10134949,D,04/25/1970 06:15:00,,,,1970,StormEvents_fatalities-ftp_v1.0_d1970_c20260323.csv.gz
197006,11,2045,1005714,9981033,D,06/11/1970 20:45:00,,,,1970,StormEvents_fatalities-ftp_v1.0_d1970_c20260323.csv.gz
197006,18,1500,1005715,10077195,D,06/18/1970 15:00:00,,,,1970,StormEvents_fatalities-ftp_v1.0_d1970_c20260323.csv.gz
197006,11,1900,1005716,10092223,D,06/11/1970 19:00:00,,,,1970,StormEvents_fatalities-ftp_v1.0_d1970_c20260323.csv.gz
197006,11,2000,1005717,10092227,D,06/11/1970 20:00:00,,,,1970,StormEvents_fatalities-ftp_v1.0_d1970_c20260323.csv.gz
197006,18,1715,1005718,10117868,D,06/18/1970 17:15:00,,,,1970,StormEvents_fatalities-ftp_v1.0_d1970_c20260323.csv.gz
197006,24,1650,1005719,10132706,D,06/24/1970 16:50:00,,,,1970,StormEvents_fatalities-ftp_v1.0_d1970_c20260323.csv.gz
197007,14,1430,1005720,10116668,D,07/14/1970 14:30:00,,,,1970,StormEvents_fatalities-ftp_v1.0_d1970_c20260323.csv.gz
197007,22,1400,1005721,9996439,D,07/22/1970 14:00:00,,,,1970,StormEvents_fatalities-ftp_v1.0_d1970_c20260323.csv.gz
197007,4,1800,1005722,10132716,D,07/04/1970 18:00:00,,,,1970,StormEvents_fatalities-ftp_v1.0_d1970_c20260323.csv.gz
197010,3,1645,1005723,10040166,D,10/03/1970 16:45:00,,,,1970,StormEvents_fatalities-ftp_v1.0_d1970_c20260323.csv.gz
197010,11,2200,1005725,10030888,D,10/11/1970 22:00:00,,,,1970,StormEvents_fatalities-ftp_v1.0_d1970_c20260323.csv.gz
197004,27,1445,1005706,10124473,D,04/27/1970 14:45:00,,,,1970,StormEvents_fatalities-ftp_v1.0_d1970_c20260323.csv.gz
197004,17,2230,1005709,10133822,D,04/17/1970 22:30:00,,,,1970,StormEvents_fatalities-ftp_v1.0_d1970_c20260323.csv.gz
197101,15,1130,1005726,9996462,D,01/15/1971 11:30:00,,,,1971,StormEvents_fatalities-ftp_v1.0_d1971_c20260323.csv.gz
197102,4,2015,1005727,9976288,D,02/04/1971 20:15:00,,,,1971,StormEvents_fatalities-ftp_v1.0_d1971_c20260323.csv.gz
197103,10,200,1005741,10030912,D,03/10/1971 02:00:00,,,,1971,StormEvents_fatalities-ftp_v1.0_d1971_c20260323.csv.gz
197103,12,1830,1005742,10135015,D,03/12/1971 18:30:00,,,,1971,StormEvents_fatalities-ftp_v1.0_d1971_c20260323.csv.gz
197104,27,1925,1005743,10036053,D,04/27/1971 19:25:00,,,,1971,StormEvents_fatalities-ftp_v1.0_d1971_c20260323.csv.gz
197104,27,1543,1005746,10011200,D,04/27/1971 15:43:00,,,,1971,StormEvents_fatalities-ftp_v1.0_d1971_c20260323.csv.gz
197104,23,1730,1005747,9997572,D,04/23/1971 17:30:00,,,,1971,StormEvents_fatalities-ftp_v1.0_d1971_c20260323.csv.gz
197105,9,2013,1005748,10048688,D,05/09/1971 20:13:00,,,,1971,StormEvents_fatalities-ftp_v1.0_d1971_c20260323.csv.gz
197105,5,1755,1005749,10059255,D,05/05/1971 17:55:00,,,,1971,StormEvents_fatalities-ftp_v1.0_d1971_c20260323.csv.gz
197105,6,1100,1005751,10006493,D,05/06/1971 11:00:00,,,,1971,StormEvents_fatalities-ftp_v1.0_d1971_c20260323.csv.gz
197105,23,1745,1005752,10135116,D,05/23/1971 17:45:00,,,,1971,StormEvents_fatalities-ftp_v1.0_d1971_c20260323.csv.gz
197106,24,1800,1005753,10013526,D,06/24/1971 18:00:00,,,,1971,StormEvents_fatalities-ftp_v1.0_d1971_c20260323.csv.gz
197107,18,1630,1005754,10148953,D,07/18/1971 16:30:00,,,,1971,StormEvents_fatalities-ftp_v1.0_d1971_c20260323.csv.gz
197112,14,2315,1005755,10055935,D,12/14/1971 23:15:00,,,,1971,StormEvents_fatalities-ftp_v1.0_d1971_c20260323.csv.gz
197112,15,235,1005756,10055945,D,12/15/1971 02:35:00,,,,1971,StormEvents_fatalities-ftp_v1.0_d1971_c20260323.csv.gz
197201,10,1025,1005758,9994558,D,01/10/1972 10:25:00,,,,1972,StormEvents_fatalities-ftp_v1.0_d1972_c20260323.csv.gz
197204,6,1845,1005760,10010123,D,04/06/1972 18:45:00,,,,1972,StormEvents_fatalities-ftp_v1.0_d1972_c20260323.csv.gz
197204,6,2010,1005761,10010128,D,04/06/1972 20:10:00,,,,1972,StormEvents_fatalities-ftp_v1.0_d1972_c20260323.csv.gz
197206,20,1830,1005764,10087041,D,06/20/1972 18:30:00,,,,1972,StormEvents_fatalities-ftp_v1.0_d1972_c20260323.csv.gz
197206,25,1510,1005765,9998280,D,06/25/1972 15:10:00,,,,1972,StormEvents_fatalities-ftp_v1.0_d1972_c20260323.csv.gz
197208,7,900,1005766,10073897,D,08/07/1972 09:00:00,,,,1972,StormEvents_fatalities-ftp_v1.0_d1972_c20260323.csv.gz
197208,9,1330,1005767,10039850,D,08/09/1972 13:30:00,,,,1972,StormEvents_fatalities-ftp_v1.0_d1972_c20260323.csv.gz
197206,6,1514,990000001,990000002,D,6/18/1972 15:13,30,F,Mobile/Trailer Home,1972,StormEvents_fatalities-ftp_v1.0_d1972_c20260323.csv.gz
197206,6,2256,990000002,990000003,D,6/18/1972 22:55,16,M,Mobile/Trailer Home,1972,StormEvents_fatalities-ftp_v1.0_d1972_c20260323.csv.gz
197206,6,2256,990000003,990000003,D,6/18/1972 22:55,60,F,Mobile/Trailer Home,1972,StormEvents_fatalities-ftp_v1.0_d1972_c20260323.csv.gz
197206,6,2256,990000004,990000003,D,6/18/1972 22:55,49,M,Mobile/Trailer Home,1972,StormEvents_fatalities-ftp_v1.0_d1972_c20260323.csv.gz
197206,6,2256,990000005,990000003,D,6/18/1972 22:55,66,M,Mobile/Trailer Home,1972,StormEvents_fatalities-ftp_v1.0_d1972_c20260323.csv.gz
197206,6,2256,990000006,990000003,D,6/18/1972 22:55,59,F,Mobile/Trailer Home,1972,StormEvents_fatalities-ftp_v1.0_d1972_c20260323.csv.gz
197206,6,2256,990000007,990000003,D,6/18/1972 22:55,,,Mobile/Trailer Home,1972,StormEvents_fatalities-ftp_v1.0_d1972_c20260323.csv.gz
197301,18,1415,1005769,10029829,D,01/18/1973 14:15:00,,,,1973,StormEvents_fatalities-ftp_v1.0_d1973_c20260323.csv.gz
197303,31,1715,1005771,9996767,D,03/31/1973 17:15:00,,,,1973,StormEvents_fatalities-ftp_v1.0_d1973_c20260323.csv.gz
197303,31,1815,1005772,9996769,D,03/31/1973 18:15:00,,,,1973,StormEvents_fatalities-ftp_v1.0_d1973_c20260323.csv.gz
197303,10,140,1005773,10136387,D,03/10/1973 01:40:00,,,,1973,StormEvents_fatalities-ftp_v1.0_d1973_c20260323.csv.gz
197303,15,200,1005775,10126471,D,03/15/1973 02:00:00,,,,1973,StormEvents_fatalities-ftp_v1.0_d1973_c20260323.csv.gz
197304,20,1015,1005776,9984492,D,04/20/1973 10:15:00,,,,1973,StormEvents_fatalities-ftp_v1.0_d1973_c20260323.csv.gz
197304,20,1730,1005777,10058166,D,04/20/1973 17:30:00,,,,1973,StormEvents_fatalities-ftp_v1.0_d1973_c20260323.csv.gz
197304,27,315,1005778,10089183,D,04/27/1973 03:15:00,,,,1973,StormEvents_fatalities-ftp_v1.0_d1973_c20260323.csv.gz
197305,27,1750,1005781,9977074,D,05/27/1973 17:50:00,,,,1973,StormEvents_fatalities-ftp_v1.0_d1973_c20260323.csv.gz
197305,27,1900,1005783,9977080,D,05/27/1973 19:00:00,,,,1973,StormEvents_fatalities-ftp_v1.0_d1973_c20260323.csv.gz
197305,27,1720,1005784,9977072,D,05/27/1973 17:20:00,,,,1973,StormEvents_fatalities-ftp_v1.0_d1973_c20260323.csv.gz
197305,27,1315,1005788,10048176,D,05/27/1973 13:15:00,,,,1973,StormEvents_fatalities-ftp_v1.0_d1973_c20260323.csv.gz
197305,9,1337,1005789,10054625,D,05/09/1973 13:37:00,,,,1973,StormEvents_fatalities-ftp_v1.0_d1973_c20260323.csv.gz
197305,10,1540,1005790,10087068,D,05/10/1973 15:40:00,,,,1973,StormEvents_fatalities-ftp_v1.0_d1973_c20260323.csv.gz
197305,26,1200,1005795,9999440,D,05/26/1973 12:00:00,,,,1973,StormEvents_fatalities-ftp_v1.0_d1973_c20260323.csv.gz
197305,28,1520,1005796,9996810,D,05/28/1973 15:20:00,,,,1973,StormEvents_fatalities-ftp_v1.0_d1973_c20260323.csv.gz
197306,24,1845,1005797,10112157,D,06/24/1973 18:45:00,,,,1973,StormEvents_fatalities-ftp_v1.0_d1973_c20260323.csv.gz
197307,1,1715,1005799,10112165,D,07/01/1973 17:15:00,,,,1973,StormEvents_fatalities-ftp_v1.0_d1973_c20260323.csv.gz
197309,25,1630,1005801,10020266,D,09/25/1973 16:30:00,,,,1973,StormEvents_fatalities-ftp_v1.0_d1973_c20260323.csv.gz
197311,24,2000,1005803,9980014,D,11/24/1973 20:00:00,,,,1973,StormEvents_fatalities-ftp_v1.0_d1973_c20260323.csv.gz
197311,27,1245,1005804,10053886,D,11/27/1973 12:45:00,,,,1973,StormEvents_fatalities-ftp_v1.0_d1973_c20260323.csv.gz
197312,13,1503,1005810,10114448,D,12/13/1973 15:03:00,,,,1973,StormEvents_fatalities-ftp_v1.0_d1973_c20260323.csv.gz
197404,3,1625,1005832,10124280,D,04/03/1974 16:25:00,,,,1974,StormEvents_fatalities-ftp_v1.0_d1974_c20260323.csv.gz
197404,3,1830,1005833,10124291,D,04/03/1974 18:30:00,,,,1974,StormEvents_fatalities-ftp_v1.0_d1974_c20260323.csv.gz
197404,3,2015,1005839,10124311,D,04/03/1974 20:15:00,,,,1974,StormEvents_fatalities-ftp_v1.0_d1974_c20260323.csv.gz
197404,1,1910,1005843,10124040,D,04/01/1974 19:10:00,,,,1974,StormEvents_fatalities-ftp_v1.0_d1974_c20260323.csv.gz
197404,3,1305,1005844,10124050,D,04/03/1974 13:05:00,,,,1974,StormEvents_fatalities-ftp_v1.0_d1974_c20260323.csv.gz
197404,3,1430,1005845,10124053,D,04/03/1974 14:30:00,,,,1974,StormEvents_fatalities-ftp_v1.0_d1974_c20260323.csv.gz
197404,3,1448,1005846,10009052,D,04/03/1974 14:48:00,,,,1974,StormEvents_fatalities-ftp_v1.0_d1974_c20260323.csv.gz
197404,3,1335,1005848,10017143,D,04/03/1974 13:35:00,,,,1974,StormEvents_fatalities-ftp_v1.0_d1974_c20260323.csv.gz
197404,3,1350,1005849,10017146,D,04/03/1974 13:50:00,,,,1974,StormEvents_fatalities-ftp_v1.0_d1974_c20260323.csv.gz
197404,3,1400,1005851,10017150,D,04/03/1974 14:00:00,,,,1974,StormEvents_fatalities-ftp_v1.0_d1974_c20260323.csv.gz
197404,3,1410,1005853,10017157,D,04/03/1974 14:10:00,,,,1974,StormEvents_fatalities-ftp_v1.0_d1974_c20260323.csv.gz
197404,3,1425,1005854,10017161,D,04/03/1974 14:25:00,,,,1974,StormEvents_fatalities-ftp_v1.0_d1974_c20260323.csv.gz
197404,3,1450,1005857,10017169,D,04/03/1974 14:50:00,,,,1974,StormEvents_fatalities-ftp_v1.0_d1974_c20260323.csv.gz
197404,3,1545,1005860,10032300,D,04/03/1974 15:45:00,,,,1974,StormEvents_fatalities-ftp_v1.0_d1974_c20260323.csv.gz
197404,3,1555,1005863,10032304,D,04/03/1974 15:55:00,,,,1974,StormEvents_fatalities-ftp_v1.0_d1974_c20260323.csv.gz
197404,3,1705,1005866,10017186,D,04/03/1974 17:05:00,,,,1974,StormEvents_fatalities-ftp_v1.0_d1974_c20260323.csv.gz
197404,3,1745,1005867,10017191,D,04/03/1974 17:45:00,,,,1974,StormEvents_fatalities-ftp_v1.0_d1974_c20260323.csv.gz
197404,3,1745,1005869,10032319,D,04/03/1974 17:45:00,,,,1974,StormEvents_fatalities-ftp_v1.0_d1974_c20260323.csv.gz
197404,3,1920,1005873,10032338,D,04/03/1974 19:20:00,,,,1974,StormEvents_fatalities-ftp_v1.0_d1974_c20260323.csv.gz
197404,3,1330,1005875,10008462,D,04/03/1974 13:30:00,,,,1974,StormEvents_fatalities-ftp_v1.0_d1974_c20260323.csv.gz
197404,3,1710,1005879,9993541,D,04/03/1974 17:10:00,,,,1974,StormEvents_fatalities-ftp_v1.0_d1974_c20260323.csv.gz
197404,3,1805,1005880,9993547,D,04/03/1974 18:05:00,,,,1974,StormEvents_fatalities-ftp_v1.0_d1974_c20260323.csv.gz
197404,3,1830,1005881,9993548,D,04/03/1974 18:30:00,,,,1974,StormEvents_fatalities-ftp_v1.0_d1974_c20260323.csv.gz
197404,8,1715,1005883,9993568,D,04/08/1974 17:15:00,,,,1974,StormEvents_fatalities-ftp_v1.0_d1974_c20260323.csv.gz
197404,1,1820,1005884,10031211,D,04/01/1974 18:20:00,,,,1974,StormEvents_fatalities-ftp_v1.0_d1974_c20260323.csv.gz
197404,21,1555,1005886,10147958,D,04/21/1974 15:55:00,,,,1974,StormEvents_fatalities-ftp_v1.0_d1974_c20260323.csv.gz
197404,21,1605,1005887,10147959,D,04/21/1974 16:05:00,,,,1974,StormEvents_fatalities-ftp_v1.0_d1974_c20260323.csv.gz
197404,4,230,1005888,10145540,D,04/04/1974 02:30:00,,,,1974,StormEvents_fatalities-ftp_v1.0_d1974_c20260323.csv.gz
197404,4,300,1005889,10149898,D,04/04/1974 03:00:00,,,,1974,StormEvents_fatalities-ftp_v1.0_d1974_c20260323.csv.gz
197405,11,1531,1005892,10038618,D,05/11/1974 15:31:00,,,,1974,StormEvents_fatalities-ftp_v1.0_d1974_c20260323.csv.gz
197405,12,430,1005895,9994580,D,05/12/1974 04:30:00,,,,1974,StormEvents_fatalities-ftp_v1.0_d1974_c20260323.csv.gz
197406,23,1645,1005896,9981103,D,06/23/1974 16:45:00,,,,1974,StormEvents_fatalities-ftp_v1.0_d1974_c20260323.csv.gz
197406,7,1130,1005899,10125424,D,06/07/1974 11:30:00,,,,1974,StormEvents_fatalities-ftp_v1.0_d1974_c20260323.csv.gz
197406,20,1645,1005903,10013412,D,06/20/1974 16:45:00,,,,1974,StormEvents_fatalities-ftp_v1.0_d1974_c20260323.csv.gz
197406,8,1640,1005904,10092950,D,06/08/1974 16:40:00,,,,1974,StormEvents_fatalities-ftp_v1.0_d1974_c20260323.csv.gz
197410,10,1500,1005905,10081865,D,10/10/1974 15:00:00,,,,1974,StormEvents_fatalities-ftp_v1.0_d1974_c20260323.csv.gz
197410,28,1640,1005907,10132080,D,10/28/1974 16:40:00,,,,1974,StormEvents_fatalities-ftp_v1.0_d1974_c20260323.csv.gz
197410,28,1700,1005908,10132082,D,10/28/1974 17:00:00,,,,1974,StormEvents_fatalities-ftp_v1.0_d1974_c20260323.csv.gz
197403,20,2000,1005813,10030417,D,03/20/1974 20:00:00,,,,1974,StormEvents_fatalities-ftp_v1.0_d1974_c20260323.csv.gz
197404,3,1920,1005818,9976070,D,04/03/1974 19:20:00,,,,1974,StormEvents_fatalities-ftp_v1.0_d1974_c20260323.csv.gz
197404,1,2140,1005821,9979395,D,04/01/1974 21:40:00,,,,1974,StormEvents_fatalities-ftp_v1.0_d1974_c20260323.csv.gz
197404,3,1800,1005827,10087005,D,04/03/1974 18:00:00,,,,1974,StormEvents_fatalities-ftp_v1.0_d1974_c20260323.csv.gz
197404,2,153,1005828,10089840,D,04/02/1974 01:53:00,,,,1974,StormEvents_fatalities-ftp_v1.0_d1974_c20260323.csv.gz
197401,30,1,1005811,10000547,D,01/30/1974 00:01:00,,,,1974,StormEvents_fatalities-ftp_v1.0_d1974_c20260323.csv.gz
197401,26,1700,1005812,9978238,D,01/26/1974 17:00:00,,,,1974,StormEvents_fatalities-ftp_v1.0_d1974_c20260323.csv.gz
197501,10,1614,1005909,9977220,D,01/10/1975 16:14:00,,,,1975,StormEvents_fatalities-ftp_v1.0_d1975_c20260323.csv.gz
197501,12,1020,1005912,9999231,D,01/12/1975 10:20:00,,,,1975,StormEvents_fatalities-ftp_v1.0_d1975_c20260323.csv.gz
197501,10,735,1005913,10029598,D,01/10/1975 07:35:00,,,,1975,StormEvents_fatalities-ftp_v1.0_d1975_c20260323.csv.gz
197502,23,1345,1005914,9977239,D,02/23/1975 13:45:00,,,,1975,StormEvents_fatalities-ftp_v1.0_d1975_c20260323.csv.gz
197502,22,1610,1005915,9980544,D,02/22/1975 16:10:00,,,,1975,StormEvents_fatalities-ftp_v1.0_d1975_c20260323.csv.gz
197502,22,100,1005917,10098736,D,02/22/1975 01:00:00,,,,1975,StormEvents_fatalities-ftp_v1.0_d1975_c20260323.csv.gz
197504,23,1440,1005923,10058048,D,04/23/1975 14:40:00,,,,1975,StormEvents_fatalities-ftp_v1.0_d1975_c20260323.csv.gz
197504,23,1640,1005924,10058054,D,04/23/1975 16:40:00,,,,1975,StormEvents_fatalities-ftp_v1.0_d1975_c20260323.csv.gz
197504,24,1530,1005925,10124374,D,04/24/1975 15:30:00,,,,1975,StormEvents_fatalities-ftp_v1.0_d1975_c20260323.csv.gz
197504,25,100,1005926,10124375,D,04/25/1975 01:00:00,,,,1975,StormEvents_fatalities-ftp_v1.0_d1975_c20260323.csv.gz
197504,18,2230,1005927,10124363,D,04/18/1975 22:30:00,,,,1975,StormEvents_fatalities-ftp_v1.0_d1975_c20260323.csv.gz
197506,18,2015,1005932,10069253,D,06/18/1975 20:15:00,,,,1975,StormEvents_fatalities-ftp_v1.0_d1975_c20260323.csv.gz
197506,17,1310,1005933,10042025,D,06/17/1975 13:10:00,,,,1975,StormEvents_fatalities-ftp_v1.0_d1975_c20260323.csv.gz
197506,29,1920,1005934,10086911,D,06/29/1975 19:20:00,,,,1975,StormEvents_fatalities-ftp_v1.0_d1975_c20260323.csv.gz
197512,31,1030,1005938,10001746,D,12/31/1975 10:30:00,,,,1975,StormEvents_fatalities-ftp_v1.0_d1975_c20260323.csv.gz
197602,18,730,1005940,10050793,D,02/18/1976 07:30:00,,,,1976,StormEvents_fatalities-ftp_v1.0_d1976_c20260323.csv.gz
197602,21,215,1005941,10057267,D,02/21/1976 02:15:00,,,,1976,StormEvents_fatalities-ftp_v1.0_d1976_c20260323.csv.gz
197603,29,1525,1005943,9982292,D,03/29/1976 15:25:00,,,,1976,StormEvents_fatalities-ftp_v1.0_d1976_c20260323.csv.gz
197603,20,2020,1005944,10048851,D,03/20/1976 20:20:00,,,,1976,StormEvents_fatalities-ftp_v1.0_d1976_c20260323.csv.gz
197603,30,1340,1005945,10038677,D,03/30/1976 13:40:00,,,,1976,StormEvents_fatalities-ftp_v1.0_d1976_c20260323.csv.gz
197603,26,1610,1005947,10058383,D,03/26/1976 16:10:00,,,,1976,StormEvents_fatalities-ftp_v1.0_d1976_c20260323.csv.gz
197603,20,1815,1005948,10038667,D,03/20/1976 18:15:00,,,,1976,StormEvents_fatalities-ftp_v1.0_d1976_c20260323.csv.gz
197603,20,1840,1005949,10038668,D,03/20/1976 18:40:00,,,,1976,StormEvents_fatalities-ftp_v1.0_d1976_c20260323.csv.gz
197603,26,1500,1005950,10093327,D,03/26/1976 15:00:00,,,,1976,StormEvents_fatalities-ftp_v1.0_d1976_c20260323.csv.gz
197603,12,1450,1005952,10019406,D,03/12/1976 14:50:00,,,,1976,StormEvents_fatalities-ftp_v1.0_d1976_c20260323.csv.gz
197603,12,1550,1005953,10019416,D,03/12/1976 15:50:00,,,,1976,StormEvents_fatalities-ftp_v1.0_d1976_c20260323.csv.gz
197604,20,2011,1005955,10033022,D,04/20/1976 20:11:00,,,,1976,StormEvents_fatalities-ftp_v1.0_d1976_c20260323.csv.gz
197605,15,130,1005956,10111575,D,05/15/1976 01:30:00,,,,1976,StormEvents_fatalities-ftp_v1.0_d1976_c20260323.csv.gz
197606,14,2010,1005960,10051440,D,06/14/1976 20:10:00,,,,1976,StormEvents_fatalities-ftp_v1.0_d1976_c20260323.csv.gz
197607,11,1445,1005962,10117741,D,07/11/1976 14:45:00,,,,1976,StormEvents_fatalities-ftp_v1.0_d1976_c20260323.csv.gz
197607,11,1300,1005963,10116890,D,07/11/1976 13:00:00,,,,1976,StormEvents_fatalities-ftp_v1.0_d1976_c20260323.csv.gz
197608,12,1650,1005964,10001786,D,08/12/1976 16:50:00,,,,1976,StormEvents_fatalities-ftp_v1.0_d1976_c20260323.csv.gz
197609,26,1830,1005965,10033916,D,09/26/1976 18:30:00,,,,1976,StormEvents_fatalities-ftp_v1.0_d1976_c20260323.csv.gz
197609,26,1623,1005966,10016129,D,09/26/1976 16:23:00,,,,1976,StormEvents_fatalities-ftp_v1.0_d1976_c20260323.csv.gz
197609,26,1655,1005967,10016130,D,09/26/1976 16:55:00,,,,1976,StormEvents_fatalities-ftp_v1.0_d1976_c20260323.csv.gz
197704,4,1430,1005969,9976472,D,04/04/1977 14:30:00,,,,1977,StormEvents_fatalities-ftp_v1.0_d1977_c20260323.csv.gz
197704,2,1406,1005971,10039827,D,04/02/1977 14:06:00,,,,1977,StormEvents_fatalities-ftp_v1.0_d1977_c20260323.csv.gz
197704,4,1515,1005972,9995222,D,04/04/1977 15:15:00,,,,1977,StormEvents_fatalities-ftp_v1.0_d1977_c20260323.csv.gz
197704,21,515,1005973,10033398,D,04/21/1977 05:15:00,,,,1977,StormEvents_fatalities-ftp_v1.0_d1977_c20260323.csv.gz
197705,4,1315,1005975,10059541,D,05/04/1977 13:15:00,,,,1977,StormEvents_fatalities-ftp_v1.0_d1977_c20260323.csv.gz
197705,15,1838,1005976,10093664,D,05/15/1977 18:38:00,,,,1977,StormEvents_fatalities-ftp_v1.0_d1977_c20260323.csv.gz
197707,30,1900,1005977,10148028,D,07/30/1977 19:00:00,,,,1977,StormEvents_fatalities-ftp_v1.0_d1977_c20260323.csv.gz
197709,14,1647,1005979,9984353,D,09/14/1977 16:47:00,,,,1977,StormEvents_fatalities-ftp_v1.0_d1977_c20260323.csv.gz
197710,1,700,1005980,10018345,D,10/01/1977 07:00:00,,,,1977,StormEvents_fatalities-ftp_v1.0_d1977_c20260323.csv.gz
197712,5,1230,1005981,9998526,D,12/05/1977 12:30:00,,,,1977,StormEvents_fatalities-ftp_v1.0_d1977_c20260323.csv.gz
197712,13,805,1005982,10129733,D,12/13/1977 08:05:00,,,,1977,StormEvents_fatalities-ftp_v1.0_d1977_c20260323.csv.gz
197801,7,1605,1005983,9980108,D,01/07/1978 16:05:00,,,,1978,StormEvents_fatalities-ftp_v1.0_d1978_c20260323.csv.gz
197801,26,110,1005984,10152145,D,01/26/1978 01:10:00,,,,1978,StormEvents_fatalities-ftp_v1.0_d1978_c20260323.csv.gz
197805,26,2219,1005988,10128722,D,05/26/1978 22:19:00,,,,1978,StormEvents_fatalities-ftp_v1.0_d1978_c20260323.csv.gz
197806,25,1210,1005990,10003284,D,06/25/1978 12:10:00,,,,1978,StormEvents_fatalities-ftp_v1.0_d1978_c20260323.csv.gz
197807,31,1130,1005992,10088807,D,07/31/1978 11:30:00,,,,1978,StormEvents_fatalities-ftp_v1.0_d1978_c20260323.csv.gz
197807,23,1505,1005993,10118045,D,07/23/1978 15:05:00,,,,1978,StormEvents_fatalities-ftp_v1.0_d1978_c20260323.csv.gz
197807,5,205,1005995,10053687,D,07/05/1978 02:05:00,,,,1978,StormEvents_fatalities-ftp_v1.0_d1978_c20260323.csv.gz
197808,29,630,1005996,10063970,D,08/29/1978 06:30:00,,,,1978,StormEvents_fatalities-ftp_v1.0_d1978_c20260323.csv.gz
197812,3,325,1005999,9982360,D,12/03/1978 03:25:00,,,,1978,StormEvents_fatalities-ftp_v1.0_d1978_c20260323.csv.gz
197903,31,1625,1006002,10029905,D,03/31/1979 16:25:00,,,,1979,StormEvents_fatalities-ftp_v1.0_d1979_c20260323.csv.gz
197904,11,2010,1006004,10019501,D,04/11/1979 20:10:00,,,,1979,StormEvents_fatalities-ftp_v1.0_d1979_c20260323.csv.gz
197904,10,1555,1006006,10130763,D,04/10/1979 15:55:00,,,,1979,StormEvents_fatalities-ftp_v1.0_d1979_c20260323.csv.gz
197905,8,1115,1006008,10000728,D,05/08/1979 11:15:00,,,,1979,StormEvents_fatalities-ftp_v1.0_d1979_c20260323.csv.gz
197905,2,1615,1006009,10108843,D,05/02/1979 16:15:00,,,,1979,StormEvents_fatalities-ftp_v1.0_d1979_c20260323.csv.gz
197906,19,1810,1006011,10123321,D,06/19/1979 18:10:00,,,,1979,StormEvents_fatalities-ftp_v1.0_d1979_c20260323.csv.gz
197907,16,1525,1006014,10160727,D,07/16/1979 15:25:00,,,,1979,StormEvents_fatalities-ftp_v1.0_d1979_c20260323.csv.gz
197908,9,1820,1006017,10146945,D,08/09/1979 18:20:00,,,,1979,StormEvents_fatalities-ftp_v1.0_d1979_c20260323.csv.gz
197909,5,2030,1006018,10114754,D,09/05/1979 20:30:00,,,,1979,StormEvents_fatalities-ftp_v1.0_d1979_c20260323.csv.gz
197909,5,1700,1006019,10153249,D,09/05/1979 17:00:00,,,,1979,StormEvents_fatalities-ftp_v1.0_d1979_c20260323.csv.gz
197910,22,740,1006020,9981290,D,10/22/1979 07:40:00,,,,1979,StormEvents_fatalities-ftp_v1.0_d1979_c20260323.csv.gz
198003,20,1545,1006023,10060608,D,03/20/1980 15:45:00,,,,1980,StormEvents_fatalities-ftp_v1.0_d1980_c20260323.csv.gz
198003,1,2000,1006024,10001880,D,03/01/1980 20:00:00,,,,1980,StormEvents_fatalities-ftp_v1.0_d1980_c20260323.csv.gz
198004,25,1850,1006025,10060634,D,04/25/1980 18:50:00,,,,1980,StormEvents_fatalities-ftp_v1.0_d1980_c20260323.csv.gz
198004,7,1648,1006027,10131258,D,04/07/1980 16:48:00,,,,1980,StormEvents_fatalities-ftp_v1.0_d1980_c20260323.csv.gz
198005,15,1700,1006028,10042726,D,05/15/1980 17:00:00,,,,1980,StormEvents_fatalities-ftp_v1.0_d1980_c20260323.csv.gz
198005,16,345,1006029,10042731,D,05/16/1980 03:45:00,,,,1980,StormEvents_fatalities-ftp_v1.0_d1980_c20260323.csv.gz
198005,30,1030,1006031,10017336,D,05/30/1980 10:30:00,,,,1980,StormEvents_fatalities-ftp_v1.0_d1980_c20260323.csv.gz
198006,3,1945,1006032,10066167,D,06/03/1980 19:45:00,,,,1980,StormEvents_fatalities-ftp_v1.0_d1980_c20260323.csv.gz
198006,3,2005,1006033,10066169,D,06/03/1980 20:05:00,,,,1980,StormEvents_fatalities-ftp_v1.0_d1980_c20260323.csv.gz
198006,7,1630,1006035,10019565,D,06/07/1980 16:30:00,,,,1980,StormEvents_fatalities-ftp_v1.0_d1980_c20260323.csv.gz
198006,2,1200,1006036,10018443,D,06/02/1980 12:00:00,,,,1980,StormEvents_fatalities-ftp_v1.0_d1980_c20260323.csv.gz
198007,15,2025,1006038,10152353,D,07/15/1980 20:25:00,,,,1980,StormEvents_fatalities-ftp_v1.0_d1980_c20260323.csv.gz
198007,15,2040,1006039,10152355,D,07/15/1980 20:40:00,,,,1980,StormEvents_fatalities-ftp_v1.0_d1980_c20260323.csv.gz
198007,15,2048,1006040,10152360,D,07/15/1980 20:48:00,,,,1980,StormEvents_fatalities-ftp_v1.0_d1980_c20260323.csv.gz
198009,3,1836,1006041,10054908,D,09/03/1980 18:36:00,,,,1980,StormEvents_fatalities-ftp_v1.0_d1980_c20260323.csv.gz
198010,17,1220,1006042,9979974,D,10/17/1980 12:20:00,,,,1980,StormEvents_fatalities-ftp_v1.0_d1980_c20260323.csv.gz
198102,11,230,1006043,10091076,D,02/11/1981 02:30:00,,,,1981,StormEvents_fatalities-ftp_v1.0_d1981_c20260323.csv.gz
198102,10,325,1006044,10129998,D,02/10/1981 03:25:00,,,,1981,StormEvents_fatalities-ftp_v1.0_d1981_c20260323.csv.gz
198103,30,1645,1006045,10091086,D,03/30/1981 16:45:00,,,,1981,StormEvents_fatalities-ftp_v1.0_d1981_c20260323.csv.gz
198104,22,1754,1006047,10058325,D,04/22/1981 17:54:00,,,,1981,StormEvents_fatalities-ftp_v1.0_d1981_c20260323.csv.gz
198104,22,1800,1006048,10058326,D,04/22/1981 18:00:00,,,,1981,StormEvents_fatalities-ftp_v1.0_d1981_c20260323.csv.gz
198104,30,2015,1006050,10105532,D,04/30/1981 20:15:00,,,,1981,StormEvents_fatalities-ftp_v1.0_d1981_c20260323.csv.gz
198106,21,110,1006052,10059461,D,06/21/1981 01:10:00,,,,1981,StormEvents_fatalities-ftp_v1.0_d1981_c20260323.csv.gz
198106,14,1500,1006053,10053798,D,06/14/1981 15:00:00,,,,1981,StormEvents_fatalities-ftp_v1.0_d1981_c20260323.csv.gz
198106,19,1830,1006055,10023778,D,06/19/1981 18:30:00,,,,1981,StormEvents_fatalities-ftp_v1.0_d1981_c20260323.csv.gz
198106,21,1956,1006056,10003399,D,06/21/1981 19:56:00,,,,1981,StormEvents_fatalities-ftp_v1.0_d1981_c20260323.csv.gz
198201,3,1455,1006057,10061201,D,01/03/1982 14:55:00,,,,1982,StormEvents_fatalities-ftp_v1.0_d1982_c20260323.csv.gz
198203,15,2025,1006058,10057498,D,03/15/1982 20:25:00,,,,1982,StormEvents_fatalities-ftp_v1.0_d1982_c20260323.csv.gz
198203,15,1757,1006059,10107881,D,03/15/1982 17:57:00,,,,1982,StormEvents_fatalities-ftp_v1.0_d1982_c20260323.csv.gz
198203,15,1815,1006060,10021605,D,03/15/1982 18:15:00,,,,1982,StormEvents_fatalities-ftp_v1.0_d1982_c20260323.csv.gz
198203,15,1935,1006061,10021830,D,03/15/1982 19:35:00,,,,1982,StormEvents_fatalities-ftp_v1.0_d1982_c20260323.csv.gz
198203,15,2020,1006062,10021835,D,03/15/1982 20:20:00,,,,1982,StormEvents_fatalities-ftp_v1.0_d1982_c20260323.csv.gz
198203,30,2030,1006063,10004532,D,03/30/1982 20:30:00,,,,1982,StormEvents_fatalities-ftp_v1.0_d1982_c20260323.csv.gz
198204,2,1715,1006064,9980179,D,04/02/1982 17:15:00,,,,1982,StormEvents_fatalities-ftp_v1.0_d1982_c20260323.csv.gz
198204,2,1720,1006065,9980180,D,04/02/1982 17:20:00,,,,1982,StormEvents_fatalities-ftp_v1.0_d1982_c20260323.csv.gz
198204,2,1520,1006072,10128749,D,04/02/1982 15:20:00,,,,1982,StormEvents_fatalities-ftp_v1.0_d1982_c20260323.csv.gz
198205,13,1420,1006076,10130242,D,05/13/1982 14:20:00,,,,1982,StormEvents_fatalities-ftp_v1.0_d1982_c20260323.csv.gz
198205,28,425,1006077,9983636,D,05/28/1982 04:25:00,,,,1982,StormEvents_fatalities-ftp_v1.0_d1982_c20260323.csv.gz
198206,15,1457,1006078,10038542,D,06/15/1982 14:57:00,,,,1982,StormEvents_fatalities-ftp_v1.0_d1982_c20260323.csv.gz
198206,13,1410,1006079,10090053,D,06/13/1982 14:10:00,,,,1982,StormEvents_fatalities-ftp_v1.0_d1982_c20260323.csv.gz
198206,17,2015,1006080,9998665,D,06/17/1982 20:15:00,,,,1982,StormEvents_fatalities-ftp_v1.0_d1982_c20260323.csv.gz
198206,16,1555,1006081,10146401,D,06/16/1982 15:55:00,,,,1982,StormEvents_fatalities-ftp_v1.0_d1982_c20260323.csv.gz
198209,26,300,1006082,9999776,D,09/26/1982 03:00:00,,,,1982,StormEvents_fatalities-ftp_v1.0_d1982_c20260323.csv.gz
198209,3,1530,1006083,10144602,D,09/03/1982 15:30:00,,,,1982,StormEvents_fatalities-ftp_v1.0_d1982_c20260323.csv.gz
198212,24,1837,1006084,10056523,D,12/24/1982 18:37:00,,,,1982,StormEvents_fatalities-ftp_v1.0_d1982_c20260323.csv.gz
198212,2,1450,1006086,9990406,D,12/02/1982 14:50:00,,,,1982,StormEvents_fatalities-ftp_v1.0_d1982_c20260323.csv.gz
198212,2,1500,1006087,9990407,D,12/02/1982 15:00:00,,,,1982,StormEvents_fatalities-ftp_v1.0_d1982_c20260323.csv.gz
198212,24,1630,1006088,9989773,D,12/24/1982 16:30:00,,,,1982,StormEvents_fatalities-ftp_v1.0_d1982_c20260323.csv.gz
198212,24,1818,1006089,9989784,D,12/24/1982 18:18:00,,,,1982,StormEvents_fatalities-ftp_v1.0_d1982_c20260323.csv.gz
198301,31,2100,1006090,10046215,D,01/31/1983 21:00:00,,,,1983,StormEvents_fatalities-ftp_v1.0_d1983_c20260323.csv.gz
198301,31,2130,1006091,10046217,D,01/31/1983 21:30:00,,,,1983,StormEvents_fatalities-ftp_v1.0_d1983_c20260323.csv.gz
198302,2,820,1006092,10000873,D,02/02/1983 08:20:00,,,,1983,StormEvents_fatalities-ftp_v1.0_d1983_c20260323.csv.gz
198304,29,2023,1006093,10057386,D,04/29/1983 20:23:00,,,,1983,StormEvents_fatalities-ftp_v1.0_d1983_c20260323.csv.gz
198305,19,2305,1006097,10045143,D,05/19/1983 23:05:00,,,,1983,StormEvents_fatalities-ftp_v1.0_d1983_c20260323.csv.gz
198305,2,1455,1006098,10099095,D,05/02/1983 14:55:00,,,,1983,StormEvents_fatalities-ftp_v1.0_d1983_c20260323.csv.gz
198305,2,1049,1006099,10098456,D,05/02/1983 10:49:00,,,,1983,StormEvents_fatalities-ftp_v1.0_d1983_c20260323.csv.gz
198305,6,1730,1006101,10023086,D,05/06/1983 17:30:00,,,,1983,StormEvents_fatalities-ftp_v1.0_d1983_c20260323.csv.gz
198305,20,1345,1006102,10143575,D,05/20/1983 13:45:00,,,,1983,StormEvents_fatalities-ftp_v1.0_d1983_c20260323.csv.gz
198305,20,1400,1006103,10144429,D,05/20/1983 14:00:00,,,,1983,StormEvents_fatalities-ftp_v1.0_d1983_c20260323.csv.gz
198305,20,30,1006104,10143520,D,05/20/1983 00:30:00,,,,1983,StormEvents_fatalities-ftp_v1.0_d1983_c20260323.csv.gz
198305,20,120,1006105,10143541,D,05/20/1983 01:20:00,,,,1983,StormEvents_fatalities-ftp_v1.0_d1983_c20260323.csv.gz
198305,20,130,1006106,10143544,D,05/20/1983 01:30:00,,,,1983,StormEvents_fatalities-ftp_v1.0_d1983_c20260323.csv.gz
198305,2,1915,1006107,10074832,D,05/02/1983 19:15:00,,,,1983,StormEvents_fatalities-ftp_v1.0_d1983_c20260323.csv.gz
198306,27,2215,1006108,10108073,D,06/27/1983 22:15:00,,,,1983,StormEvents_fatalities-ftp_v1.0_d1983_c20260323.csv.gz
198306,9,2245,1006109,10143605,D,06/09/1983 22:45:00,,,,1983,StormEvents_fatalities-ftp_v1.0_d1983_c20260323.csv.gz
198307,9,1937,1006111,10072523,D,07/09/1983 19:37:00,,,,1983,StormEvents_fatalities-ftp_v1.0_d1983_c20260323.csv.gz
198307,21,1905,1006112,10042317,D,07/21/1983 19:05:00,,,,1983,StormEvents_fatalities-ftp_v1.0_d1983_c20260323.csv.gz
198312,6,251,1006117,9979829,D,12/06/1983 02:51:00,,,,1983,StormEvents_fatalities-ftp_v1.0_d1983_c20260323.csv.gz
198312,10,1600,1006118,10144794,D,12/10/1983 16:00:00,,,,1983,StormEvents_fatalities-ftp_v1.0_d1983_c20260323.csv.gz
198312,10,1805,1006119,10144804,D,12/10/1983 18:05:00,,,,1983,StormEvents_fatalities-ftp_v1.0_d1983_c20260323.csv.gz
198406,7,2000,1006170,10011916,D,06/07/1984 20:00:00,,,,1984,StormEvents_fatalities-ftp_v1.0_d1984_c20260527.csv.gz
198406,7,2050,1006172,10011922,D,06/07/1984 20:50:00,,,,1984,StormEvents_fatalities-ftp_v1.0_d1984_c20260527.csv.gz
198406,5,2330,1006173,10143214,D,06/05/1984 23:30:00,,,,1984,StormEvents_fatalities-ftp_v1.0_d1984_c20260527.csv.gz
198410,18,1947,1006178,10057801,D,10/18/1984 19:47:00,,,,1984,StormEvents_fatalities-ftp_v1.0_d1984_c20260527.csv.gz
198410,31,1823,1006180,10022939,D,10/31/1984 18:23:00,,,,1984,StormEvents_fatalities-ftp_v1.0_d1984_c20260527.csv.gz
198410,18,1900,1006182,10141594,D,10/18/1984 19:00:00,,,,1984,StormEvents_fatalities-ftp_v1.0_d1984_c20260527.csv.gz
198410,16,1905,1006183,10120965,D,10/16/1984 19:05:00,,,,1984,StormEvents_fatalities-ftp_v1.0_d1984_c20260527.csv.gz
198411,9,1815,1006184,10057839,D,11/09/1984 18:15:00,,,,1984,StormEvents_fatalities-ftp_v1.0_d1984_c20260527.csv.gz
198403,28,1620,1006122,10109783,D,03/28/1984 16:20:00,,,,1984,StormEvents_fatalities-ftp_v1.0_d1984_c20260527.csv.gz
198403,28,2120,1006127,10088311,D,03/28/1984 21:20:00,,,,1984,StormEvents_fatalities-ftp_v1.0_d1984_c20260527.csv.gz
198404,26,2033,1006141,10047633,D,04/26/1984 20:33:00,,,,1984,StormEvents_fatalities-ftp_v1.0_d1984_c20260527.csv.gz
198404,21,1805,1006144,10061899,D,04/21/1984 18:05:00,,,,1984,StormEvents_fatalities-ftp_v1.0_d1984_c20260527.csv.gz
198404,20,1538,1006145,10109037,D,04/20/1984 15:38:00,,,,1984,StormEvents_fatalities-ftp_v1.0_d1984_c20260527.csv.gz
198404,29,940,1006148,10105943,D,04/29/1984 09:40:00,,,,1984,StormEvents_fatalities-ftp_v1.0_d1984_c20260527.csv.gz
198404,27,1750,1006150,10004418,D,04/27/1984 17:50:00,,,,1984,StormEvents_fatalities-ftp_v1.0_d1984_c20260527.csv.gz
198404,27,1437,1006151,10158978,D,04/27/1984 14:37:00,,,,1984,StormEvents_fatalities-ftp_v1.0_d1984_c20260527.csv.gz
198404,27,1639,1006152,10158994,D,04/27/1984 16:39:00,,,,1984,StormEvents_fatalities-ftp_v1.0_d1984_c20260527.csv.gz
198404,27,1520,1006154,10158988,D,04/27/1984 15:20:00,,,,1984,StormEvents_fatalities-ftp_v1.0_d1984_c20260527.csv.gz
198405,8,1605,1006157,10040818,D,05/08/1984 16:05:00,,,,1984,StormEvents_fatalities-ftp_v1.0_d1984_c20260527.csv.gz
198406,7,1745,1006162,10058596,D,06/07/1984 17:45:00,,,,1984,StormEvents_fatalities-ftp_v1.0_d1984_c20260527.csv.gz
198406,7,1945,1006169,10011913,D,06/07/1984 19:45:00,,,,1984,StormEvents_fatalities-ftp_v1.0_d1984_c20260527.csv.gz
198504,5,458,1006187,10006638,D,04/05/1985 04:58:00,,,,1985,StormEvents_fatalities-ftp_v1.0_d1985_c20260323.csv.gz
198504,28,2020,1006188,10143938,D,04/28/1985 20:20:00,,,,1985,StormEvents_fatalities-ftp_v1.0_d1985_c20260323.csv.gz
198505,31,1510,1006201,10115966,D,05/31/1985 15:10:00,,,,1985,StormEvents_fatalities-ftp_v1.0_d1985_c20260323.csv.gz
198505,31,1715,1006206,10098104,D,05/31/1985 17:15:00,,,,1985,StormEvents_fatalities-ftp_v1.0_d1985_c20260323.csv.gz
198506,8,2012,1006212,10055014,D,06/08/1985 20:12:00,,,,1985,StormEvents_fatalities-ftp_v1.0_d1985_c20260323.csv.gz
198508,16,1000,1006216,9976515,D,08/16/1985 10:00:00,,,,1985,StormEvents_fatalities-ftp_v1.0_d1985_c20260323.csv.gz
198603,10,1845,1006226,10100368,D,03/10/1986 18:45:00,,,,1986,StormEvents_fatalities-ftp_v1.0_d1986_c20260323.csv.gz
198603,10,1625,1006227,10100339,D,03/10/1986 16:25:00,,,,1986,StormEvents_fatalities-ftp_v1.0_d1986_c20260323.csv.gz
198603,10,1703,1006228,10100349,D,03/10/1986 17:03:00,,,,1986,StormEvents_fatalities-ftp_v1.0_d1986_c20260323.csv.gz
198603,10,1430,1006229,10018755,D,03/10/1986 14:30:00,,,,1986,StormEvents_fatalities-ftp_v1.0_d1986_c20260323.csv.gz
198604,26,1830,1006232,10012838,D,04/26/1986 18:30:00,,,,1986,StormEvents_fatalities-ftp_v1.0_d1986_c20260323.csv.gz
198604,19,715,1006233,10145305,D,04/19/1986 07:15:00,,,,1986,StormEvents_fatalities-ftp_v1.0_d1986_c20260323.csv.gz
198605,15,1830,1006239,10073018,D,05/15/1986 18:30:00,,,,1986,StormEvents_fatalities-ftp_v1.0_d1986_c20260323.csv.gz
198608,15,1630,1006254,10075300,D,08/15/1986 16:30:00,,,,1986,StormEvents_fatalities-ftp_v1.0_d1986_c20260323.csv.gz
198703,17,520,1006261,10145284,D,03/17/1987 05:20:00,,,,1987,StormEvents_fatalities-ftp_v1.0_d1987_c20260323.csv.gz
198704,15,915,1006263,9999970,D,04/15/1987 09:15:00,,,,1987,StormEvents_fatalities-ftp_v1.0_d1987_c20260323.csv.gz
198705,21,1145,1006264,9976701,D,05/21/1987 11:45:00,,,,1987,StormEvents_fatalities-ftp_v1.0_d1987_c20260323.csv.gz
198706,21,1345,1006270,10053939,D,06/21/1987 13:45:00,,,,1987,StormEvents_fatalities-ftp_v1.0_d1987_c20260323.csv.gz
198706,11,1720,1006274,10140903,D,06/11/1987 17:20:00,,,,1987,StormEvents_fatalities-ftp_v1.0_d1987_c20260323.csv.gz
198708,15,1823,1006286,10049000,D,08/15/1987 18:23:00,,,,1987,StormEvents_fatalities-ftp_v1.0_d1987_c20260323.csv.gz
198711,15,1845,1006288,10043000,D,11/15/1987 18:45:00,,,,1987,StormEvents_fatalities-ftp_v1.0_d1987_c20260323.csv.gz
198711,15,1503,1006292,10137362,D,11/15/1987 15:03:00,,,,1987,StormEvents_fatalities-ftp_v1.0_d1987_c20260323.csv.gz
198801,19,1130,1006297,10121593,D,01/19/1988 11:30:00,,,,1988,StormEvents_fatalities-ftp_v1.0_d1988_c20260323.csv.gz
198801,19,1158,1006299,10121595,D,01/19/1988 11:58:00,,,,1988,StormEvents_fatalities-ftp_v1.0_d1988_c20260323.csv.gz
198803,28,1805,1006301,10105510,D,03/28/1988 18:05:00,,,,1988,StormEvents_fatalities-ftp_v1.0_d1988_c20260323.csv.gz
198805,9,2017,1006307,10029429,D,05/09/1988 20:17:00,,,,1988,StormEvents_fatalities-ftp_v1.0_d1988_c20260323.csv.gz
198808,14,2056,1006320,10054050,D,08/14/1988 20:56:00,,,,1988,StormEvents_fatalities-ftp_v1.0_d1988_c20260323.csv.gz
198808,28,1330,1006321,10075156,D,08/28/1988 13:30:00,,,,1988,StormEvents_fatalities-ftp_v1.0_d1988_c20260323.csv.gz
198808,28,1415,1006324,10110809,D,08/28/1988 14:15:00,,,,1988,StormEvents_fatalities-ftp_v1.0_d1988_c20260323.csv.gz
198809,17,445,1006325,10139253,D,09/17/1988 04:45:00,,,,1988,StormEvents_fatalities-ftp_v1.0_d1988_c20260323.csv.gz
198811,15,1610,1006327,10070865,D,11/15/1988 16:10:00,,,,1988,StormEvents_fatalities-ftp_v1.0_d1988_c20260323.csv.gz
198811,15,1950,1006330,9993070,D,11/15/1988 19:50:00,,,,1988,StormEvents_fatalities-ftp_v1.0_d1988_c20260323.csv.gz
198811,5,15,1006331,9998902,D,11/05/1988 00:15:00,,,,1988,StormEvents_fatalities-ftp_v1.0_d1988_c20260323.csv.gz
198812,24,604,1006335,10122746,D,12/24/1988 06:04:00,,,,1988,StormEvents_fatalities-ftp_v1.0_d1988_c20260323.csv.gz
198903,5,2000,1006338,9996316,D,03/05/1989 20:00:00,,,,1989,StormEvents_fatalities-ftp_v1.0_d1989_c20260323.csv.gz
198905,5,1801,1006345,10090577,D,05/05/1989 18:01:00,,,,1989,StormEvents_fatalities-ftp_v1.0_d1989_c20260323.csv.gz
198905,22,1937,1006347,10119683,D,05/22/1989 19:37:00,,,,1989,StormEvents_fatalities-ftp_v1.0_d1989_c20260323.csv.gz
198905,17,302,1006348,10139529,D,05/17/1989 03:02:00,,,,1989,StormEvents_fatalities-ftp_v1.0_d1989_c20260323.csv.gz
198911,8,1635,1006371,9993876,D,11/08/1989 16:35:00,,,,1989,StormEvents_fatalities-ftp_v1.0_d1989_c20260323.csv.gz
199005,15,1841,1006390,10102134,D,05/15/1990 18:41:00,,,,1990,StormEvents_fatalities-ftp_v1.0_d1990_c20260323.csv.gz
199005,4,1850,1006391,10097279,D,05/04/1990 18:50:00,,,,1990,StormEvents_fatalities-ftp_v1.0_d1990_c20260323.csv.gz
199005,16,1840,1006394,9990364,D,05/16/1990 18:40:00,,,,1990,StormEvents_fatalities-ftp_v1.0_d1990_c20260323.csv.gz
199006,2,1830,1006402,10019016,D,06/02/1990 18:30:00,,,,1990,StormEvents_fatalities-ftp_v1.0_d1990_c20260323.csv.gz
199006,2,1850,1006403,10019026,D,06/02/1990 18:50:00,,,,1990,StormEvents_fatalities-ftp_v1.0_d1990_c20260323.csv.gz
199006,2,1749,1006406,10005779,D,06/02/1990 17:49:00,,,,1990,StormEvents_fatalities-ftp_v1.0_d1990_c20260323.csv.gz
199002,9,2350,1006374,10064495,D,02/09/1990 23:50:00,,,,1990,StormEvents_fatalities-ftp_v1.0_d1990_c20260323.csv.gz
199003,14,1940,1006379,9990991,D,03/14/1990 19:40:00,,,,1990,StormEvents_fatalities-ftp_v1.0_d1990_c20260323.csv.gz
199003,13,1700,1006381,10037680,D,03/13/1990 17:00:00,,,,1990,StormEvents_fatalities-ftp_v1.0_d1990_c20260323.csv.gz
199003,13,1746,1006382,10037687,D,03/13/1990 17:46:00,,,,1990,StormEvents_fatalities-ftp_v1.0_d1990_c20260323.csv.gz
199010,22,1650,1006415,10110076,D,10/22/1990 16:50:00,,,,1990,StormEvents_fatalities-ftp_v1.0_d1990_c20260323.csv.gz
199010,18,1500,1006416,10149470,D,10/18/1990 15:00:00,,,,1990,StormEvents_fatalities-ftp_v1.0_d1990_c20260323.csv.gz
199012,21,1700,1006417,10062352,D,12/21/1990 17:00:00,,,,1990,StormEvents_fatalities-ftp_v1.0_d1990_c20260323.csv.gz
199012,21,1530,1006418,10062345,D,12/21/1990 15:30:00,,,,1990,StormEvents_fatalities-ftp_v1.0_d1990_c20260323.csv.gz
199103,22,1805,1006425,10118701,D,03/22/1991 18:05:00,,,,1991,StormEvents_fatalities-ftp_v1.0_d1991_c20260323.csv.gz
199103,22,1801,1006426,10030616,D,03/22/1991 18:01:00,,,,1991,StormEvents_fatalities-ftp_v1.0_d1991_c20260323.csv.gz
199103,27,1920,1006427,10016910,D,03/27/1991 19:20:00,,,,1991,StormEvents_fatalities-ftp_v1.0_d1991_c20260323.csv.gz
199103,27,1405,1006429,10161610,D,03/27/1991 14:05:00,,,,1991,StormEvents_fatalities-ftp_v1.0_d1991_c20260323.csv.gz
199104,26,1730,1006431,10034568,D,04/26/1991 17:30:00,,,,1991,StormEvents_fatalities-ftp_v1.0_d1991_c20260323.csv.gz
199104,26,1826,1006433,10034579,D,04/26/1991 18:26:00,,,,1991,StormEvents_fatalities-ftp_v1.0_d1991_c20260323.csv.gz
199104,26,1910,1006437,10102353,D,04/26/1991 19:10:00,,,,1991,StormEvents_fatalities-ftp_v1.0_d1991_c20260323.csv.gz
199104,26,2005,1006438,10102359,D,04/26/1991 20:05:00,,,,1991,StormEvents_fatalities-ftp_v1.0_d1991_c20260323.csv.gz
199106,12,1410,1006453,10080764,D,06/12/1991 14:10:00,,,,1991,StormEvents_fatalities-ftp_v1.0_d1991_c20260323.csv.gz
199107,5,1835,1006456,10050642,D,07/05/1991 18:35:00,,,,1991,StormEvents_fatalities-ftp_v1.0_d1991_c20260323.csv.gz
199101,14,1818,1006419,10136949,D,01/14/1991 18:18:00,,,,1991,StormEvents_fatalities-ftp_v1.0_d1991_c20260323.csv.gz
199206,16,1606,1006467,10047270,D,06/16/1992 16:06:00,,,,1992,StormEvents_fatalities-ftp_v1.0_d1992_c20260323.csv.gz
199208,29,1910,1006475,10162791,D,08/29/1992 19:10:00,,,,1992,StormEvents_fatalities-ftp_v1.0_d1992_c20260323.csv.gz
199210,3,840,1006477,10001377,D,10/03/1992 08:40:00,,,,1992,StormEvents_fatalities-ftp_v1.0_d1992_c20260323.csv.gz
199211,22,29,1006480,10062527,D,11/22/1992 00:29:00,,,,1992,StormEvents_fatalities-ftp_v1.0_d1992_c20260323.csv.gz
199211,22,136,1006481,10062534,D,11/22/1992 01:36:00,,,,1992,StormEvents_fatalities-ftp_v1.0_d1992_c20260323.csv.gz
199211,22,215,1006483,10062536,D,11/22/1992 02:15:00,,,,1992,StormEvents_fatalities-ftp_v1.0_d1992_c20260323.csv.gz
199211,22,1755,1006484,10109884,D,11/22/1992 17:55:00,,,,1992,StormEvents_fatalities-ftp_v1.0_d1992_c20260323.csv.gz
199211,22,350,1006486,10120394,D,11/22/1992 03:50:00,,,,1992,StormEvents_fatalities-ftp_v1.0_d1992_c20260323.csv.gz
199211,22,1552,1006487,10031845,D,11/22/1992 15:52:00,,,,1992,StormEvents_fatalities-ftp_v1.0_d1992_c20260323.csv.gz
199211,22,1607,1006489,10010606,D,11/22/1992 16:07:00,,,,1992,StormEvents_fatalities-ftp_v1.0_d1992_c20260323.csv.gz
199211,22,1210,1006490,10009523,D,11/22/1992 12:10:00,,,,1992,StormEvents_fatalities-ftp_v1.0_d1992_c20260323.csv.gz
199310,18,1715,1006517,10353120,D,10/18/1993 17:15:00,,,,1993,StormEvents_fatalities-ftp_v1.0_d1993_c20260323.csv.gz
199302,21,2000,1006491,10321087,D,02/21/1993 20:00:00,,,,1993,StormEvents_fatalities-ftp_v1.0_d1993_c20260323.csv.gz
199302,22,20,1006492,10321081,D,02/22/1993 00:20:00,,,,1993,StormEvents_fatalities-ftp_v1.0_d1993_c20260323.csv.gz
199302,21,1610,1006493,10349195,D,02/21/1993 16:10:00,,,,1993,StormEvents_fatalities-ftp_v1.0_d1993_c20260323.csv.gz
199303,13,20,1006498,10318064,D,03/13/1993 00:20:00,,,,1993,StormEvents_fatalities-ftp_v1.0_d1993_c20260323.csv.gz
199303,13,30,1006499,10320155,D,03/13/1993 00:30:00,,,,1993,StormEvents_fatalities-ftp_v1.0_d1993_c20260323.csv.gz
199305,7,1705,1006505,10325366,D,05/07/1993 17:05:00,,,,1993,StormEvents_fatalities-ftp_v1.0_d1993_c20260323.csv.gz
199404,11,1715,1006519,10333134,D,04/11/1994 17:15:00,,,,1994,StormEvents_fatalities-ftp_v1.0_d1994_c20260323.csv.gz
199404,15,1030,1006522,10349787,D,04/15/1994 10:30:00,,,,1994,StormEvents_fatalities-ftp_v1.0_d1994_c20260323.csv.gz
199404,16,111,1006524,10347036,D,04/16/1994 01:11:00,,,,1994,StormEvents_fatalities-ftp_v1.0_d1994_c20260323.csv.gz
199404,15,1556,1006525,10349981,D,04/15/1994 15:56:00,,,,1994,StormEvents_fatalities-ftp_v1.0_d1994_c20260323.csv.gz
199404,15,1656,1006527,10351365,D,04/15/1994 16:56:00,,,,1994,StormEvents_fatalities-ftp_v1.0_d1994_c20260323.csv.gz
199406,25,1930,1006530,10332955,D,06/25/1994 19:30:00,,,,1994,StormEvents_fatalities-ftp_v1.0_d1994_c20260323.csv.gz
199406,27,635,1006532,10319040,D,06/27/1994 06:35:00,,,,1994,StormEvents_fatalities-ftp_v1.0_d1994_c20260323.csv.gz
199406,27,215,1006533,10318914,D,06/27/1994 02:15:00,,,,1994,StormEvents_fatalities-ftp_v1.0_d1994_c20260323.csv.gz
199411,15,0,1006544,10317917,D,11/15/1994 00:00:00,,,,1994,StormEvents_fatalities-ftp_v1.0_d1994_c20260323.csv.gz
199411,27,1430,1006546,10349029,D,11/27/1994 14:30:00,,,,1994,StormEvents_fatalities-ftp_v1.0_d1994_c20260323.csv.gz
199501,7,550,1006550,10320224,D,01/07/1995 05:50:00,,,,1995,StormEvents_fatalities-ftp_v1.0_d1995_c20260323.csv.gz
199501,7,15,1006551,10338624,D,01/07/1995 00:15:00,,,,1995,StormEvents_fatalities-ftp_v1.0_d1995_c20260323.csv.gz
199504,11,415,1006556,10333191,D,04/11/1995 04:15:00,,,,1995,StormEvents_fatalities-ftp_v1.0_d1995_c20260323.csv.gz
199505,18,1633,1006560,10314318,D,05/18/1995 16:33:00,,,,1995,StormEvents_fatalities-ftp_v1.0_d1995_c20260323.csv.gz
199505,7,100,1006566,10353403,D,05/07/1995 01:00:00,,,,1995,StormEvents_fatalities-ftp_v1.0_d1995_c20260323.csv.gz
199505,7,1510,1006567,10353933,D,05/07/1995 15:10:00,,,,1995,StormEvents_fatalities-ftp_v1.0_d1995_c20260323.csv.gz
199510,4,1130,1006591,10319632,D,10/04/1995 11:30:00,,,,1995,StormEvents_fatalities-ftp_v1.0_d1995_c20260323.csv.gz
199511,10,2302,1006592,10317039,D,11/10/1995 23:02:00,,,,1995,StormEvents_fatalities-ftp_v1.0_d1995_c20260323.csv.gz
199512,19,315,1006596,10320087,D,12/19/1995 03:15:00,,,,1995,StormEvents_fatalities-ftp_v1.0_d1995_c20260323.csv.gz
199607,28,0,1001439,5558502,D,07/28/1996 12:00:00,81,M,Permanent Home,1996,StormEvents_fatalities-ftp_v1.0_d1996_c20260323.csv.gz
199602,2,0,1001192,5537373,D,02/02/1996 12:00:00,85,F,Mobile/Trailer Home,1996,StormEvents_fatalities-ftp_v1.0_d1996_c20260323.csv.gz
199602,2,0,1001234,5541765,D,02/02/1996 12:00:00,63,M,Other,1996,StormEvents_fatalities-ftp_v1.0_d1996_c20260323.csv.gz
199603,6,0,1001264,5546526,D,03/06/1996 12:00:00,17,F,Permanent Home,1996,StormEvents_fatalities-ftp_v1.0_d1996_c20260323.csv.gz
199603,6,0,1001266,5546526,D,03/06/1996 12:00:00,50,M,Mobile/Trailer Home,1996,StormEvents_fatalities-ftp_v1.0_d1996_c20260323.csv.gz
199603,6,0,1001267,5546526,D,03/06/1996 12:00:00,52,F,Mobile/Trailer Home,1996,StormEvents_fatalities-ftp_v1.0_d1996_c20260323.csv.gz
199603,6,0,1001268,5546532,D,03/06/1996 12:00:00,25,M,Mobile/Trailer Home,1996,StormEvents_fatalities-ftp_v1.0_d1996_c20260323.csv.gz
199603,6,0,1001269,5546532,D,03/06/1996 12:00:00,30,M,Mobile/Trailer Home,1996,StormEvents_fatalities-ftp_v1.0_d1996_c20260323.csv.gz
199604,21,0,1001488,5562706,D,04/21/1996 12:00:00,37,M,Mobile/Trailer Home,1996,StormEvents_fatalities-ftp_v1.0_d1996_c20260323.csv.gz
199604,21,0,1001489,5562706,D,04/21/1996 12:00:00,10,M,Mobile/Trailer Home,1996,StormEvents_fatalities-ftp_v1.0_d1996_c20260323.csv.gz
199604,21,0,1001682,5584104,D,04/21/1996 12:00:00,2,F,Permanent Home,1996,StormEvents_fatalities-ftp_v1.0_d1996_c20260323.csv.gz
199604,21,0,1001683,5584104,D,04/21/1996 12:00:00,5,M,Permanent Home,1996,StormEvents_fatalities-ftp_v1.0_d1996_c20260323.csv.gz
199604,14,0,1001320,5543481,D,04/14/1996 12:00:00,71,M,Mobile/Trailer Home,1996,StormEvents_fatalities-ftp_v1.0_d1996_c20260323.csv.gz
199604,14,0,1001321,5543481,D,04/14/1996 12:00:00,64,F,Mobile/Trailer Home,1996,StormEvents_fatalities-ftp_v1.0_d1996_c20260323.csv.gz
199604,14,0,1001322,5543481,D,04/14/1996 12:00:00,65,M,Mobile/Trailer Home,1996,StormEvents_fatalities-ftp_v1.0_d1996_c20260323.csv.gz
199604,14,0,1001323,5543481,D,04/14/1996 12:00:00,65,F,Mobile/Trailer Home,1996,StormEvents_fatalities-ftp_v1.0_d1996_c20260323.csv.gz
199604,14,0,1001324,5543481,D,04/14/1996 12:00:00,53,F,Permanent Home,1996,StormEvents_fatalities-ftp_v1.0_d1996_c20260323.csv.gz
199604,14,0,1001325,5543482,D,04/14/1996 12:00:00,54,M,Permanent Home,1996,StormEvents_fatalities-ftp_v1.0_d1996_c20260323.csv.gz
199604,14,0,1001326,5543482,D,04/14/1996 12:00:00,50,F,Permanent Home,1996,StormEvents_fatalities-ftp_v1.0_d1996_c20260323.csv.gz
199604,19,0,1001330,5543905,D,04/19/1996 12:00:00,55,F,Vehicle/Towed Trailer,1996,StormEvents_fatalities-ftp_v1.0_d1996_c20260323.csv.gz
199605,12,0,1001355,5555353,D,05/12/1996 12:00:00,78,M,Mobile/Trailer Home,1996,StormEvents_fatalities-ftp_v1.0_d1996_c20260323.csv.gz
199603,6,0,1001265,5546526,D,03/06/1996 12:00:00,71,M,Permanent Home,1996,StormEvents_fatalities-ftp_v1.0_d1996_c20260323.csv.gz
199611,8,0,1001533,5573197,D,11/08/1996 12:00:00,7,F,Mobile/Trailer Home,1996,StormEvents_fatalities-ftp_v1.0_d1996_c20260323.csv.gz
199611,30,0,1001605,5581130,D,11/30/1996 12:00:00,23,M,Vehicle/Towed Trailer,1996,StormEvents_fatalities-ftp_v1.0_d1996_c20260323.csv.gz
199612,7,0,1001608,5580101,D,12/07/1996 12:00:00,50,M,Mobile/Trailer Home,1996,StormEvents_fatalities-ftp_v1.0_d1996_c20260323.csv.gz
199611,30,0,1001606,5581130,D,11/30/1996 12:00:00,,M,Vehicle/Towed Trailer,1996,StormEvents_fatalities-ftp_v1.0_d1996_c20260323.csv.gz
199707,2,0,1001998,5607598,D,07/02/1997 12:00:00,38,F,Outside/Open Areas,1997,StormEvents_fatalities-ftp_v1.0_d1997_c20260323.csv.gz
199707,2,0,1001999,5607601,D,07/02/1997 12:00:00,36,F,Mobile/Trailer Home,1997,StormEvents_fatalities-ftp_v1.0_d1997_c20260323.csv.gz
199707,23,0,1002024,5606694,D,07/23/1997 12:00:00,73,F,Outside/Open Areas,1997,StormEvents_fatalities-ftp_v1.0_d1997_c20260323.csv.gz
199705,27,0,1001922,5598913,D,05/27/1997 12:00:00,15,M,Permanent Home,1997,StormEvents_fatalities-ftp_v1.0_d1997_c20260323.csv.gz
199705,27,0,1001923,5598913,D,05/27/1997 12:00:00,15,M,Permanent Home,1997,StormEvents_fatalities-ftp_v1.0_d1997_c20260323.csv.gz
199705,27,0,1001924,5598913,D,05/27/1997 12:00:00,41,M,Permanent Home,1997,StormEvents_fatalities-ftp_v1.0_d1997_c20260323.csv.gz
199705,27,0,1001925,5598913,D,05/27/1997 12:00:00,40,F,Permanent Home,1997,StormEvents_fatalities-ftp_v1.0_d1997_c20260323.csv.gz
199705,27,0,1001926,5598913,D,05/27/1997 12:00:00,40,M,Permanent Home,1997,StormEvents_fatalities-ftp_v1.0_d1997_c20260323.csv.gz
199705,27,0,1001927,5598913,D,05/27/1997 12:00:00,40,F,Permanent Home,1997,StormEvents_fatalities-ftp_v1.0_d1997_c20260323.csv.gz
199705,27,0,1001928,5598913,D,05/27/1997 12:00:00,16,M,Permanent Home,1997,StormEvents_fatalities-ftp_v1.0_d1997_c20260323.csv.gz
199705,27,0,1001929,5598913,D,05/27/1997 12:00:00,15,F,Permanent Home,1997,StormEvents_fatalities-ftp_v1.0_d1997_c20260323.csv.gz
199705,27,0,1001930,5598913,D,05/27/1997 12:00:00,44,F,Permanent Home,1997,StormEvents_fatalities-ftp_v1.0_d1997_c20260323.csv.gz
199705,27,0,1001931,5598913,D,05/27/1997 12:00:00,5,M,Permanent Home,1997,StormEvents_fatalities-ftp_v1.0_d1997_c20260323.csv.gz
199705,27,0,1001932,5598913,D,05/27/1997 12:00:00,22,M,Permanent Home,1997,StormEvents_fatalities-ftp_v1.0_d1997_c20260323.csv.gz
199705,27,0,1001933,5598913,D,05/27/1997 12:00:00,50,F,Permanent Home,1997,StormEvents_fatalities-ftp_v1.0_d1997_c20260323.csv.gz
199703,1,0,1001885,5592927,D,03/01/1997 12:00:00,55,M,Outside/Open Areas,1997,StormEvents_fatalities-ftp_v1.0_d1997_c20260323.csv.gz
199703,1,0,1001886,5592927,D,03/01/1997 12:00:00,52,F,Outside/Open Areas,1997,StormEvents_fatalities-ftp_v1.0_d1997_c20260323.csv.gz
199703,1,0,1001887,5592927,D,03/01/1997 12:00:00,15,M,Mobile/Trailer Home,1997,StormEvents_fatalities-ftp_v1.0_d1997_c20260323.csv.gz
199703,1,0,1001888,5592927,D,03/01/1997 12:00:00,49,M,Mobile/Trailer Home,1997,StormEvents_fatalities-ftp_v1.0_d1997_c20260323.csv.gz
199703,1,0,1001889,5592927,D,03/01/1997 12:00:00,72,M,Outside/Open Areas,1997,StormEvents_fatalities-ftp_v1.0_d1997_c20260323.csv.gz
199703,1,0,1001890,5592933,D,03/01/1997 12:00:00,61,M,Business,1997,StormEvents_fatalities-ftp_v1.0_d1997_c20260323.csv.gz
199705,27,0,1001934,5598913,D,05/27/1997 12:00:00,15,M,Permanent Home,1997,StormEvents_fatalities-ftp_v1.0_d1997_c20260323.csv.gz
199705,27,0,1001935,5598913,D,05/27/1997 12:00:00,14,M,Permanent Home,1997,StormEvents_fatalities-ftp_v1.0_d1997_c20260323.csv.gz
199705,27,0,1001936,5598913,D,05/27/1997 12:00:00,36,F,Permanent Home,1997,StormEvents_fatalities-ftp_v1.0_d1997_c20260323.csv.gz
199705,27,0,1001937,5598913,D,05/27/1997 12:00:00,13,F,Permanent Home,1997,StormEvents_fatalities-ftp_v1.0_d1997_c20260323.csv.gz
199705,27,0,1001938,5598913,D,05/27/1997 12:00:00,10,F,Permanent Home,1997,StormEvents_fatalities-ftp_v1.0_d1997_c20260323.csv.gz
199703,1,0,1001891,5592933,D,03/01/1997 12:00:00,69,M,Permanent Home,1997,StormEvents_fatalities-ftp_v1.0_d1997_c20260323.csv.gz
199703,1,0,1001892,5592933,D,03/01/1997 12:00:00,74,F,Vehicle/Towed Trailer,1997,StormEvents_fatalities-ftp_v1.0_d1997_c20260323.csv.gz
199703,1,0,1001893,5592933,D,03/01/1997 12:00:00,62,M,Permanent Home,1997,StormEvents_fatalities-ftp_v1.0_d1997_c20260323.csv.gz
199703,1,0,1001894,5592933,D,03/01/1997 12:00:00,45,F,Mobile/Trailer Home,1997,StormEvents_fatalities-ftp_v1.0_d1997_c20260323.csv.gz
199703,1,0,1001895,5600786,D,03/01/1997 12:00:00,21,M,Outside/Open Areas,1997,StormEvents_fatalities-ftp_v1.0_d1997_c20260323.csv.gz
199703,1,0,1001896,5600786,D,03/01/1997 12:00:00,30,M,Outside/Open Areas,1997,StormEvents_fatalities-ftp_v1.0_d1997_c20260323.csv.gz
199703,1,0,1001897,5600788,D,03/01/1997 12:00:00,79,M,Mobile/Trailer Home,1997,StormEvents_fatalities-ftp_v1.0_d1997_c20260323.csv.gz
199704,10,0,1001943,5598510,D,04/10/1997 12:00:00,78,M,Mobile/Trailer Home,1997,StormEvents_fatalities-ftp_v1.0_d1997_c20260323.csv.gz
199705,27,0,1001941,5598918,D,05/27/1997 12:00:00,25,M,Mobile/Trailer Home,1997,StormEvents_fatalities-ftp_v1.0_d1997_c20260323.csv.gz
199705,2,0,1001872,5593918,D,05/02/1997 12:00:00,9,F,Mobile/Trailer Home,1997,StormEvents_fatalities-ftp_v1.0_d1997_c20260323.csv.gz
199705,27,0,1001914,5598913,D,05/27/1997 12:00:00,34,F,Permanent Home,1997,StormEvents_fatalities-ftp_v1.0_d1997_c20260323.csv.gz
199705,27,0,1001915,5598913,D,05/27/1997 12:00:00,15,M,Permanent Home,1997,StormEvents_fatalities-ftp_v1.0_d1997_c20260323.csv.gz
199705,27,0,1001916,5598913,D,05/27/1997 12:00:00,13,F,Permanent Home,1997,StormEvents_fatalities-ftp_v1.0_d1997_c20260323.csv.gz
199705,27,0,1001917,5598913,D,05/27/1997 12:00:00,37,F,Permanent Home,1997,StormEvents_fatalities-ftp_v1.0_d1997_c20260323.csv.gz
199705,27,0,1001918,5598913,D,05/27/1997 12:00:00,11,M,Permanent Home,1997,StormEvents_fatalities-ftp_v1.0_d1997_c20260323.csv.gz
199705,27,0,1001919,5598913,D,05/27/1997 12:00:00,46,M,Permanent Home,1997,StormEvents_fatalities-ftp_v1.0_d1997_c20260323.csv.gz
199705,27,0,1001920,5598913,D,05/27/1997 12:00:00,45,F,Permanent Home,1997,StormEvents_fatalities-ftp_v1.0_d1997_c20260323.csv.gz
199705,27,0,1001921,5598913,D,05/27/1997 12:00:00,17,F,Permanent Home,1997,StormEvents_fatalities-ftp_v1.0_d1997_c20260323.csv.gz
199701,4,0,1001710,5587057,D,01/04/1997 12:00:00,39,M,Mobile/Trailer Home,1997,StormEvents_fatalities-ftp_v1.0_d1997_c20260323.csv.gz
199702,20,0,1001811,5589340,D,02/20/1997 12:00:00,38,F,Mobile/Trailer Home,1997,StormEvents_fatalities-ftp_v1.0_d1997_c20260323.csv.gz
199703,1,0,1002309,5623726,D,03/01/1997 12:00:00,13,F,Mobile/Trailer Home,1997,StormEvents_fatalities-ftp_v1.0_d1997_c20260323.csv.gz
199703,28,0,1001823,5597223,D,03/28/1997 12:00:00,40,M,Permanent Home,1997,StormEvents_fatalities-ftp_v1.0_d1997_c20260323.csv.gz
199703,28,0,1001824,5597227,D,03/28/1997 12:00:00,28,F,Mobile/Trailer Home,1997,StormEvents_fatalities-ftp_v1.0_d1997_c20260323.csv.gz
199703,1,0,1001851,5595085,D,03/01/1997 12:00:00,50,M,Mobile/Trailer Home,1997,StormEvents_fatalities-ftp_v1.0_d1997_c20260323.csv.gz
199703,1,0,1001852,5595259,D,03/01/1997 12:00:00,47,M,Business,1997,StormEvents_fatalities-ftp_v1.0_d1997_c20260323.csv.gz
199703,1,0,1001875,5592919,D,03/01/1997 12:00:00,45,F,Business,1997,StormEvents_fatalities-ftp_v1.0_d1997_c20260323.csv.gz
199703,1,0,1001876,5592919,D,03/01/1997 12:00:00,37,M,Mobile/Trailer Home,1997,StormEvents_fatalities-ftp_v1.0_d1997_c20260323.csv.gz
199703,1,0,1001877,5592919,D,03/01/1997 12:00:00,45,F,Mobile/Trailer Home,1997,StormEvents_fatalities-ftp_v1.0_d1997_c20260323.csv.gz
199703,1,0,1001878,5592919,D,03/01/1997 12:00:00,14,F,Permanent Home,1997,StormEvents_fatalities-ftp_v1.0_d1997_c20260323.csv.gz
199703,1,0,1001879,5592919,D,03/01/1997 12:00:00,14,F,Permanent Home,1997,StormEvents_fatalities-ftp_v1.0_d1997_c20260323.csv.gz
199703,1,0,1001880,5592927,D,03/01/1997 12:00:00,64,M,Permanent Home,1997,StormEvents_fatalities-ftp_v1.0_d1997_c20260323.csv.gz
199703,1,0,1001881,5592927,D,03/01/1997 12:00:00,60,F,Permanent Home,1997,StormEvents_fatalities-ftp_v1.0_d1997_c20260323.csv.gz
199703,1,0,1001882,5592927,D,03/01/1997 12:00:00,23,F,Mobile/Trailer Home,1997,StormEvents_fatalities-ftp_v1.0_d1997_c20260323.csv.gz
199703,1,0,1001883,5592927,D,03/01/1997 12:00:00,55,F,Permanent Home,1997,StormEvents_fatalities-ftp_v1.0_d1997_c20260323.csv.gz
199703,1,0,1001884,5592927,D,03/01/1997 12:00:00,35,F,Permanent Home,1997,StormEvents_fatalities-ftp_v1.0_d1997_c20260323.csv.gz
199701,24,0,1001759,5587961,D,01/24/1997 12:00:00,71,M,Vehicle/Towed Trailer,1997,StormEvents_fatalities-ftp_v1.0_d1997_c20260323.csv.gz
199705,27,0,1001939,5598913,D,05/27/1997 12:00:00,36,F,Permanent Home,1997,StormEvents_fatalities-ftp_v1.0_d1997_c20260323.csv.gz
199705,27,0,1001940,5598913,D,05/27/1997 12:00:00,16,M,Permanent Home,1997,StormEvents_fatalities-ftp_v1.0_d1997_c20260323.csv.gz
199708,16,0,1002124,5613710,D,08/16/1997 12:00:00,15,M,Camping,1997,StormEvents_fatalities-ftp_v1.0_d1997_c20260323.csv.gz
199710,4,0,1002170,5619478,D,10/04/1997 12:00:00,57,M,Permanent Home,1997,StormEvents_fatalities-ftp_v1.0_d1997_c20260323.csv.gz
199707,23,0,1001956,5602088,D,07/23/1997 12:00:00,32,F,Permanent Home,1997,StormEvents_fatalities-ftp_v1.0_d1997_c20260323.csv.gz
199703,1,0,1001874,5592919,D,03/01/1997 12:00:00,45,M,Vehicle/Towed Trailer,1997,StormEvents_fatalities-ftp_v1.0_d1997_c20260323.csv.gz
199804,27,0,1002432,5639380,D,04/27/1998 12:00:00,49,M,Mobile/Trailer Home,1998,StormEvents_fatalities-ftp_v1.0_d1998_c20260323.csv.gz
199804,9,0,1002433,5638672,D,04/09/1998 12:00:00,51,M,Business,1998,StormEvents_fatalities-ftp_v1.0_d1998_c20260323.csv.gz
199804,8,0,1002439,5637197,D,04/08/1998 12:00:00,29,M,Mobile/Trailer Home,1998,StormEvents_fatalities-ftp_v1.0_d1998_c20260323.csv.gz
199804,8,0,1002440,5637197,D,04/08/1998 12:00:00,33,F,Mobile/Trailer Home,1998,StormEvents_fatalities-ftp_v1.0_d1998_c20260323.csv.gz
199804,8,0,1002441,5637201,D,04/08/1998 12:00:00,76,F,Permanent Home,1998,StormEvents_fatalities-ftp_v1.0_d1998_c20260323.csv.gz
199804,8,0,1002442,5637201,D,04/08/1998 12:00:00,49,M,Permanent Home,1998,StormEvents_fatalities-ftp_v1.0_d1998_c20260323.csv.gz
199804,8,0,1002443,5637201,D,04/08/1998 12:00:00,78,M,Permanent Home,1998,StormEvents_fatalities-ftp_v1.0_d1998_c20260323.csv.gz
199804,8,0,1002444,5637201,D,04/08/1998 12:00:00,89,F,Permanent Home,1998,StormEvents_fatalities-ftp_v1.0_d1998_c20260323.csv.gz
199804,8,0,1002445,5637201,D,04/08/1998 12:00:00,89,M,Permanent Home,1998,StormEvents_fatalities-ftp_v1.0_d1998_c20260323.csv.gz
199804,8,0,1002446,5637201,D,04/08/1998 12:00:00,54,F,Permanent Home,1998,StormEvents_fatalities-ftp_v1.0_d1998_c20260323.csv.gz
199804,8,0,1002448,5637201,D,04/08/1998 12:00:00,27,F,Permanent Home,1998,StormEvents_fatalities-ftp_v1.0_d1998_c20260323.csv.gz
199804,8,0,1002449,5637201,D,04/08/1998 12:00:00,48,M,Permanent Home,1998,StormEvents_fatalities-ftp_v1.0_d1998_c20260323.csv.gz
199804,8,0,1002450,5637201,D,04/08/1998 12:00:00,4,M,Permanent Home,1998,StormEvents_fatalities-ftp_v1.0_d1998_c20260323.csv.gz
199804,8,0,1002451,5637201,D,04/08/1998 12:00:00,7,M,Permanent Home,1998,StormEvents_fatalities-ftp_v1.0_d1998_c20260323.csv.gz
199804,8,0,1002453,5637201,D,04/08/1998 12:00:00,72,F,Permanent Home,1998,StormEvents_fatalities-ftp_v1.0_d1998_c20260323.csv.gz
199804,8,0,1002454,5637201,D,04/08/1998 12:00:00,66,F,Permanent Home,1998,StormEvents_fatalities-ftp_v1.0_d1998_c20260323.csv.gz
199804,8,0,1002455,5637201,D,04/08/1998 12:00:00,72,M,Permanent Home,1998,StormEvents_fatalities-ftp_v1.0_d1998_c20260323.csv.gz
199804,8,0,1002456,5637201,D,04/08/1998 12:00:00,72,F,Permanent Home,1998,StormEvents_fatalities-ftp_v1.0_d1998_c20260323.csv.gz
199804,8,0,1002458,5637201,D,04/08/1998 12:00:00,44,M,Mobile/Trailer Home,1998,StormEvents_fatalities-ftp_v1.0_d1998_c20260323.csv.gz
199804,8,0,1002459,5637201,D,04/08/1998 12:00:00,16,F,Mobile/Trailer Home,1998,StormEvents_fatalities-ftp_v1.0_d1998_c20260323.csv.gz
199804,8,0,1002460,5637201,D,04/08/1998 12:00:00,37,F,Mobile/Trailer Home,1998,StormEvents_fatalities-ftp_v1.0_d1998_c20260323.csv.gz
199804,8,0,1002461,5637201,D,04/08/1998 12:00:00,63,F,Permanent Home,1998,StormEvents_fatalities-ftp_v1.0_d1998_c20260323.csv.gz
199804,8,0,1002462,5637201,D,04/08/1998 12:00:00,61,M,Permanent Home,1998,StormEvents_fatalities-ftp_v1.0_d1998_c20260323.csv.gz
199804,8,0,1002463,5637201,D,04/08/1998 12:00:00,76,F,Permanent Home,1998,StormEvents_fatalities-ftp_v1.0_d1998_c20260323.csv.gz
199804,8,0,1002464,5637201,D,04/08/1998 12:00:00,78,M,Permanent Home,1998,StormEvents_fatalities-ftp_v1.0_d1998_c20260323.csv.gz
199804,8,0,1002465,5637201,D,04/08/1998 12:00:00,77,F,Permanent Home,1998,StormEvents_fatalities-ftp_v1.0_d1998_c20260323.csv.gz
199804,8,0,1002467,5637201,D,04/08/1998 12:00:00,50,M,Permanent Home,1998,StormEvents_fatalities-ftp_v1.0_d1998_c20260323.csv.gz
199804,8,0,1002468,5637201,D,04/08/1998 12:00:00,46,F,Permanent Home,1998,StormEvents_fatalities-ftp_v1.0_d1998_c20260323.csv.gz
199804,8,0,1002469,5637201,D,04/08/1998 12:00:00,47,F,Permanent Home,1998,StormEvents_fatalities-ftp_v1.0_d1998_c20260323.csv.gz
199804,8,0,1002470,5637201,D,04/08/1998 12:00:00,49,F,Permanent Home,1998,StormEvents_fatalities-ftp_v1.0_d1998_c20260323.csv.gz
199804,8,0,1002472,5637201,D,04/08/1998 12:00:00,50,F,Permanent Home,1998,StormEvents_fatalities-ftp_v1.0_d1998_c20260323.csv.gz
199804,16,0,1002477,5642005,D,04/16/1998 12:00:00,5,F,Mobile/Trailer Home,1998,StormEvents_fatalities-ftp_v1.0_d1998_c20260323.csv.gz
199804,16,0,1002478,5642005,D,04/16/1998 12:00:00,2,M,Mobile/Trailer Home,1998,StormEvents_fatalities-ftp_v1.0_d1998_c20260323.csv.gz
199804,16,0,1002479,5642013,D,04/16/1998 12:00:00,47,M,Mobile/Trailer Home,1998,StormEvents_fatalities-ftp_v1.0_d1998_c20260323.csv.gz
199804,16,0,1002480,5642013,D,04/16/1998 12:00:00,47,F,Mobile/Trailer Home,1998,StormEvents_fatalities-ftp_v1.0_d1998_c20260323.csv.gz
199804,16,0,1002482,5642865,D,04/16/1998 12:00:00,35,F,Permanent Home,1998,StormEvents_fatalities-ftp_v1.0_d1998_c20260323.csv.gz
199804,16,0,1002538,5641116,D,04/16/1998 12:00:00,75,F,Mobile/Trailer Home,1998,StormEvents_fatalities-ftp_v1.0_d1998_c20260323.csv.gz
199804,16,0,1002539,5641116,D,04/16/1998 12:00:00,57,F,Mobile/Trailer Home,1998,StormEvents_fatalities-ftp_v1.0_d1998_c20260323.csv.gz
199804,16,0,1002540,5641116,D,04/16/1998 12:00:00,69,F,Permanent Home,1998,StormEvents_fatalities-ftp_v1.0_d1998_c20260323.csv.gz
199804,1,0,1002561,5649784,D,04/01/1998 12:00:00,1,M,Permanent Home,1998,StormEvents_fatalities-ftp_v1.0_d1998_c20260323.csv.gz
199805,7,0,1002421,5639368,D,05/07/1998 12:00:00,38,F,Mobile/Trailer Home,1998,StormEvents_fatalities-ftp_v1.0_d1998_c20260323.csv.gz
199805,10,0,1002473,5636650,D,05/10/1998 12:00:00,90,F,Mobile/Trailer Home,1998,StormEvents_fatalities-ftp_v1.0_d1998_c20260323.csv.gz
199805,4,0,1002537,5641024,D,05/04/1998 12:00:00,22,M,Outside/Open Areas,1998,StormEvents_fatalities-ftp_v1.0_d1998_c20260323.csv.gz
199805,30,0,1002551,5645426,D,05/30/1998 12:00:00,77,F,Permanent Home,1998,StormEvents_fatalities-ftp_v1.0_d1998_c20260323.csv.gz
199805,30,0,1002552,5645426,D,05/30/1998 12:00:00,93,F,Permanent Home,1998,StormEvents_fatalities-ftp_v1.0_d1998_c20260323.csv.gz
199805,30,0,1002553,5645426,D,05/30/1998 12:00:00,68,F,Permanent Home,1998,StormEvents_fatalities-ftp_v1.0_d1998_c20260323.csv.gz
199805,30,0,1002554,5645426,D,05/30/1998 12:00:00,62,M,Permanent Home,1998,StormEvents_fatalities-ftp_v1.0_d1998_c20260323.csv.gz
199805,30,0,1002555,5645426,D,05/30/1998 12:00:00,85,F,Permanent Home,1998,StormEvents_fatalities-ftp_v1.0_d1998_c20260323.csv.gz
199805,31,0,1002567,5650587,D,05/31/1998 12:00:00,13,F,Vehicle/Towed Trailer,1998,StormEvents_fatalities-ftp_v1.0_d1998_c20260323.csv.gz
199805,15,0,1002573,5649342,D,05/15/1998 12:00:00,78,M,Outside/Open Areas,1998,StormEvents_fatalities-ftp_v1.0_d1998_c20260323.csv.gz
199806,1,0,1002429,5639378,D,06/01/1998 12:00:00,41,M,Mobile/Trailer Home,1998,StormEvents_fatalities-ftp_v1.0_d1998_c20260323.csv.gz
199806,2,0,1002600,5657100,D,06/02/1998 12:00:00,35,M,Permanent Home,1998,StormEvents_fatalities-ftp_v1.0_d1998_c20260323.csv.gz
199806,2,0,1002601,5657100,D,06/02/1998 12:00:00,72,F,Permanent Home,1998,StormEvents_fatalities-ftp_v1.0_d1998_c20260323.csv.gz
199804,8,0,1002414,5639755,D,04/08/1998 12:00:00,72,M,Permanent Home,1998,StormEvents_fatalities-ftp_v1.0_d1998_c20260323.csv.gz
199804,16,0,1002416,5638634,D,04/16/1998 12:00:00,67,M,Mobile/Trailer Home,1998,StormEvents_fatalities-ftp_v1.0_d1998_c20260323.csv.gz
199804,16,0,1002417,5638634,D,04/16/1998 12:00:00,47,M,Outside/Open Areas,1998,StormEvents_fatalities-ftp_v1.0_d1998_c20260323.csv.gz
199804,16,0,1002418,5638635,D,04/16/1998 12:00:00,78,M,Permanent Home,1998,StormEvents_fatalities-ftp_v1.0_d1998_c20260323.csv.gz
199804,9,0,1002428,5639378,D,04/09/1998 12:00:00,38,F,Mobile/Trailer Home,1998,StormEvents_fatalities-ftp_v1.0_d1998_c20260323.csv.gz
199804,9,0,1002430,5639380,D,04/09/1998 12:00:00,13,F,Mobile/Trailer Home,1998,StormEvents_fatalities-ftp_v1.0_d1998_c20260323.csv.gz
199804,9,0,1002431,5639380,D,04/09/1998 12:00:00,30,F,Mobile/Trailer Home,1998,StormEvents_fatalities-ftp_v1.0_d1998_c20260323.csv.gz
199809,10,0,1002922,5670013,D,09/10/1998 12:00:00,22,M,Mobile/Trailer Home,1998,StormEvents_fatalities-ftp_v1.0_d1998_c20260323.csv.gz
199809,3,0,1002827,5664052,D,09/03/1998 12:00:00,66,F,Mobile/Trailer Home,1998,StormEvents_fatalities-ftp_v1.0_d1998_c20260323.csv.gz
199810,17,0,1002891,5671729,D,10/17/1998 12:00:00,33,M,Mobile/Trailer Home,1998,StormEvents_fatalities-ftp_v1.0_d1998_c20260323.csv.gz
199810,18,0,1002921,5672042,D,10/18/1998 12:00:00,47,M,Mobile/Trailer Home,1998,StormEvents_fatalities-ftp_v1.0_d1998_c20260323.csv.gz
199803,20,0,1002396,5633550,D,03/20/1998 12:00:00,74,M,Mobile/Trailer Home,1998,StormEvents_fatalities-ftp_v1.0_d1998_c20260323.csv.gz
199803,20,0,1002397,5633551,D,03/20/1998 12:00:00,4,F,Mobile/Trailer Home,1998,StormEvents_fatalities-ftp_v1.0_d1998_c20260323.csv.gz
199803,30,0,1002398,5633551,D,03/30/1998 12:00:00,31,M,Mobile/Trailer Home,1998,StormEvents_fatalities-ftp_v1.0_d1998_c20260323.csv.gz
199803,23,0,1002411,5638159,D,03/23/1998 12:00:00,80,M,Permanent Home,1998,StormEvents_fatalities-ftp_v1.0_d1998_c20260323.csv.gz
199803,23,0,1002412,5638159,D,03/23/1998 12:00:00,24,F,Vehicle/Towed Trailer,1998,StormEvents_fatalities-ftp_v1.0_d1998_c20260323.csv.gz
199803,30,0,1002419,5638760,D,03/30/1998 12:00:00,85,M,Permanent Home,1998,StormEvents_fatalities-ftp_v1.0_d1998_c20260323.csv.gz
199806,27,0,1002847,5668706,D,06/27/1998 12:00:00,45,F,Mobile/Trailer Home,1998,StormEvents_fatalities-ftp_v1.0_d1998_c20260323.csv.gz
199804,9,0,1002447,5637201,D,04/09/1998 12:00:00,37,M,Permanent Home,1998,StormEvents_fatalities-ftp_v1.0_d1998_c20260323.csv.gz
199804,8,0,1002452,5637201,D,04/08/1998 12:00:00,33,F,Permanent Home,1998,StormEvents_fatalities-ftp_v1.0_d1998_c20260323.csv.gz
199804,8,0,1002457,5637201,D,04/08/1998 12:00:00,83,F,Permanent Home,1998,StormEvents_fatalities-ftp_v1.0_d1998_c20260323.csv.gz
199804,15,0,1002466,5637201,D,04/15/1998 12:00:00,8,M,Permanent Home,1998,StormEvents_fatalities-ftp_v1.0_d1998_c20260323.csv.gz
199804,8,0,1002471,5637201,D,04/08/1998 12:00:00,81,F,Permanent Home,1998,StormEvents_fatalities-ftp_v1.0_d1998_c20260323.csv.gz
199804,1,0,1002560,5649784,D,04/01/1998 12:00:00,39,F,Permanent Home,1998,StormEvents_fatalities-ftp_v1.0_d1998_c20260323.csv.gz
199805,30,0,1002550,5645426,D,05/30/1998 12:00:00,70,F,Permanent Home,1998,StormEvents_fatalities-ftp_v1.0_d1998_c20260323.csv.gz
199803,29,0,1002420,5638761,D,03/29/1998 12:00:00,6,M,Vehicle/Towed Trailer,1998,StormEvents_fatalities-ftp_v1.0_d1998_c20260323.csv.gz
199802,23,0,1002507,5643843,D,02/23/1998 12:00:00,53,M,Vehicle/Towed Trailer,1998,StormEvents_fatalities-ftp_v1.0_d1998_c20260323.csv.gz
199802,23,0,1002528,5641811,D,02/23/1998 12:00:00,73,M,Vehicle/Towed Trailer,1998,StormEvents_fatalities-ftp_v1.0_d1998_c20260323.csv.gz
199803,20,0,1002393,5633550,D,03/20/1998 12:00:00,50,M,Vehicle/Towed Trailer,1998,StormEvents_fatalities-ftp_v1.0_d1998_c20260323.csv.gz
199802,23,0,1002517,5641811,D,02/23/1998 12:00:00,50,M,Mobile/Trailer Home,1998,StormEvents_fatalities-ftp_v1.0_d1998_c20260323.csv.gz
199802,23,0,1002518,5641811,D,02/23/1998 12:00:00,51,M,Vehicle/Towed Trailer,1998,StormEvents_fatalities-ftp_v1.0_d1998_c20260323.csv.gz
199802,23,0,1002519,5641811,D,02/23/1998 12:00:00,55,M,Mobile/Trailer Home,1998,StormEvents_fatalities-ftp_v1.0_d1998_c20260323.csv.gz
199802,23,0,1002520,5641811,D,02/23/1998 12:00:00,64,F,Vehicle/Towed Trailer,1998,StormEvents_fatalities-ftp_v1.0_d1998_c20260323.csv.gz
199802,22,0,1002491,5643839,D,02/22/1998 12:00:00,41,M,Mobile/Trailer Home,1998,StormEvents_fatalities-ftp_v1.0_d1998_c20260323.csv.gz
199802,22,0,1002492,5643841,D,02/22/1998 12:00:00,68,F,Mobile/Trailer Home,1998,StormEvents_fatalities-ftp_v1.0_d1998_c20260323.csv.gz
199802,22,0,1002493,5643841,D,02/22/1998 12:00:00,80,M,Mobile/Trailer Home,1998,StormEvents_fatalities-ftp_v1.0_d1998_c20260323.csv.gz
199802,22,0,1002494,5643841,D,02/22/1998 12:00:00,80,M,Mobile/Trailer Home,1998,StormEvents_fatalities-ftp_v1.0_d1998_c20260323.csv.gz
199802,23,0,1002495,5643842,D,02/23/1998 12:00:00,9,M,Mobile/Trailer Home,1998,StormEvents_fatalities-ftp_v1.0_d1998_c20260323.csv.gz
199802,23,0,1002496,5643842,D,02/23/1998 12:00:00,11,F,Mobile/Trailer Home,1998,StormEvents_fatalities-ftp_v1.0_d1998_c20260323.csv.gz
199802,23,0,1002497,5643842,D,02/23/1998 12:00:00,21,F,Mobile/Trailer Home,1998,StormEvents_fatalities-ftp_v1.0_d1998_c20260323.csv.gz
199802,23,0,1002498,5643842,D,02/23/1998 12:00:00,23,M,Mobile/Trailer Home,1998,StormEvents_fatalities-ftp_v1.0_d1998_c20260323.csv.gz
199802,23,0,1002499,5643842,D,02/23/1998 12:00:00,26,M,Mobile/Trailer Home,1998,StormEvents_fatalities-ftp_v1.0_d1998_c20260323.csv.gz
199802,23,0,1002500,5643842,D,02/23/1998 12:00:00,37,M,Mobile/Trailer Home,1998,StormEvents_fatalities-ftp_v1.0_d1998_c20260323.csv.gz
199802,23,0,1002501,5643842,D,02/23/1998 12:00:00,39,F,Mobile/Trailer Home,1998,StormEvents_fatalities-ftp_v1.0_d1998_c20260323.csv.gz
199802,23,0,1002502,5643842,D,02/23/1998 12:00:00,40,F,Mobile/Trailer Home,1998,StormEvents_fatalities-ftp_v1.0_d1998_c20260323.csv.gz
199802,23,0,1002503,5643842,D,02/23/1998 12:00:00,41,M,Mobile/Trailer Home,1998,StormEvents_fatalities-ftp_v1.0_d1998_c20260323.csv.gz
199802,23,0,1002504,5643842,D,02/23/1998 12:00:00,49,M,Mobile/Trailer Home,1998,StormEvents_fatalities-ftp_v1.0_d1998_c20260323.csv.gz
199802,23,0,1002505,5643842,D,02/23/1998 12:00:00,53,M,Permanent Home,1998,StormEvents_fatalities-ftp_v1.0_d1998_c20260323.csv.gz
199802,23,0,1002506,5643842,D,02/23/1998 12:00:00,62,M,Mobile/Trailer Home,1998,StormEvents_fatalities-ftp_v1.0_d1998_c20260323.csv.gz
199802,23,0,1002508,5641811,D,02/23/1998 12:00:00,1,M,Mobile/Trailer Home,1998,StormEvents_fatalities-ftp_v1.0_d1998_c20260323.csv.gz
199802,23,0,1002509,5641811,D,02/23/1998 12:00:00,22,M,Mobile/Trailer Home,1998,StormEvents_fatalities-ftp_v1.0_d1998_c20260323.csv.gz
199802,23,0,1002510,5641811,D,02/23/1998 12:00:00,23,M,Mobile/Trailer Home,1998,StormEvents_fatalities-ftp_v1.0_d1998_c20260323.csv.gz
199802,23,0,1002511,5641811,D,02/23/1998 12:00:00,30,M,Vehicle/Towed Trailer,1998,StormEvents_fatalities-ftp_v1.0_d1998_c20260323.csv.gz
199802,23,0,1002512,5641811,D,02/23/1998 12:00:00,31,F,Mobile/Trailer Home,1998,StormEvents_fatalities-ftp_v1.0_d1998_c20260323.csv.gz
199802,23,0,1002513,5641811,D,02/23/1998 12:00:00,33,F,Mobile/Trailer Home,1998,StormEvents_fatalities-ftp_v1.0_d1998_c20260323.csv.gz
199802,23,0,1002514,5641811,D,02/23/1998 12:00:00,38,M,Mobile/Trailer Home,1998,StormEvents_fatalities-ftp_v1.0_d1998_c20260323.csv.gz
199802,23,0,1002515,5641811,D,02/23/1998 12:00:00,45,F,Mobile/Trailer Home,1998,StormEvents_fatalities-ftp_v1.0_d1998_c20260323.csv.gz
199802,23,0,1002516,5641811,D,02/23/1998 12:00:00,47,F,Mobile/Trailer Home,1998,StormEvents_fatalities-ftp_v1.0_d1998_c20260323.csv.gz
199802,23,0,1002521,5641811,D,02/23/1998 12:00:00,65,F,Mobile/Trailer Home,1998,StormEvents_fatalities-ftp_v1.0_d1998_c20260323.csv.gz
199802,23,0,1002522,5641811,D,02/23/1998 12:00:00,66,F,Mobile/Trailer Home,1998,StormEvents_fatalities-ftp_v1.0_d1998_c20260323.csv.gz
199802,23,0,1002523,5641811,D,02/23/1998 12:00:00,67,F,Mobile/Trailer Home,1998,StormEvents_fatalities-ftp_v1.0_d1998_c20260323.csv.gz
199802,23,0,1002524,5641811,D,02/23/1998 12:00:00,69,M,Vehicle/Towed Trailer,1998,StormEvents_fatalities-ftp_v1.0_d1998_c20260323.csv.gz
199802,23,0,1002525,5641811,D,02/23/1998 12:00:00,70,F,Vehicle/Towed Trailer,1998,StormEvents_fatalities-ftp_v1.0_d1998_c20260323.csv.gz
199802,23,0,1002526,5641811,D,02/23/1998 12:00:00,71,F,Vehicle/Towed Trailer,1998,StormEvents_fatalities-ftp_v1.0_d1998_c20260323.csv.gz
199802,23,0,1002527,5641811,D,02/23/1998 12:00:00,71,M,Vehicle/Towed Trailer,1998,StormEvents_fatalities-ftp_v1.0_d1998_c20260323.csv.gz
199802,23,0,1002529,5641811,D,02/23/1998 12:00:00,75,F,Mobile/Trailer Home,1998,StormEvents_fatalities-ftp_v1.0_d1998_c20260323.csv.gz
199802,23,0,1002530,5641811,D,02/23/1998 12:00:00,85,F,Vehicle/Towed Trailer,1998,StormEvents_fatalities-ftp_v1.0_d1998_c20260323.csv.gz
199802,23,0,1002531,5641811,D,02/23/1998 12:00:00,51,M,Vehicle/Towed Trailer,1998,StormEvents_fatalities-ftp_v1.0_d1998_c20260323.csv.gz
199802,23,0,1002532,5641811,D,02/23/1998 12:00:00,33,M,Vehicle/Towed Trailer,1998,StormEvents_fatalities-ftp_v1.0_d1998_c20260323.csv.gz
199803,20,0,1002387,5633550,D,03/20/1998 12:00:00,1,M,Mobile/Trailer Home,1998,StormEvents_fatalities-ftp_v1.0_d1998_c20260323.csv.gz
199803,20,0,1002388,5633550,D,03/20/1998 12:00:00,6,M,Mobile/Trailer Home,1998,StormEvents_fatalities-ftp_v1.0_d1998_c20260323.csv.gz
199803,20,0,1002389,5633550,D,03/20/1998 12:00:00,12,F,Mobile/Trailer Home,1998,StormEvents_fatalities-ftp_v1.0_d1998_c20260323.csv.gz
199803,20,0,1002390,5633550,D,03/20/1998 12:00:00,30,M,Mobile/Trailer Home,1998,StormEvents_fatalities-ftp_v1.0_d1998_c20260323.csv.gz
199803,20,0,1002391,5633550,D,03/20/1998 12:00:00,32,F,Mobile/Trailer Home,1998,StormEvents_fatalities-ftp_v1.0_d1998_c20260323.csv.gz
199803,20,0,1002392,5633550,D,03/20/1998 12:00:00,35,M,Mobile/Trailer Home,1998,StormEvents_fatalities-ftp_v1.0_d1998_c20260323.csv.gz
199803,20,0,1002394,5633550,D,03/20/1998 12:00:00,51,M,Mobile/Trailer Home,1998,StormEvents_fatalities-ftp_v1.0_d1998_c20260323.csv.gz
199803,20,0,1002395,5633550,D,03/20/1998 12:00:00,52,M,Mobile/Trailer Home,1998,StormEvents_fatalities-ftp_v1.0_d1998_c20260323.csv.gz
199908,11,0,1003502,5703912,D,08/11/1999 12:00:00,38,M,Outside/Open Areas,1999,StormEvents_fatalities-ftp_v1.0_d1999_c20260323.csv.gz
199906,4,0,1003516,5709343,D,06/04/1999 12:00:00,54,M,Mobile/Trailer Home,1999,StormEvents_fatalities-ftp_v1.0_d1999_c20260323.csv.gz
199901,6,0,1003269,5684311,D,01/06/1999 12:00:00,55,F,Mobile/Trailer Home,1999,StormEvents_fatalities-ftp_v1.0_d1999_c20260323.csv.gz
199901,21,0,1003270,5684586,D,01/21/1999 12:00:00,66,F,Mobile/Trailer Home,1999,StormEvents_fatalities-ftp_v1.0_d1999_c20260323.csv.gz
199901,21,0,1003271,5684586,D,01/21/1999 12:00:00,42,M,Vehicle/Towed Trailer,1999,StormEvents_fatalities-ftp_v1.0_d1999_c20260323.csv.gz
199901,21,0,1003272,5685646,D,01/21/1999 12:00:00,87,F,Mobile/Trailer Home,1999,StormEvents_fatalities-ftp_v1.0_d1999_c20260323.csv.gz
199901,21,0,1003273,5685650,D,01/21/1999 12:00:00,63,M,Mobile/Trailer Home,1999,StormEvents_fatalities-ftp_v1.0_d1999_c20260323.csv.gz
199901,21,0,1003274,5685650,D,01/21/1999 12:00:00,67,M,Business,1999,StormEvents_fatalities-ftp_v1.0_d1999_c20260323.csv.gz
199901,21,0,1003275,5685650,D,01/21/1999 12:00:00,34,M,Vehicle/Towed Trailer,1999,StormEvents_fatalities-ftp_v1.0_d1999_c20260323.csv.gz
199901,21,0,1003276,5685659,D,01/21/1999 12:00:00,65,F,Permanent Home,1999,StormEvents_fatalities-ftp_v1.0_d1999_c20260323.csv.gz
199901,21,0,1003277,5685659,D,01/21/1999 12:00:00,0,M,Permanent Home,1999,StormEvents_fatalities-ftp_v1.0_d1999_c20260323.csv.gz
199901,17,0,1003279,5685378,D,01/17/1999 12:00:00,9,F,Permanent Home,1999,StormEvents_fatalities-ftp_v1.0_d1999_c20260323.csv.gz
199901,17,0,1003280,5685378,D,01/17/1999 12:00:00,81,F,Permanent Home,1999,StormEvents_fatalities-ftp_v1.0_d1999_c20260323.csv.gz
199901,17,0,1003281,5685378,D,01/17/1999 12:00:00,46,F,Other,1999,StormEvents_fatalities-ftp_v1.0_d1999_c20260323.csv.gz
199901,17,0,1003282,5685378,D,01/17/1999 12:00:00,43,M,Permanent Home,1999,StormEvents_fatalities-ftp_v1.0_d1999_c20260323.csv.gz
199901,17,0,1003283,5685378,D,01/17/1999 12:00:00,43,M,Mobile/Trailer Home,1999,StormEvents_fatalities-ftp_v1.0_d1999_c20260323.csv.gz
199901,17,0,1003284,5685378,D,01/17/1999 12:00:00,29,F,Permanent Home,1999,StormEvents_fatalities-ftp_v1.0_d1999_c20260323.csv.gz
199901,17,0,1003285,5685485,D,01/17/1999 12:00:00,41,F,Mobile/Trailer Home,1999,StormEvents_fatalities-ftp_v1.0_d1999_c20260323.csv.gz
199901,21,0,1003287,5685488,D,01/21/1999 12:00:00,49,M,Mobile/Trailer Home,1999,StormEvents_fatalities-ftp_v1.0_d1999_c20260323.csv.gz
199901,22,0,1003290,5685676,D,01/22/1999 12:00:00,50,F,Outside/Open Areas,1999,StormEvents_fatalities-ftp_v1.0_d1999_c20260323.csv.gz
199905,4,0,1003372,5696336,D,05/04/1999 12:00:00,79,F,Permanent Home,1999,StormEvents_fatalities-ftp_v1.0_d1999_c20260323.csv.gz
199905,16,0,1003382,5697090,D,05/16/1999 12:00:00,15,F,Outside/Open Areas,1999,StormEvents_fatalities-ftp_v1.0_d1999_c20260323.csv.gz
199905,5,0,1003383,5696744,D,05/05/1999 12:00:00,14,F,Permanent Home,1999,StormEvents_fatalities-ftp_v1.0_d1999_c20260323.csv.gz
199905,5,0,1003384,5696744,D,05/05/1999 12:00:00,47,F,Permanent Home,1999,StormEvents_fatalities-ftp_v1.0_d1999_c20260323.csv.gz
199903,22,0,1003334,5692680,D,03/22/1999 12:00:00,84,F,Permanent Home,1999,StormEvents_fatalities-ftp_v1.0_d1999_c20260323.csv.gz
199904,9,0,1003342,5691323,D,04/09/1999 12:00:00,38,M,Vehicle/Towed Trailer,1999,StormEvents_fatalities-ftp_v1.0_d1999_c20260323.csv.gz
199904,9,0,1003343,5691323,D,04/09/1999 12:00:00,58,M,Permanent Home,1999,StormEvents_fatalities-ftp_v1.0_d1999_c20260323.csv.gz
199904,9,0,1003344,5691323,D,04/09/1999 12:00:00,52,F,Permanent Home,1999,StormEvents_fatalities-ftp_v1.0_d1999_c20260323.csv.gz
199904,14,0,1003345,5690029,D,04/14/1999 12:00:00,71,M,Mobile/Trailer Home,1999,StormEvents_fatalities-ftp_v1.0_d1999_c20260323.csv.gz
199904,3,0,1003348,5689894,D,04/03/1999 12:00:00,60,F,Mobile/Trailer Home,1999,StormEvents_fatalities-ftp_v1.0_d1999_c20260323.csv.gz
199904,3,0,1003349,5689894,D,04/03/1999 12:00:00,53,M,Mobile/Trailer Home,1999,StormEvents_fatalities-ftp_v1.0_d1999_c20260323.csv.gz
199904,3,0,1003350,5689894,D,04/03/1999 12:00:00,65,M,Mobile/Trailer Home,1999,StormEvents_fatalities-ftp_v1.0_d1999_c20260323.csv.gz
199904,3,0,1003351,5689894,D,04/03/1999 12:00:00,41,M,Mobile/Trailer Home,1999,StormEvents_fatalities-ftp_v1.0_d1999_c20260323.csv.gz
199904,3,0,1003352,5689894,D,04/03/1999 12:00:00,25,F,Mobile/Trailer Home,1999,StormEvents_fatalities-ftp_v1.0_d1999_c20260323.csv.gz
199904,3,0,1003353,5689894,D,04/03/1999 12:00:00,14,F,Outside/Open Areas,1999,StormEvents_fatalities-ftp_v1.0_d1999_c20260323.csv.gz
199904,3,0,1003354,5689894,D,04/03/1999 12:00:00,33,F,Mobile/Trailer Home,1999,StormEvents_fatalities-ftp_v1.0_d1999_c20260323.csv.gz
199904,15,0,1003362,5690805,D,04/15/1999 12:00:00,36,M,Mobile/Trailer Home,1999,StormEvents_fatalities-ftp_v1.0_d1999_c20260323.csv.gz
199904,8,0,1003370,5695283,D,04/08/1999 12:00:00,68,F,Mobile/Trailer Home,1999,StormEvents_fatalities-ftp_v1.0_d1999_c20260323.csv.gz
199904,9,0,1003371,5695385,D,04/09/1999 12:00:00,44,F,Mobile/Trailer Home,1999,StormEvents_fatalities-ftp_v1.0_d1999_c20260323.csv.gz
199905,3,0,1003356,5690169,D,05/03/1999 12:00:00,27,M,Mobile/Trailer Home,1999,StormEvents_fatalities-ftp_v1.0_d1999_c20260323.csv.gz
199905,3,0,1003357,5690169,D,05/03/1999 12:00:00,43,F,Outside/Open Areas,1999,StormEvents_fatalities-ftp_v1.0_d1999_c20260323.csv.gz
199905,3,0,1003358,5690169,D,05/03/1999 12:00:00,1,M,Outside/Open Areas,1999,StormEvents_fatalities-ftp_v1.0_d1999_c20260323.csv.gz
199905,3,0,1003359,5690169,D,05/03/1999 12:00:00,83,M,Mobile/Trailer Home,1999,StormEvents_fatalities-ftp_v1.0_d1999_c20260323.csv.gz
199905,3,0,1003360,5690169,D,05/03/1999 12:00:00,68,M,Mobile/Trailer Home,1999,StormEvents_fatalities-ftp_v1.0_d1999_c20260323.csv.gz
199905,23,0,1003361,5690169,D,05/23/1999 12:00:00,78,M,Mobile/Trailer Home,1999,StormEvents_fatalities-ftp_v1.0_d1999_c20260323.csv.gz
199912,2,0,1003179,5720060,D,12/02/1999 12:00:00,,M,Mobile/Trailer Home,1999,StormEvents_fatalities-ftp_v1.0_d1999_c20260323.csv.gz
199912,2,0,1003180,5720060,D,12/02/1999 12:00:00,,F,Mobile/Trailer Home,1999,StormEvents_fatalities-ftp_v1.0_d1999_c20260323.csv.gz
199905,28,0,1003445,5700642,D,05/28/1999 12:00:00,75,M,Permanent Home,1999,StormEvents_fatalities-ftp_v1.0_d1999_c20260323.csv.gz
199905,3,0,1003460,5705284,D,05/03/1999 12:00:00,55,F,Mobile/Trailer Home,1999,StormEvents_fatalities-ftp_v1.0_d1999_c20260323.csv.gz
199905,3,0,1003461,5705284,D,05/03/1999 12:00:00,44,F,Permanent Home,1999,StormEvents_fatalities-ftp_v1.0_d1999_c20260323.csv.gz
199905,3,0,1003462,5705284,D,05/03/1999 12:00:00,1,F,Permanent Home,1999,StormEvents_fatalities-ftp_v1.0_d1999_c20260323.csv.gz
199905,3,0,1003463,5705284,D,05/03/1999 12:00:00,53,F,Permanent Home,1999,StormEvents_fatalities-ftp_v1.0_d1999_c20260323.csv.gz
199905,3,0,1003464,5705284,D,05/03/1999 12:00:00,59,F,Mobile/Trailer Home,1999,StormEvents_fatalities-ftp_v1.0_d1999_c20260323.csv.gz
199905,3,0,1003465,5705284,D,05/03/1999 12:00:00,73,M,Mobile/Trailer Home,1999,StormEvents_fatalities-ftp_v1.0_d1999_c20260323.csv.gz
199905,3,0,1003466,5705284,D,05/03/1999 12:00:00,73,F,Mobile/Trailer Home,1999,StormEvents_fatalities-ftp_v1.0_d1999_c20260323.csv.gz
199905,3,0,1003467,5705284,D,05/03/1999 12:00:00,50,M,Mobile/Trailer Home,1999,StormEvents_fatalities-ftp_v1.0_d1999_c20260323.csv.gz
199905,3,0,1003468,5705284,D,05/03/1999 12:00:00,59,F,Mobile/Trailer Home,1999,StormEvents_fatalities-ftp_v1.0_d1999_c20260323.csv.gz
199905,3,0,1003469,5705284,D,05/03/1999 12:00:00,25,F,Mobile/Trailer Home,1999,StormEvents_fatalities-ftp_v1.0_d1999_c20260323.csv.gz
199905,3,0,1003470,5705284,D,05/03/1999 12:00:00,41,F,Mobile/Trailer Home,1999,StormEvents_fatalities-ftp_v1.0_d1999_c20260323.csv.gz
199905,3,0,1003471,5705284,D,05/03/1999 12:00:00,39,M,Mobile/Trailer Home,1999,StormEvents_fatalities-ftp_v1.0_d1999_c20260323.csv.gz
199905,3,0,1003472,5705285,D,05/03/1999 12:00:00,40,F,Outside/Open Areas,1999,StormEvents_fatalities-ftp_v1.0_d1999_c20260323.csv.gz
199905,3,0,1003474,5705286,D,05/03/1999 12:00:00,24,M,Permanent Home,1999,StormEvents_fatalities-ftp_v1.0_d1999_c20260323.csv.gz
199905,3,0,1003475,5705286,D,05/03/1999 12:00:00,94,F,Permanent Home,1999,StormEvents_fatalities-ftp_v1.0_d1999_c20260323.csv.gz
199905,3,0,1003476,5705286,D,05/03/1999 12:00:00,33,M,Permanent Home,1999,StormEvents_fatalities-ftp_v1.0_d1999_c20260323.csv.gz
199905,3,0,1003477,5705286,D,05/03/1999 12:00:00,30,F,Permanent Home,1999,StormEvents_fatalities-ftp_v1.0_d1999_c20260323.csv.gz
199905,3,0,1003478,5705286,D,05/03/1999 12:00:00,28,M,Permanent Home,1999,StormEvents_fatalities-ftp_v1.0_d1999_c20260323.csv.gz
199905,3,0,1003480,5705286,D,05/03/1999 12:00:00,4,F,Permanent Home,1999,StormEvents_fatalities-ftp_v1.0_d1999_c20260323.csv.gz
199905,3,0,1003481,5705286,D,05/03/1999 12:00:00,36,F,Permanent Home,1999,StormEvents_fatalities-ftp_v1.0_d1999_c20260323.csv.gz
199905,3,0,1003482,5705286,D,05/03/1999 12:00:00,36,M,Permanent Home,1999,StormEvents_fatalities-ftp_v1.0_d1999_c20260323.csv.gz
199905,3,0,1003484,5705287,D,05/03/1999 12:00:00,67,M,Permanent Home,1999,StormEvents_fatalities-ftp_v1.0_d1999_c20260323.csv.gz
199905,3,0,1003486,5705287,D,05/03/1999 12:00:00,49,F,Permanent Home,1999,StormEvents_fatalities-ftp_v1.0_d1999_c20260323.csv.gz
199905,3,0,1003487,5705287,D,05/03/1999 12:00:00,80,M,Permanent Home,1999,StormEvents_fatalities-ftp_v1.0_d1999_c20260323.csv.gz
199905,3,0,1003488,5705287,D,05/03/1999 12:00:00,60,F,Permanent Home,1999,StormEvents_fatalities-ftp_v1.0_d1999_c20260323.csv.gz
199905,3,0,1003489,5705287,D,05/03/1999 12:00:00,86,M,Permanent Home,1999,StormEvents_fatalities-ftp_v1.0_d1999_c20260323.csv.gz
199905,3,0,1003490,5705287,D,05/03/1999 12:00:00,43,F,Permanent Home,1999,StormEvents_fatalities-ftp_v1.0_d1999_c20260323.csv.gz
199905,3,0,1003492,5705287,D,05/03/1999 12:00:00,0,M,Permanent Home,1999,StormEvents_fatalities-ftp_v1.0_d1999_c20260323.csv.gz
199905,3,0,1003493,5705287,D,05/03/1999 12:00:00,50,F,Permanent Home,1999,StormEvents_fatalities-ftp_v1.0_d1999_c20260323.csv.gz
199905,3,0,1003494,5705287,D,05/03/1999 12:00:00,37,M,Business,1999,StormEvents_fatalities-ftp_v1.0_d1999_c20260323.csv.gz
199905,3,0,1003495,5705287,D,05/03/1999 12:00:00,52,M,Business,1999,StormEvents_fatalities-ftp_v1.0_d1999_c20260323.csv.gz
199905,3,0,1003496,5705409,D,05/03/1999 12:00:00,76,F,Permanent Home,1999,StormEvents_fatalities-ftp_v1.0_d1999_c20260323.csv.gz
199905,3,0,1003497,5705410,D,05/03/1999 12:00:00,45,M,Vehicle/Towed Trailer,1999,StormEvents_fatalities-ftp_v1.0_d1999_c20260323.csv.gz
199905,3,0,1003498,5705627,D,05/03/1999 12:00:00,41,F,Mobile/Trailer Home,1999,StormEvents_fatalities-ftp_v1.0_d1999_c20260323.csv.gz
199905,3,0,1003499,5705860,D,05/03/1999 12:00:00,46,F,Permanent Home,1999,StormEvents_fatalities-ftp_v1.0_d1999_c20260323.csv.gz
199906,1,0,1003447,5700776,D,06/01/1999 12:00:00,69,F,Mobile/Trailer Home,1999,StormEvents_fatalities-ftp_v1.0_d1999_c20260323.csv.gz
199906,8,0,1003448,5700776,D,06/08/1999 12:00:00,69,M,Mobile/Trailer Home,1999,StormEvents_fatalities-ftp_v1.0_d1999_c20260323.csv.gz
199905,5,0,1003385,5696744,D,05/05/1999 12:00:00,47,M,Permanent Home,1999,StormEvents_fatalities-ftp_v1.0_d1999_c20260323.csv.gz
199905,3,0,1003473,5705286,D,05/03/1999 12:00:00,26,M,Permanent Home,1999,StormEvents_fatalities-ftp_v1.0_d1999_c20260323.csv.gz
199905,3,0,1003479,5705286,D,05/03/1999 12:00:00,89,F,Permanent Home,1999,StormEvents_fatalities-ftp_v1.0_d1999_c20260323.csv.gz
199905,3,0,1003485,5705287,D,05/03/1999 12:00:00,75,F,Permanent Home,1999,StormEvents_fatalities-ftp_v1.0_d1999_c20260323.csv.gz
199905,3,0,1003491,5705287,D,05/03/1999 12:00:00,62,M,Permanent Home,1999,StormEvents_fatalities-ftp_v1.0_d1999_c20260323.csv.gz
199904,9,0,1003341,5691323,D,04/09/1999 12:00:00,40,M,Vehicle/Towed Trailer,1999,StormEvents_fatalities-ftp_v1.0_d1999_c20260323.csv.gz
199906,1,0,1003457,5705242,D,06/01/1999 12:00:00,54,M,Vehicle/Towed Trailer,1999,StormEvents_fatalities-ftp_v1.0_d1999_c20260323.csv.gz
199905,16,0,1003381,5697090,D,05/16/1999 12:00:00,37,F,Outside/Open Areas,1999,StormEvents_fatalities-ftp_v1.0_d1999_c20260323.csv.gz
199905,3,0,1003483,5705286,D,05/03/1999 12:00:00,26,F,Outside/Open Areas,1999,StormEvents_fatalities-ftp_v1.0_d1999_c20260323.csv.gz
200005,12,0,1006733,5146784,D,05/12/2000 12:00:00,80,F,Permanent Home,2000,StormEvents_fatalities-ftp_v1.0_d2000_c20260323.csv.gz
200003,28,0,1006706,5137406,D,03/28/2000 12:00:00,52,M,Outside/Open Areas,2000,StormEvents_fatalities-ftp_v1.0_d2000_c20260323.csv.gz
200003,28,0,18738,5137406,D,03/28/2000 12:00:00,67,M,Outside/Open Areas,2000,StormEvents_fatalities-ftp_v1.0_d2000_c20260323.csv.gz
200004,20,0,1006712,5139372,D,04/20/2000 12:00:00,19,M,Vehicle/Towed Trailer,2000,StormEvents_fatalities-ftp_v1.0_d2000_c20260323.csv.gz
200004,2,0,1006718,5141875,D,04/02/2000 12:00:00,90,F,Mobile/Trailer Home,2000,StormEvents_fatalities-ftp_v1.0_d2000_c20260323.csv.gz
200005,28,0,1006725,5145458,D,05/28/2000 12:00:00,72,F,Permanent Home,2000,StormEvents_fatalities-ftp_v1.0_d2000_c20260323.csv.gz
200009,20,0,1007030,5175230,D,09/20/2000 12:00:00,63,M,Vehicle/Towed Trailer,2000,StormEvents_fatalities-ftp_v1.0_d2000_c20260323.csv.gz
200007,25,0,1006923,5163249,D,07/25/2000 12:00:00,82,M,Permanent Home,2000,StormEvents_fatalities-ftp_v1.0_d2000_c20260323.csv.gz
200005,12,0,1006732,5146784,D,05/12/2000 12:00:00,70,M,Permanent Home,2000,StormEvents_fatalities-ftp_v1.0_d2000_c20260323.csv.gz
200012,16,0,1007093,5166971,D,12/16/2000 12:00:00,40,M,Vehicle/Towed Trailer,2000,StormEvents_fatalities-ftp_v1.0_d2000_c20260323.csv.gz
200012,16,0,1007094,5166971,D,12/16/2000 12:00:00,20,M,Mobile/Trailer Home,2000,StormEvents_fatalities-ftp_v1.0_d2000_c20260323.csv.gz
200012,16,0,1007095,5166971,D,12/16/2000 12:00:00,39,F,Mobile/Trailer Home,2000,StormEvents_fatalities-ftp_v1.0_d2000_c20260323.csv.gz
200012,16,0,1007096,5166971,D,12/16/2000 12:00:00,53,F,Mobile/Trailer Home,2000,StormEvents_fatalities-ftp_v1.0_d2000_c20260323.csv.gz
200012,16,0,1007097,5166971,D,12/16/2000 12:00:00,83,F,Mobile/Trailer Home,2000,StormEvents_fatalities-ftp_v1.0_d2000_c20260323.csv.gz
200012,16,0,1007098,5166971,D,12/16/2000 12:00:00,26,M,Mobile/Trailer Home,2000,StormEvents_fatalities-ftp_v1.0_d2000_c20260323.csv.gz
200012,16,0,1007099,5166971,D,12/16/2000 12:00:00,1,M,Mobile/Trailer Home,2000,StormEvents_fatalities-ftp_v1.0_d2000_c20260323.csv.gz
200012,16,0,1007100,5166971,D,12/16/2000 12:00:00,9,M,Mobile/Trailer Home,2000,StormEvents_fatalities-ftp_v1.0_d2000_c20260323.csv.gz
200012,16,0,1007101,5166971,D,12/16/2000 12:00:00,39,F,Mobile/Trailer Home,2000,StormEvents_fatalities-ftp_v1.0_d2000_c20260323.csv.gz
200012,16,0,1007102,5166971,D,12/16/2000 12:00:00,56,F,Mobile/Trailer Home,2000,StormEvents_fatalities-ftp_v1.0_d2000_c20260323.csv.gz
200012,17,0,1007113,5167810,D,12/17/2000 12:00:00,35,F,Mobile/Trailer Home,2000,StormEvents_fatalities-ftp_v1.0_d2000_c20260323.csv.gz
200002,13,0,1006658,5132156,D,02/13/2000 12:00:00,55,F,Mobile/Trailer Home,2000,StormEvents_fatalities-ftp_v1.0_d2000_c20260323.csv.gz
200002,13,0,1006660,5132156,D,02/13/2000 12:00:00,18,F,Mobile/Trailer Home,2000,StormEvents_fatalities-ftp_v1.0_d2000_c20260323.csv.gz
200002,13,0,1006662,5132156,D,02/13/2000 12:00:00,50,F,Mobile/Trailer Home,2000,StormEvents_fatalities-ftp_v1.0_d2000_c20260323.csv.gz
200002,13,0,1006664,5132156,D,02/13/2000 12:00:00,17,M,Mobile/Trailer Home,2000,StormEvents_fatalities-ftp_v1.0_d2000_c20260323.csv.gz
200002,13,0,1006666,5132156,D,02/13/2000 12:00:00,47,M,Mobile/Trailer Home,2000,StormEvents_fatalities-ftp_v1.0_d2000_c20260323.csv.gz
200002,13,0,1006668,5132156,D,02/13/2000 12:00:00,40,F,Mobile/Trailer Home,2000,StormEvents_fatalities-ftp_v1.0_d2000_c20260323.csv.gz
200002,13,0,1006670,5132156,D,02/13/2000 12:00:00,33,F,Mobile/Trailer Home,2000,StormEvents_fatalities-ftp_v1.0_d2000_c20260323.csv.gz
200002,13,0,1006672,5132156,D,02/13/2000 12:00:00,17,F,Mobile/Trailer Home,2000,StormEvents_fatalities-ftp_v1.0_d2000_c20260323.csv.gz
200002,13,0,1006674,5132156,D,02/13/2000 12:00:00,25,F,Mobile/Trailer Home,2000,StormEvents_fatalities-ftp_v1.0_d2000_c20260323.csv.gz
200002,13,0,18685,5132156,D,02/13/2000 12:00:00,51,F,Mobile/Trailer Home,2000,StormEvents_fatalities-ftp_v1.0_d2000_c20260323.csv.gz
200002,13,0,1006676,5132156,D,02/13/2000 12:00:00,51,F,Mobile/Trailer Home,2000,StormEvents_fatalities-ftp_v1.0_d2000_c20260323.csv.gz
200002,14,0,18687,5132157,D,02/14/2000 12:00:00,64,M,Permanent Home,2000,StormEvents_fatalities-ftp_v1.0_d2000_c20260323.csv.gz
200002,14,0,18688,5132157,D,02/14/2000 12:00:00,63,F,Permanent Home,2000,StormEvents_fatalities-ftp_v1.0_d2000_c20260323.csv.gz
200002,14,0,18689,5132157,D,02/14/2000 12:00:00,54,F,Mobile/Trailer Home,2000,StormEvents_fatalities-ftp_v1.0_d2000_c20260323.csv.gz
200002,14,0,18690,5132157,D,02/14/2000 12:00:00,85,M,Mobile/Trailer Home,2000,StormEvents_fatalities-ftp_v1.0_d2000_c20260323.csv.gz
200002,14,0,18691,5132157,D,02/14/2000 12:00:00,1,F,Mobile/Trailer Home,2000,StormEvents_fatalities-ftp_v1.0_d2000_c20260323.csv.gz
200002,14,0,18692,5132157,D,02/14/2000 12:00:00,28,F,Mobile/Trailer Home,2000,StormEvents_fatalities-ftp_v1.0_d2000_c20260323.csv.gz
200002,14,0,18693,5132159,D,02/14/2000 12:00:00,43,F,Mobile/Trailer Home,2000,StormEvents_fatalities-ftp_v1.0_d2000_c20260323.csv.gz
200002,14,0,18694,5132572,D,02/14/2000 12:00:00,73,M,Mobile/Trailer Home,2000,StormEvents_fatalities-ftp_v1.0_d2000_c20260323.csv.gz
200012,16,0,1007103,5166971,D,12/16/2000 12:00:00,64,F,Permanent Home,2000,StormEvents_fatalities-ftp_v1.0_d2000_c20260323.csv.gz
200009,23,0,1007035,5174266,D,09/23/2000 12:00:00,68,M,Vehicle/Towed Trailer,2000,StormEvents_fatalities-ftp_v1.0_d2000_c20260323.csv.gz
200102,24,0,18645,5233457,D,02/24/2001 12:00:00,2,M,Mobile/Trailer Home,2001,StormEvents_fatalities-ftp_v1.0_d2001_c20260323.csv.gz
200111,24,0,19120,5272278,D,11/24/2001 12:00:00,42,F,Mobile/Trailer Home,2001,StormEvents_fatalities-ftp_v1.0_d2001_c20260323.csv.gz
200111,24,0,19121,5272278,D,11/24/2001 12:00:00,63,F,Mobile/Trailer Home,2001,StormEvents_fatalities-ftp_v1.0_d2001_c20260323.csv.gz
200111,24,0,19122,5272365,D,11/24/2001 12:00:00,70,F,Mobile/Trailer Home,2001,StormEvents_fatalities-ftp_v1.0_d2001_c20260323.csv.gz
200111,24,0,19123,5272365,D,11/24/2001 12:00:00,40,M,Mobile/Trailer Home,2001,StormEvents_fatalities-ftp_v1.0_d2001_c20260323.csv.gz
200111,23,0,19126,5273824,D,11/23/2001 12:00:00,42,F,Mobile/Trailer Home,2001,StormEvents_fatalities-ftp_v1.0_d2001_c20260323.csv.gz
200104,21,0,18675,5236229,D,04/21/2001 12:00:00,69,M,Permanent Home,2001,StormEvents_fatalities-ftp_v1.0_d2001_c20260323.csv.gz
200104,11,0,18767,5235560,D,04/11/2001 12:00:00,41,M,Mobile/Trailer Home,2001,StormEvents_fatalities-ftp_v1.0_d2001_c20260323.csv.gz
200103,12,0,18679,5235588,D,03/12/2001 12:00:00,12,F,Mobile/Trailer Home,2001,StormEvents_fatalities-ftp_v1.0_d2001_c20260323.csv.gz
200103,12,0,18680,5235588,D,03/12/2001 12:00:00,70,F,Mobile/Trailer Home,2001,StormEvents_fatalities-ftp_v1.0_d2001_c20260323.csv.gz
200103,15,0,18712,5238186,D,03/15/2001 12:00:00,59,M,Mobile/Trailer Home,2001,StormEvents_fatalities-ftp_v1.0_d2001_c20260323.csv.gz
200104,11,0,18752,5243127,D,04/11/2001 12:00:00,45,M,Mobile/Trailer Home,2001,StormEvents_fatalities-ftp_v1.0_d2001_c20260323.csv.gz
200111,24,0,19195,5274077,D,11/24/2001 12:00:00,73,F,Permanent Home,2001,StormEvents_fatalities-ftp_v1.0_d2001_c20260323.csv.gz
200111,24,0,19196,5274077,D,11/24/2001 12:00:00,61,F,Permanent Home,2001,StormEvents_fatalities-ftp_v1.0_d2001_c20260323.csv.gz
200111,24,0,19197,5274078,D,11/24/2001 12:00:00,10,F,Mobile/Trailer Home,2001,StormEvents_fatalities-ftp_v1.0_d2001_c20260323.csv.gz
200105,31,0,1007149,5249745,D,05/31/2001 12:00:00,64,M,Permanent Home,2001,StormEvents_fatalities-ftp_v1.0_d2001_c20260323.csv.gz
200106,7,0,18800,5256331,D,06/07/2001 12:00:00,70,M,Vehicle/Towed Trailer,2001,StormEvents_fatalities-ftp_v1.0_d2001_c20260323.csv.gz
200106,11,0,18801,5255508,D,06/11/2001 12:00:00,32,M,Permanent Home,2001,StormEvents_fatalities-ftp_v1.0_d2001_c20260323.csv.gz
200106,18,0,18929,5261853,D,06/18/2001 12:00:00,80,F,Permanent Home,2001,StormEvents_fatalities-ftp_v1.0_d2001_c20260323.csv.gz
200106,18,0,18930,5261853,D,06/18/2001 12:00:00,77,M,Permanent Home,2001,StormEvents_fatalities-ftp_v1.0_d2001_c20260323.csv.gz
200109,24,0,19184,5270224,D,09/24/2001 12:00:00,23,F,Vehicle/Towed Trailer,2001,StormEvents_fatalities-ftp_v1.0_d2001_c20260323.csv.gz
200110,24,0,19090,5271991,D,10/24/2001 12:00:00,57,F,Mobile/Trailer Home,2001,StormEvents_fatalities-ftp_v1.0_d2001_c20260323.csv.gz
200111,24,0,19109,5272442,D,11/24/2001 12:00:00,74,M,Mobile/Trailer Home,2001,StormEvents_fatalities-ftp_v1.0_d2001_c20260323.csv.gz
200111,24,0,19110,5272442,D,11/24/2001 12:00:00,71,F,Mobile/Trailer Home,2001,StormEvents_fatalities-ftp_v1.0_d2001_c20260323.csv.gz
200111,29,0,19111,5272442,D,11/29/2001 12:00:00,89,M,Permanent Home,2001,StormEvents_fatalities-ftp_v1.0_d2001_c20260323.csv.gz
200111,24,0,19138,5272625,D,11/24/2001 12:00:00,0,M,Permanent Home,2001,StormEvents_fatalities-ftp_v1.0_d2001_c20260323.csv.gz
200109,24,0,19183,5270224,D,09/24/2001 12:00:00,20,F,Vehicle/Towed Trailer,2001,StormEvents_fatalities-ftp_v1.0_d2001_c20260323.csv.gz
200111,24,0,19137,5272625,D,11/24/2001 12:00:00,25,F,Permanent Home,2001,StormEvents_fatalities-ftp_v1.0_d2001_c20260323.csv.gz
200211,12,0,19713,5323812,D,11/12/2002 12:00:00,42,M,Mobile/Trailer Home,2002,StormEvents_fatalities-ftp_v1.0_d2002_c20260323.csv.gz
200211,9,0,19714,5323812,D,11/09/2002 12:00:00,65,F,Mobile/Trailer Home,2002,StormEvents_fatalities-ftp_v1.0_d2002_c20260323.csv.gz
200211,10,0,19716,5322729,D,11/10/2002 12:00:00,47,M,Permanent Home,2002,StormEvents_fatalities-ftp_v1.0_d2002_c20260323.csv.gz
200211,10,0,19717,5322729,D,11/10/2002 12:00:00,36,F,Permanent Home,2002,StormEvents_fatalities-ftp_v1.0_d2002_c20260323.csv.gz
200211,10,0,19718,5322729,D,11/10/2002 12:00:00,73,F,Permanent Home,2002,StormEvents_fatalities-ftp_v1.0_d2002_c20260323.csv.gz
200211,10,0,19719,5322729,D,11/10/2002 12:00:00,55,M,Vehicle/Towed Trailer,2002,StormEvents_fatalities-ftp_v1.0_d2002_c20260323.csv.gz
200211,10,0,19720,5322729,D,11/10/2002 12:00:00,1,F,Vehicle/Towed Trailer,2002,StormEvents_fatalities-ftp_v1.0_d2002_c20260323.csv.gz
200211,10,0,19721,5322729,D,11/10/2002 12:00:00,45,M,Permanent Home,2002,StormEvents_fatalities-ftp_v1.0_d2002_c20260323.csv.gz
200211,10,0,19722,5322729,D,11/10/2002 12:00:00,93,F,Permanent Home,2002,StormEvents_fatalities-ftp_v1.0_d2002_c20260323.csv.gz
200211,10,0,19764,5322801,D,11/10/2002 12:00:00,75,M,Permanent Home,2002,StormEvents_fatalities-ftp_v1.0_d2002_c20260323.csv.gz
200211,10,0,19765,5322864,D,11/10/2002 12:00:00,72,M,Mobile/Trailer Home,2002,StormEvents_fatalities-ftp_v1.0_d2002_c20260323.csv.gz
200211,10,0,19766,5322864,D,11/10/2002 12:00:00,67,F,Mobile/Trailer Home,2002,StormEvents_fatalities-ftp_v1.0_d2002_c20260323.csv.gz
200204,21,0,19278,5293473,D,04/21/2002 12:00:00,47,M,Mobile/Trailer Home,2002,StormEvents_fatalities-ftp_v1.0_d2002_c20260323.csv.gz
200204,27,0,19279,5292401,D,04/27/2002 12:00:00,12,M,Permanent Home,2002,StormEvents_fatalities-ftp_v1.0_d2002_c20260323.csv.gz
200204,28,0,19280,5292486,D,04/28/2002 12:00:00,69,F,Vehicle/Towed Trailer,2002,StormEvents_fatalities-ftp_v1.0_d2002_c20260323.csv.gz
200204,28,0,19489,5292540,D,04/28/2002 12:00:00,51,M,Permanent Home,2002,StormEvents_fatalities-ftp_v1.0_d2002_c20260323.csv.gz
200205,3,0,19490,5292640,D,05/03/2002 12:00:00,68,M,Permanent Home,2002,StormEvents_fatalities-ftp_v1.0_d2002_c20260323.csv.gz
200211,10,0,19908,5322422,D,11/10/2002 12:00:00,24,M,Permanent Home,2002,StormEvents_fatalities-ftp_v1.0_d2002_c20260323.csv.gz
200211,10,0,19731,5321432,D,11/10/2002 12:00:00,53,M,Outside/Open Areas,2002,StormEvents_fatalities-ftp_v1.0_d2002_c20260323.csv.gz
200211,10,0,19732,5321432,D,11/10/2002 12:00:00,61,M,Mobile/Trailer Home,2002,StormEvents_fatalities-ftp_v1.0_d2002_c20260323.csv.gz
200211,10,0,19733,5321432,D,11/10/2002 12:00:00,62,F,Mobile/Trailer Home,2002,StormEvents_fatalities-ftp_v1.0_d2002_c20260323.csv.gz
200212,18,0,19734,5321433,D,12/18/2002 12:00:00,91,M,Permanent Home,2002,StormEvents_fatalities-ftp_v1.0_d2002_c20260323.csv.gz
200211,10,0,19735,5321436,D,11/10/2002 12:00:00,39,F,Mobile/Trailer Home,2002,StormEvents_fatalities-ftp_v1.0_d2002_c20260323.csv.gz
200211,10,0,19736,5321436,D,11/10/2002 12:00:00,15,F,Mobile/Trailer Home,2002,StormEvents_fatalities-ftp_v1.0_d2002_c20260323.csv.gz
200211,10,0,19737,5321436,D,11/10/2002 12:00:00,50,M,Mobile/Trailer Home,2002,StormEvents_fatalities-ftp_v1.0_d2002_c20260323.csv.gz
200211,10,0,19738,5321436,D,11/10/2002 12:00:00,51,M,Mobile/Trailer Home,2002,StormEvents_fatalities-ftp_v1.0_d2002_c20260323.csv.gz
200211,10,0,19739,5321436,D,11/10/2002 12:00:00,73,F,Mobile/Trailer Home,2002,StormEvents_fatalities-ftp_v1.0_d2002_c20260323.csv.gz
200211,10,0,19740,5321436,D,11/10/2002 12:00:00,38,F,Mobile/Trailer Home,2002,StormEvents_fatalities-ftp_v1.0_d2002_c20260323.csv.gz
200211,10,0,19741,5321436,D,11/10/2002 12:00:00,61,F,Mobile/Trailer Home,2002,StormEvents_fatalities-ftp_v1.0_d2002_c20260323.csv.gz
200211,10,0,19742,5321578,D,11/10/2002 12:00:00,72,F,Mobile/Trailer Home,2002,StormEvents_fatalities-ftp_v1.0_d2002_c20260323.csv.gz
200211,5,0,19752,5321639,D,11/05/2002 12:00:00,54,M,Permanent Home,2002,StormEvents_fatalities-ftp_v1.0_d2002_c20260323.csv.gz
200211,10,0,19913,5322139,D,11/10/2002 12:00:00,45,M,Mobile/Trailer Home,2002,StormEvents_fatalities-ftp_v1.0_d2002_c20260323.csv.gz
200211,10,0,19914,5322139,D,11/10/2002 12:00:00,49,F,Mobile/Trailer Home,2002,StormEvents_fatalities-ftp_v1.0_d2002_c20260323.csv.gz
200211,10,0,19915,5322212,D,11/10/2002 12:00:00,75,F,Mobile/Trailer Home,2002,StormEvents_fatalities-ftp_v1.0_d2002_c20260323.csv.gz
200211,10,0,19916,5322212,D,11/10/2002 12:00:00,80,M,Mobile/Trailer Home,2002,StormEvents_fatalities-ftp_v1.0_d2002_c20260323.csv.gz
200211,10,0,19917,5322212,D,11/10/2002 12:00:00,55,M,Mobile/Trailer Home,2002,StormEvents_fatalities-ftp_v1.0_d2002_c20260323.csv.gz
200211,10,0,19918,5322212,D,11/10/2002 12:00:00,52,F,Mobile/Trailer Home,2002,StormEvents_fatalities-ftp_v1.0_d2002_c20260323.csv.gz
200211,10,0,19919,5322213,D,11/10/2002 12:00:00,10,M,Mobile/Trailer Home,2002,StormEvents_fatalities-ftp_v1.0_d2002_c20260323.csv.gz
200211,10,0,19920,5322213,D,11/10/2002 12:00:00,43,M,Mobile/Trailer Home,2002,StormEvents_fatalities-ftp_v1.0_d2002_c20260323.csv.gz
200212,18,0,19905,5326101,D,12/18/2002 12:00:00,32,F,Mobile/Trailer Home,2002,StormEvents_fatalities-ftp_v1.0_d2002_c20260323.csv.gz
200212,17,0,19906,5326269,D,12/17/2002 12:00:00,47,F,Permanent Home,2002,StormEvents_fatalities-ftp_v1.0_d2002_c20260323.csv.gz
200212,18,0,19784,5324258,D,12/18/2002 12:00:00,84,F,Mobile/Trailer Home,2002,StormEvents_fatalities-ftp_v1.0_d2002_c20260323.csv.gz
200204,28,0,19491,5292640,D,04/28/2002 12:00:00,65,F,Permanent Home,2002,StormEvents_fatalities-ftp_v1.0_d2002_c20260323.csv.gz
200204,28,0,19286,5291706,D,04/28/2002 12:00:00,52,M,Mobile/Trailer Home,2002,StormEvents_fatalities-ftp_v1.0_d2002_c20260323.csv.gz
200205,9,0,19290,5291920,D,05/09/2002 12:00:00,38,F,Mobile/Trailer Home,2002,StormEvents_fatalities-ftp_v1.0_d2002_c20260323.csv.gz
200205,9,0,19291,5291920,D,05/09/2002 12:00:00,42,M,Mobile/Trailer Home,2002,StormEvents_fatalities-ftp_v1.0_d2002_c20260323.csv.gz
200205,5,0,19304,5296441,D,05/05/2002 12:00:00,37,M,Mobile/Trailer Home,2002,StormEvents_fatalities-ftp_v1.0_d2002_c20260323.csv.gz
200205,5,0,19305,5296441,D,05/05/2002 12:00:00,35,F,Mobile/Trailer Home,2002,StormEvents_fatalities-ftp_v1.0_d2002_c20260323.csv.gz
200212,24,0,19907,5326269,D,12/24/2002 12:00:00,64,F,Under Tree,2002,StormEvents_fatalities-ftp_v1.0_d2002_c20260323.csv.gz
200210,29,0,19686,5319530,D,10/29/2002 12:00:00,16,F,Mobile/Trailer Home,2002,StormEvents_fatalities-ftp_v1.0_d2002_c20260323.csv.gz
200210,29,0,19687,5319530,D,10/29/2002 12:00:00,33,F,Mobile/Trailer Home,2002,StormEvents_fatalities-ftp_v1.0_d2002_c20260323.csv.gz
200210,24,0,19694,5319564,D,10/24/2002 12:00:00,,M,School,2002,StormEvents_fatalities-ftp_v1.0_d2002_c20260323.csv.gz
200211,10,0,19710,5322919,D,11/10/2002 12:00:00,52,M,Outside/Open Areas,2002,StormEvents_fatalities-ftp_v1.0_d2002_c20260323.csv.gz
200211,10,0,19763,5322801,D,11/10/2002 12:00:00,18,M,Vehicle/Towed Trailer,2002,StormEvents_fatalities-ftp_v1.0_d2002_c20260323.csv.gz
200211,10,0,19728,5323155,D,11/10/2002 12:00:00,81,M,Permanent Home,2002,StormEvents_fatalities-ftp_v1.0_d2002_c20260323.csv.gz
200302,22,0,19959,5345281,D,02/22/2003 12:00:00,27,F,Mobile/Trailer Home,2003,StormEvents_fatalities-ftp_v1.0_d2003_c20260323.csv.gz
200310,27,0,20312,5371873,D,10/27/2003 12:00:00,77,F,Outside/Open Areas,2003,StormEvents_fatalities-ftp_v1.0_d2003_c20260323.csv.gz
200303,19,0,19967,5346695,D,03/19/2003 12:00:00,75,M,Mobile/Trailer Home,2003,StormEvents_fatalities-ftp_v1.0_d2003_c20260323.csv.gz
200303,20,0,20466,5347027,D,03/20/2003 12:00:00,1,M,Mobile/Trailer Home,2003,StormEvents_fatalities-ftp_v1.0_d2003_c20260323.csv.gz
200306,23,0,20180,5370039,D,06/23/2003 12:00:00,70,M,Heavy Equipment/Construction,2003,StormEvents_fatalities-ftp_v1.0_d2003_c20260323.csv.gz
200303,20,0,20467,5347027,D,03/20/2003 12:00:00,8,M,Mobile/Trailer Home,2003,StormEvents_fatalities-ftp_v1.0_d2003_c20260323.csv.gz
200303,20,0,20468,5347027,D,03/20/2003 12:00:00,40,F,Mobile/Trailer Home,2003,StormEvents_fatalities-ftp_v1.0_d2003_c20260323.csv.gz
200303,20,0,20469,5347027,D,03/20/2003 12:00:00,42,M,Mobile/Trailer Home,2003,StormEvents_fatalities-ftp_v1.0_d2003_c20260323.csv.gz
200303,20,0,20470,5347028,D,03/20/2003 12:00:00,77,F,Mobile/Trailer Home,2003,StormEvents_fatalities-ftp_v1.0_d2003_c20260323.csv.gz
200303,20,0,20471,5347028,D,03/20/2003 12:00:00,50,M,Mobile/Trailer Home,2003,StormEvents_fatalities-ftp_v1.0_d2003_c20260323.csv.gz
200305,6,0,1007387,5352326,D,05/06/2003 12:00:00,65,F,Mobile/Trailer Home,2003,StormEvents_fatalities-ftp_v1.0_d2003_c20260323.csv.gz
200305,11,0,20014,5357139,D,05/11/2003 12:00:00,29,F,Mobile/Trailer Home,2003,StormEvents_fatalities-ftp_v1.0_d2003_c20260323.csv.gz
200305,4,0,20409,5356963,D,05/04/2003 12:00:00,1,M,Permanent Home,2003,StormEvents_fatalities-ftp_v1.0_d2003_c20260323.csv.gz
200305,4,0,20410,5356963,D,05/04/2003 12:00:00,7,M,Mobile/Trailer Home,2003,StormEvents_fatalities-ftp_v1.0_d2003_c20260323.csv.gz
200305,4,0,20411,5356963,D,05/04/2003 12:00:00,8,M,Mobile/Trailer Home,2003,StormEvents_fatalities-ftp_v1.0_d2003_c20260323.csv.gz
200305,4,0,20413,5356963,D,05/04/2003 12:00:00,23,F,Mobile/Trailer Home,2003,StormEvents_fatalities-ftp_v1.0_d2003_c20260323.csv.gz
200305,4,0,20414,5356963,D,05/04/2003 12:00:00,25,F,Mobile/Trailer Home,2003,StormEvents_fatalities-ftp_v1.0_d2003_c20260323.csv.gz
200305,4,0,20415,5356963,D,05/04/2003 12:00:00,33,M,Mobile/Trailer Home,2003,StormEvents_fatalities-ftp_v1.0_d2003_c20260323.csv.gz
200305,4,0,20416,5356963,D,05/04/2003 12:00:00,39,M,Mobile/Trailer Home,2003,StormEvents_fatalities-ftp_v1.0_d2003_c20260323.csv.gz
200305,4,0,20417,5356963,D,05/04/2003 12:00:00,40,F,Mobile/Trailer Home,2003,StormEvents_fatalities-ftp_v1.0_d2003_c20260323.csv.gz
200305,4,0,20418,5356963,D,05/04/2003 12:00:00,44,F,Mobile/Trailer Home,2003,StormEvents_fatalities-ftp_v1.0_d2003_c20260323.csv.gz
200305,4,0,20419,5356963,D,05/04/2003 12:00:00,53,M,Mobile/Trailer Home,2003,StormEvents_fatalities-ftp_v1.0_d2003_c20260323.csv.gz
200305,4,0,20039,5358085,D,05/04/2003 12:00:00,50,F,Permanent Home,2003,StormEvents_fatalities-ftp_v1.0_d2003_c20260323.csv.gz
200305,4,0,20040,5358085,D,05/04/2003 12:00:00,80,M,Permanent Home,2003,StormEvents_fatalities-ftp_v1.0_d2003_c20260323.csv.gz
200305,4,0,20041,5358085,D,05/04/2003 12:00:00,73,F,Permanent Home,2003,StormEvents_fatalities-ftp_v1.0_d2003_c20260323.csv.gz
200305,4,0,20042,5358086,D,05/04/2003 12:00:00,48,F,Mobile/Trailer Home,2003,StormEvents_fatalities-ftp_v1.0_d2003_c20260323.csv.gz
200305,4,0,20043,5358086,D,05/04/2003 12:00:00,68,M,Permanent Home,2003,StormEvents_fatalities-ftp_v1.0_d2003_c20260323.csv.gz
200305,4,0,20218,5358087,D,05/04/2003 12:00:00,88,M,Permanent Home,2003,StormEvents_fatalities-ftp_v1.0_d2003_c20260323.csv.gz
200306,18,0,20046,5358164,D,06/18/2003 12:00:00,83,F,Permanent Home,2003,StormEvents_fatalities-ftp_v1.0_d2003_c20260323.csv.gz
200305,4,0,20047,5358164,D,05/04/2003 12:00:00,53,M,Mobile/Trailer Home,2003,StormEvents_fatalities-ftp_v1.0_d2003_c20260323.csv.gz
200305,4,0,20048,5358164,D,05/04/2003 12:00:00,75,M,Permanent Home,2003,StormEvents_fatalities-ftp_v1.0_d2003_c20260323.csv.gz
200305,4,0,20049,5358164,D,05/04/2003 12:00:00,76,F,Permanent Home,2003,StormEvents_fatalities-ftp_v1.0_d2003_c20260323.csv.gz
200305,4,0,20051,5358167,D,05/04/2003 12:00:00,34,M,Outside/Open Areas,2003,StormEvents_fatalities-ftp_v1.0_d2003_c20260323.csv.gz
200305,4,0,20052,5358167,D,05/04/2003 12:00:00,86,M,Permanent Home,2003,StormEvents_fatalities-ftp_v1.0_d2003_c20260323.csv.gz
200305,4,0,20053,5358169,D,05/04/2003 12:00:00,63,F,Permanent Home,2003,StormEvents_fatalities-ftp_v1.0_d2003_c20260323.csv.gz
200305,4,0,20356,5358172,D,05/04/2003 12:00:00,49,M,Permanent Home,2003,StormEvents_fatalities-ftp_v1.0_d2003_c20260323.csv.gz
200305,4,0,20357,5358172,D,05/04/2003 12:00:00,47,F,Permanent Home,2003,StormEvents_fatalities-ftp_v1.0_d2003_c20260323.csv.gz
200305,4,0,20054,5358175,D,05/04/2003 12:00:00,40,F,Outside/Open Areas,2003,StormEvents_fatalities-ftp_v1.0_d2003_c20260323.csv.gz
200305,4,0,20055,5358178,D,05/04/2003 12:00:00,71,M,Permanent Home,2003,StormEvents_fatalities-ftp_v1.0_d2003_c20260323.csv.gz
200305,4,0,20219,5358181,D,05/04/2003 12:00:00,46,F,Mobile/Trailer Home,2003,StormEvents_fatalities-ftp_v1.0_d2003_c20260323.csv.gz
200305,4,0,20220,5358181,D,05/04/2003 12:00:00,52,M,Other,2003,StormEvents_fatalities-ftp_v1.0_d2003_c20260323.csv.gz
200305,4,0,20221,5358181,D,05/04/2003 12:00:00,1,M,Mobile/Trailer Home,2003,StormEvents_fatalities-ftp_v1.0_d2003_c20260323.csv.gz
200305,4,0,20222,5358181,D,05/04/2003 12:00:00,52,F,Permanent Home,2003,StormEvents_fatalities-ftp_v1.0_d2003_c20260323.csv.gz
200305,4,0,20223,5358181,D,05/04/2003 12:00:00,39,F,Mobile/Trailer Home,2003,StormEvents_fatalities-ftp_v1.0_d2003_c20260323.csv.gz
200302,22,0,19960,5345281,D,02/22/2003 12:00:00,40,M,Mobile/Trailer Home,2003,StormEvents_fatalities-ftp_v1.0_d2003_c20260323.csv.gz
200303,27,0,19987,5344775,D,03/27/2003 12:00:00,65,M,Permanent Home,2003,StormEvents_fatalities-ftp_v1.0_d2003_c20260323.csv.gz
200305,4,0,20412,5356963,D,05/04/2003 12:00:00,22,F,Permanent Home,2003,StormEvents_fatalities-ftp_v1.0_d2003_c20260323.csv.gz
200305,4,0,20044,5358086,D,05/04/2003 12:00:00,87,F,Permanent Home,2003,StormEvents_fatalities-ftp_v1.0_d2003_c20260323.csv.gz
200305,4,0,20050,5358167,D,05/04/2003 12:00:00,40,M,Permanent Home,2003,StormEvents_fatalities-ftp_v1.0_d2003_c20260323.csv.gz
200305,4,0,20056,5358178,D,05/04/2003 12:00:00,62,F,Permanent Home,2003,StormEvents_fatalities-ftp_v1.0_d2003_c20260323.csv.gz
200311,17,0,20486,5331471,D,11/17/2003 12:00:00,17,F,Vehicle/Towed Trailer,2003,StormEvents_fatalities-ftp_v1.0_d2003_c20260323.csv.gz
200410,18,0,20795,5427354,D,10/18/2004 12:00:00,86,M,Permanent Home,2004,StormEvents_fatalities-ftp_v1.0_d2004_c20260323.csv.gz
200410,18,0,20796,5427354,D,10/18/2004 12:00:00,,F,Permanent Home,2004,StormEvents_fatalities-ftp_v1.0_d2004_c20260323.csv.gz
200410,18,0,20797,5427354,D,10/18/2004 12:00:00,,M,Permanent Home,2004,StormEvents_fatalities-ftp_v1.0_d2004_c20260323.csv.gz
200411,24,0,20828,5425478,D,11/24/2004 12:00:00,44,M,Permanent Home,2004,StormEvents_fatalities-ftp_v1.0_d2004_c20260323.csv.gz
200411,23,0,20830,5425182,D,11/23/2004 12:00:00,77,F,Mobile/Trailer Home,2004,StormEvents_fatalities-ftp_v1.0_d2004_c20260323.csv.gz
200411,24,0,20835,5425192,D,11/24/2004 12:00:00,75,F,Mobile/Trailer Home,2004,StormEvents_fatalities-ftp_v1.0_d2004_c20260323.csv.gz
200411,23,0,21025,5432590,D,11/23/2004 12:00:00,89,F,Permanent Home,2004,StormEvents_fatalities-ftp_v1.0_d2004_c20260323.csv.gz
200409,16,0,20736,5422944,D,09/16/2004 12:00:00,38,F,Vehicle/Towed Trailer,2004,StormEvents_fatalities-ftp_v1.0_d2004_c20260323.csv.gz
200409,15,0,20761,5423449,D,09/15/2004 12:00:00,77,F,Permanent Home,2004,StormEvents_fatalities-ftp_v1.0_d2004_c20260323.csv.gz
200409,15,0,20762,5423514,D,09/15/2004 12:00:00,84,M,Business,2004,StormEvents_fatalities-ftp_v1.0_d2004_c20260323.csv.gz
200409,15,0,20763,5423515,D,09/15/2004 12:00:00,55,M,Permanent Home,2004,StormEvents_fatalities-ftp_v1.0_d2004_c20260323.csv.gz
200409,15,0,20764,5423515,D,09/15/2004 12:00:00,35,F,Permanent Home,2004,StormEvents_fatalities-ftp_v1.0_d2004_c20260323.csv.gz
200409,15,0,20765,5423515,D,09/15/2004 12:00:00,41,M,Permanent Home,2004,StormEvents_fatalities-ftp_v1.0_d2004_c20260323.csv.gz
200409,15,0,20766,5423515,D,09/15/2004 12:00:00,37,F,Permanent Home,2004,StormEvents_fatalities-ftp_v1.0_d2004_c20260323.csv.gz
200404,20,0,20537,5390599,D,04/20/2004 12:00:00,63,M,Business,2004,StormEvents_fatalities-ftp_v1.0_d2004_c20260323.csv.gz
200404,20,0,20538,5390599,D,04/20/2004 12:00:00,41,F,Business,2004,StormEvents_fatalities-ftp_v1.0_d2004_c20260323.csv.gz
200404,20,0,20539,5390599,D,04/20/2004 12:00:00,67,F,Business,2004,StormEvents_fatalities-ftp_v1.0_d2004_c20260323.csv.gz
200404,20,0,20540,5390599,D,04/20/2004 12:00:00,81,F,Business,2004,StormEvents_fatalities-ftp_v1.0_d2004_c20260323.csv.gz
200404,20,0,20541,5390599,D,04/20/2004 12:00:00,18,M,Business,2004,StormEvents_fatalities-ftp_v1.0_d2004_c20260323.csv.gz
200404,20,0,20542,5390599,D,04/20/2004 12:00:00,49,M,Business,2004,StormEvents_fatalities-ftp_v1.0_d2004_c20260323.csv.gz
200404,20,0,20543,5390599,D,04/20/2004 12:00:00,50,F,Business,2004,StormEvents_fatalities-ftp_v1.0_d2004_c20260323.csv.gz
200404,20,0,20544,5390599,D,04/20/2004 12:00:00,47,M,Business,2004,StormEvents_fatalities-ftp_v1.0_d2004_c20260323.csv.gz
200409,27,0,20653,5415069,D,09/27/2004 12:00:00,51,M,Mobile/Trailer Home,2004,StormEvents_fatalities-ftp_v1.0_d2004_c20260323.csv.gz
200408,13,0,20675,5418859,D,08/13/2004 12:00:00,26,M,Mobile/Trailer Home,2004,StormEvents_fatalities-ftp_v1.0_d2004_c20260323.csv.gz
200408,13,0,20676,5418859,D,08/13/2004 12:00:00,1,F,Mobile/Trailer Home,2004,StormEvents_fatalities-ftp_v1.0_d2004_c20260323.csv.gz
200408,13,0,20677,5418859,D,08/13/2004 12:00:00,28,M,Mobile/Trailer Home,2004,StormEvents_fatalities-ftp_v1.0_d2004_c20260323.csv.gz
200405,22,0,20712,5396244,D,05/22/2004 12:00:00,73,F,Permanent Home,2004,StormEvents_fatalities-ftp_v1.0_d2004_c20260323.csv.gz
200405,30,0,20580,5396287,D,05/30/2004 12:00:00,39,M,Vehicle/Towed Trailer,2004,StormEvents_fatalities-ftp_v1.0_d2004_c20260323.csv.gz
200405,30,0,20581,5396681,D,05/30/2004 12:00:00,83,M,Mobile/Trailer Home,2004,StormEvents_fatalities-ftp_v1.0_d2004_c20260323.csv.gz
200405,29,0,20886,5398137,D,05/29/2004 12:00:00,80,F,Permanent Home,2004,StormEvents_fatalities-ftp_v1.0_d2004_c20260323.csv.gz
200405,29,0,20887,5398137,D,05/29/2004 12:00:00,60,F,Permanent Home,2004,StormEvents_fatalities-ftp_v1.0_d2004_c20260323.csv.gz
200405,29,0,20888,5398137,D,05/29/2004 12:00:00,54,M,Permanent Home,2004,StormEvents_fatalities-ftp_v1.0_d2004_c20260323.csv.gz
200405,30,0,20595,5401775,D,05/30/2004 12:00:00,24,M,Ball Field,2004,StormEvents_fatalities-ftp_v1.0_d2004_c20260323.csv.gz
200405,25,0,20598,5400995,D,05/25/2004 12:00:00,63,F,Mobile/Trailer Home,2004,StormEvents_fatalities-ftp_v1.0_d2004_c20260323.csv.gz
200406,23,0,1007461,5406508,D,06/23/2004 12:00:00,53,M,Permanent Home,2004,StormEvents_fatalities-ftp_v1.0_d2004_c20260323.csv.gz
200406,26,0,20629,5410847,D,06/26/2004 12:00:00,72,M,Business,2004,StormEvents_fatalities-ftp_v1.0_d2004_c20260323.csv.gz
200511,6,0,21438,5480598,D,11/06/2005 12:00:00,33,M,Mobile/Trailer Home,2005,StormEvents_fatalities-ftp_v1.0_d2005_c20260323.csv.gz
200511,6,0,21439,5480598,D,11/06/2005 12:00:00,28,F,Mobile/Trailer Home,2005,StormEvents_fatalities-ftp_v1.0_d2005_c20260323.csv.gz
200511,6,0,21440,5480598,D,11/06/2005 12:00:00,4,M,Mobile/Trailer Home,2005,StormEvents_fatalities-ftp_v1.0_d2005_c20260323.csv.gz
200511,6,0,21441,5480598,D,11/06/2005 12:00:00,18,F,Vehicle/Towed Trailer,2005,StormEvents_fatalities-ftp_v1.0_d2005_c20260323.csv.gz
200511,15,0,21479,5479519,D,11/15/2005 12:00:00,63,M,Mobile/Trailer Home,2005,StormEvents_fatalities-ftp_v1.0_d2005_c20260323.csv.gz
200511,27,0,21443,5479578,D,11/27/2005 12:00:00,62,M,Permanent Home,2005,StormEvents_fatalities-ftp_v1.0_d2005_c20260323.csv.gz
200503,22,0,21014,5439830,D,03/22/2005 12:00:00,34,F,Mobile/Trailer Home,2005,StormEvents_fatalities-ftp_v1.0_d2005_c20260323.csv.gz
200501,13,0,20947,5436171,D,01/13/2005 12:00:00,70,M,Mobile/Trailer Home,2005,StormEvents_fatalities-ftp_v1.0_d2005_c20260323.csv.gz
200501,13,0,20948,5436171,D,01/13/2005 12:00:00,62,F,Mobile/Trailer Home,2005,StormEvents_fatalities-ftp_v1.0_d2005_c20260323.csv.gz
200507,6,0,21901,5468428,D,07/06/2005 12:00:00,18,M,In Water,2005,StormEvents_fatalities-ftp_v1.0_d2005_c20260323.csv.gz
200508,18,0,21488,5475742,D,08/18/2005 12:00:00,54,M,Permanent Home,2005,StormEvents_fatalities-ftp_v1.0_d2005_c20260323.csv.gz
200509,24,0,21371,5478316,D,09/24/2005 12:00:00,50,M,Mobile/Trailer Home,2005,StormEvents_fatalities-ftp_v1.0_d2005_c20260323.csv.gz
200511,6,0,21432,5480597,D,11/06/2005 12:00:00,54,M,Mobile/Trailer Home,2005,StormEvents_fatalities-ftp_v1.0_d2005_c20260323.csv.gz
200511,6,0,21433,5480597,D,11/06/2005 12:00:00,78,F,Mobile/Trailer Home,2005,StormEvents_fatalities-ftp_v1.0_d2005_c20260323.csv.gz
200511,6,0,21434,5480597,D,11/06/2005 12:00:00,64,M,Mobile/Trailer Home,2005,StormEvents_fatalities-ftp_v1.0_d2005_c20260323.csv.gz
200511,6,0,21435,5480597,D,11/06/2005 12:00:00,67,F,Mobile/Trailer Home,2005,StormEvents_fatalities-ftp_v1.0_d2005_c20260323.csv.gz
200511,10,0,21436,5480597,D,11/10/2005 12:00:00,28,F,Mobile/Trailer Home,2005,StormEvents_fatalities-ftp_v1.0_d2005_c20260323.csv.gz
200512,17,0,21437,5480597,D,12/17/2005 12:00:00,45,F,Mobile/Trailer Home,2005,StormEvents_fatalities-ftp_v1.0_d2005_c20260323.csv.gz
200501,12,0,21394,5482100,D,01/12/2005 12:00:00,83,M,Mobile/Trailer Home,2005,StormEvents_fatalities-ftp_v1.0_d2005_c20260323.csv.gz
200501,12,0,21395,5482100,D,01/12/2005 12:00:00,83,F,Mobile/Trailer Home,2005,StormEvents_fatalities-ftp_v1.0_d2005_c20260323.csv.gz
200511,6,0,21418,5480597,D,11/06/2005 12:00:00,5,M,Mobile/Trailer Home,2005,StormEvents_fatalities-ftp_v1.0_d2005_c20260323.csv.gz
200511,6,0,21419,5480597,D,11/06/2005 12:00:00,25,M,Mobile/Trailer Home,2005,StormEvents_fatalities-ftp_v1.0_d2005_c20260323.csv.gz
200511,6,0,21420,5480597,D,11/06/2005 12:00:00,56,F,Mobile/Trailer Home,2005,StormEvents_fatalities-ftp_v1.0_d2005_c20260323.csv.gz
200511,6,0,21421,5480597,D,11/06/2005 12:00:00,59,M,Mobile/Trailer Home,2005,StormEvents_fatalities-ftp_v1.0_d2005_c20260323.csv.gz
200511,6,0,21422,5480597,D,11/06/2005 12:00:00,6,F,Mobile/Trailer Home,2005,StormEvents_fatalities-ftp_v1.0_d2005_c20260323.csv.gz
200511,6,0,21423,5480597,D,11/06/2005 12:00:00,26,M,Mobile/Trailer Home,2005,StormEvents_fatalities-ftp_v1.0_d2005_c20260323.csv.gz
200511,6,0,21424,5480597,D,11/06/2005 12:00:00,46,F,Mobile/Trailer Home,2005,StormEvents_fatalities-ftp_v1.0_d2005_c20260323.csv.gz
200511,6,0,21425,5480597,D,11/06/2005 12:00:00,31,F,Mobile/Trailer Home,2005,StormEvents_fatalities-ftp_v1.0_d2005_c20260323.csv.gz
200511,6,0,21426,5480597,D,11/06/2005 12:00:00,28,M,Mobile/Trailer Home,2005,StormEvents_fatalities-ftp_v1.0_d2005_c20260323.csv.gz
200511,6,0,21427,5480597,D,11/06/2005 12:00:00,60,F,Mobile/Trailer Home,2005,StormEvents_fatalities-ftp_v1.0_d2005_c20260323.csv.gz
200511,6,0,21428,5480597,D,11/06/2005 12:00:00,2,M,Mobile/Trailer Home,2005,StormEvents_fatalities-ftp_v1.0_d2005_c20260323.csv.gz
200511,6,0,21429,5480597,D,11/06/2005 12:00:00,61,F,Mobile/Trailer Home,2005,StormEvents_fatalities-ftp_v1.0_d2005_c20260323.csv.gz
200511,6,0,21430,5480597,D,11/06/2005 12:00:00,46,F,Mobile/Trailer Home,2005,StormEvents_fatalities-ftp_v1.0_d2005_c20260323.csv.gz
200511,6,0,21431,5480597,D,11/06/2005 12:00:00,38,M,Mobile/Trailer Home,2005,StormEvents_fatalities-ftp_v1.0_d2005_c20260323.csv.gz
200511,27,0,21474,5484328,D,11/27/2005 12:00:00,33,M,Vehicle/Towed Trailer,2005,StormEvents_fatalities-ftp_v1.0_d2005_c20260323.csv.gz
200603,18,0,21550,5493639,D,03/18/2006 12:00:00,77,M,Permanent Home,2006,StormEvents_fatalities-ftp_v1.0_d2006_c20260323.csv.gz
200601,13,0,21499,5487738,D,01/13/2006 12:00:00,58,F,Permanent Home,2006,StormEvents_fatalities-ftp_v1.0_d2006_c20260323.csv.gz
200603,11,0,21546,5493738,D,03/11/2006 12:00:00,40,M,Vehicle/Towed Trailer,2006,StormEvents_fatalities-ftp_v1.0_d2006_c20260323.csv.gz
200609,16,0,22163,5534342,D,09/16/2006 12:00:00,10,F,Permanent Home,2006,StormEvents_fatalities-ftp_v1.0_d2006_c20260323.csv.gz
200605,9,0,21664,5511066,D,05/09/2006 12:00:00,80,F,Mobile/Trailer Home,2006,StormEvents_fatalities-ftp_v1.0_d2006_c20260323.csv.gz
200605,9,0,21665,5511066,D,05/09/2006 12:00:00,82,M,Mobile/Trailer Home,2006,StormEvents_fatalities-ftp_v1.0_d2006_c20260323.csv.gz
200605,9,0,21666,5511067,D,05/09/2006 12:00:00,14,M,Permanent Home,2006,StormEvents_fatalities-ftp_v1.0_d2006_c20260323.csv.gz
200603,12,0,21556,5498975,D,03/12/2006 12:00:00,54,M,Permanent Home,2006,StormEvents_fatalities-ftp_v1.0_d2006_c20260323.csv.gz
200603,12,0,21557,5497828,D,03/12/2006 12:00:00,39,F,Mobile/Trailer Home,2006,StormEvents_fatalities-ftp_v1.0_d2006_c20260323.csv.gz
200606,15,0,21906,5497919,D,06/15/2006 12:00:00,66,M,Permanent Home,2006,StormEvents_fatalities-ftp_v1.0_d2006_c20260323.csv.gz
200603,12,0,21558,5497925,D,03/12/2006 12:00:00,60,M,Mobile/Trailer Home,2006,StormEvents_fatalities-ftp_v1.0_d2006_c20260323.csv.gz
200603,12,0,21559,5497925,D,03/12/2006 12:00:00,57,F,Mobile/Trailer Home,2006,StormEvents_fatalities-ftp_v1.0_d2006_c20260323.csv.gz
200603,12,0,21560,5497925,D,03/12/2006 12:00:00,84,F,Permanent Home,2006,StormEvents_fatalities-ftp_v1.0_d2006_c20260323.csv.gz
200603,12,0,21561,5497925,D,03/12/2006 12:00:00,85,M,Permanent Home,2006,StormEvents_fatalities-ftp_v1.0_d2006_c20260323.csv.gz
200604,7,0,21597,5500706,D,04/07/2006 12:00:00,53,F,Mobile/Trailer Home,2006,StormEvents_fatalities-ftp_v1.0_d2006_c20260323.csv.gz
200604,7,0,21598,5500706,D,04/07/2006 12:00:00,81,M,Mobile/Trailer Home,2006,StormEvents_fatalities-ftp_v1.0_d2006_c20260323.csv.gz
200604,7,0,21599,5500707,D,04/07/2006 12:00:00,48,F,Mobile/Trailer Home,2006,StormEvents_fatalities-ftp_v1.0_d2006_c20260323.csv.gz
200604,7,0,21600,5500766,D,04/07/2006 12:00:00,60,M,Permanent Home,2006,StormEvents_fatalities-ftp_v1.0_d2006_c20260323.csv.gz
200604,7,0,21601,5500766,D,04/07/2006 12:00:00,39,F,Mobile/Trailer Home,2006,StormEvents_fatalities-ftp_v1.0_d2006_c20260323.csv.gz
200604,7,0,21602,5500766,D,04/07/2006 12:00:00,29,M,Business,2006,StormEvents_fatalities-ftp_v1.0_d2006_c20260323.csv.gz
200604,7,0,21603,5500766,D,04/07/2006 12:00:00,46,F,Vehicle/Towed Trailer,2006,StormEvents_fatalities-ftp_v1.0_d2006_c20260323.csv.gz
200604,7,0,21604,5500766,D,04/07/2006 12:00:00,44,F,Vehicle/Towed Trailer,2006,StormEvents_fatalities-ftp_v1.0_d2006_c20260323.csv.gz
200604,7,0,21605,5500766,D,04/07/2006 12:00:00,57,M,Permanent Home,2006,StormEvents_fatalities-ftp_v1.0_d2006_c20260323.csv.gz
200604,7,0,21606,5500766,D,04/07/2006 12:00:00,53,F,Permanent Home,2006,StormEvents_fatalities-ftp_v1.0_d2006_c20260323.csv.gz
200604,2,0,21610,5501074,D,04/02/2006 12:00:00,54,M,Business,2006,StormEvents_fatalities-ftp_v1.0_d2006_c20260323.csv.gz
200604,13,0,21661,5502569,D,04/13/2006 12:00:00,49,F,Mobile/Trailer Home,2006,StormEvents_fatalities-ftp_v1.0_d2006_c20260323.csv.gz
200604,2,0,21620,5506267,D,04/02/2006 12:00:00,69,M,Vehicle/Towed Trailer,2006,StormEvents_fatalities-ftp_v1.0_d2006_c20260323.csv.gz
200604,2,0,21621,5506368,D,04/02/2006 12:00:00,37,M,Mobile/Trailer Home,2006,StormEvents_fatalities-ftp_v1.0_d2006_c20260323.csv.gz
200604,2,0,21622,5506368,D,04/02/2006 12:00:00,40,F,Mobile/Trailer Home,2006,StormEvents_fatalities-ftp_v1.0_d2006_c20260323.csv.gz
200604,2,0,21623,5506368,D,04/02/2006 12:00:00,13,M,Mobile/Trailer Home,2006,StormEvents_fatalities-ftp_v1.0_d2006_c20260323.csv.gz
200604,2,0,21624,5506368,D,04/02/2006 12:00:00,69,M,Permanent Home,2006,StormEvents_fatalities-ftp_v1.0_d2006_c20260323.csv.gz
200604,2,0,21625,5506368,D,04/02/2006 12:00:00,87,F,Permanent Home,2006,StormEvents_fatalities-ftp_v1.0_d2006_c20260323.csv.gz
200604,2,0,21626,5506368,D,04/02/2006 12:00:00,66,M,Permanent Home,2006,StormEvents_fatalities-ftp_v1.0_d2006_c20260323.csv.gz
200604,2,0,21627,5506368,D,04/02/2006 12:00:00,63,F,Mobile/Trailer Home,2006,StormEvents_fatalities-ftp_v1.0_d2006_c20260323.csv.gz
200604,2,0,21629,5506368,D,04/02/2006 12:00:00,27,M,Mobile/Trailer Home,2006,StormEvents_fatalities-ftp_v1.0_d2006_c20260323.csv.gz
200604,2,0,21630,5506368,D,04/02/2006 12:00:00,26,F,Mobile/Trailer Home,2006,StormEvents_fatalities-ftp_v1.0_d2006_c20260323.csv.gz
200604,2,0,21631,5506368,D,04/02/2006 12:00:00,47,F,Permanent Home,2006,StormEvents_fatalities-ftp_v1.0_d2006_c20260323.csv.gz
200604,2,0,21632,5506368,D,04/02/2006 12:00:00,57,M,Permanent Home,2006,StormEvents_fatalities-ftp_v1.0_d2006_c20260323.csv.gz
200604,2,0,21633,5506368,D,04/02/2006 12:00:00,0,M,Permanent Home,2006,StormEvents_fatalities-ftp_v1.0_d2006_c20260323.csv.gz
200604,2,0,21634,5506368,D,04/02/2006 12:00:00,67,F,Permanent Home,2006,StormEvents_fatalities-ftp_v1.0_d2006_c20260323.csv.gz
200604,2,0,21636,5506368,D,04/02/2006 12:00:00,35,M,Mobile/Trailer Home,2006,StormEvents_fatalities-ftp_v1.0_d2006_c20260323.csv.gz
200604,2,0,21637,5506369,D,04/02/2006 12:00:00,61,F,Mobile/Trailer Home,2006,StormEvents_fatalities-ftp_v1.0_d2006_c20260323.csv.gz
200604,2,0,21638,5506369,D,04/02/2006 12:00:00,53,F,Permanent Home,2006,StormEvents_fatalities-ftp_v1.0_d2006_c20260323.csv.gz
200604,2,0,21639,5506369,D,04/02/2006 12:00:00,28,M,Permanent Home,2006,StormEvents_fatalities-ftp_v1.0_d2006_c20260323.csv.gz
200604,2,0,21640,5506369,D,04/02/2006 12:00:00,29,F,Permanent Home,2006,StormEvents_fatalities-ftp_v1.0_d2006_c20260323.csv.gz
200604,2,0,21641,5506369,D,04/02/2006 12:00:00,5,M,Permanent Home,2006,StormEvents_fatalities-ftp_v1.0_d2006_c20260323.csv.gz
200604,2,0,21642,5506369,D,04/02/2006 12:00:00,3,M,Permanent Home,2006,StormEvents_fatalities-ftp_v1.0_d2006_c20260323.csv.gz
200604,2,0,21644,5506443,D,04/02/2006 12:00:00,44,F,Permanent Home,2006,StormEvents_fatalities-ftp_v1.0_d2006_c20260323.csv.gz
200611,16,0,161,3485,D,11/16/2006 00:00:00,6,M,Mobile/Trailer Home,2006,StormEvents_fatalities-ftp_v1.0_d2006_c20260323.csv.gz
200611,16,0,162,3485,D,11/16/2006 00:00:00,13,M,Mobile/Trailer Home,2006,StormEvents_fatalities-ftp_v1.0_d2006_c20260323.csv.gz
200611,16,0,163,3485,D,11/16/2006 00:00:00,29,M,Mobile/Trailer Home,2006,StormEvents_fatalities-ftp_v1.0_d2006_c20260323.csv.gz
200611,16,0,164,3485,D,11/16/2006 00:00:00,25,M,Mobile/Trailer Home,2006,StormEvents_fatalities-ftp_v1.0_d2006_c20260323.csv.gz
200611,16,0,165,3485,D,11/16/2006 00:00:00,49,M,Mobile/Trailer Home,2006,StormEvents_fatalities-ftp_v1.0_d2006_c20260323.csv.gz
200611,16,0,166,3485,D,11/16/2006 00:00:00,23,F,Mobile/Trailer Home,2006,StormEvents_fatalities-ftp_v1.0_d2006_c20260323.csv.gz
200611,16,0,167,3485,D,11/16/2006 00:00:00,27,F,Mobile/Trailer Home,2006,StormEvents_fatalities-ftp_v1.0_d2006_c20260323.csv.gz
200611,16,0,168,3485,D,11/16/2006 00:00:00,43,F,Mobile/Trailer Home,2006,StormEvents_fatalities-ftp_v1.0_d2006_c20260323.csv.gz
200611,15,0,621,6054,D,11/15/2006 00:00:00,62,M,Mobile/Trailer Home,2006,StormEvents_fatalities-ftp_v1.0_d2006_c20260323.csv.gz
200611,15,0,203,6219,D,11/15/2006 00:00:00,43,M,Mobile/Trailer Home,2006,StormEvents_fatalities-ftp_v1.0_d2006_c20260323.csv.gz
200612,1,0,208,6358,D,12/01/2006 00:00:00,50,F,Vehicle/Towed Trailer,2006,StormEvents_fatalities-ftp_v1.0_d2006_c20260323.csv.gz
200612,29,0,315,7011,D,12/29/2006 00:00:00,80,M,Permanent Structure,2006,StormEvents_fatalities-ftp_v1.0_d2006_c20260323.csv.gz
200603,11,0,21547,5493738,D,03/11/2006 12:00:00,49,F,Vehicle/Towed Trailer,2006,StormEvents_fatalities-ftp_v1.0_d2006_c20260323.csv.gz
200604,2,0,21619,5506267,D,04/02/2006 12:00:00,93,F,Vehicle/Towed Trailer,2006,StormEvents_fatalities-ftp_v1.0_d2006_c20260323.csv.gz
200603,12,0,21551,5493709,D,03/12/2006 12:00:00,66,M,Permanent Home,2006,StormEvents_fatalities-ftp_v1.0_d2006_c20260323.csv.gz
200604,2,0,21628,5506368,D,04/02/2006 12:00:00,57,F,Permanent Home,2006,StormEvents_fatalities-ftp_v1.0_d2006_c20260323.csv.gz
200604,2,0,21635,5506368,D,04/02/2006 12:00:00,77,M,Permanent Home,2006,StormEvents_fatalities-ftp_v1.0_d2006_c20260323.csv.gz
200604,2,0,21643,5506443,D,04/02/2006 12:00:00,57,F,Permanent Home,2006,StormEvents_fatalities-ftp_v1.0_d2006_c20260323.csv.gz
200703,1,0,1189,22399,D,03/01/2007 00:00:00,83,F,Permanent Home,2007,StormEvents_fatalities-ftp_v1.0_d2007_c20260323.csv.gz
200703,1,0,1181,22399,D,03/01/2007 00:00:00,16,M,School,2007,StormEvents_fatalities-ftp_v1.0_d2007_c20260323.csv.gz
200703,1,0,1182,22399,D,03/01/2007 00:00:00,16,M,School,2007,StormEvents_fatalities-ftp_v1.0_d2007_c20260323.csv.gz
200703,1,0,1183,22399,D,03/01/2007 00:00:00,17,F,School,2007,StormEvents_fatalities-ftp_v1.0_d2007_c20260323.csv.gz
200710,18,0,1983,62476,D,10/18/2007 00:00:00,1,M,Mobile/Trailer Home,2007,StormEvents_fatalities-ftp_v1.0_d2007_c20260323.csv.gz
200710,18,0,1984,62476,D,10/18/2007 00:00:00,1,F,Mobile/Trailer Home,2007,StormEvents_fatalities-ftp_v1.0_d2007_c20260323.csv.gz
200703,1,0,1184,22399,D,03/01/2007 00:00:00,16,F,School,2007,StormEvents_fatalities-ftp_v1.0_d2007_c20260323.csv.gz
200703,1,0,1185,22399,D,03/01/2007 00:00:00,17,M,School,2007,StormEvents_fatalities-ftp_v1.0_d2007_c20260323.csv.gz
200703,1,0,1186,22399,D,03/01/2007 00:00:00,16,F,School,2007,StormEvents_fatalities-ftp_v1.0_d2007_c20260323.csv.gz
200703,1,0,1187,22399,D,03/01/2007 00:00:00,16,M,School,2007,StormEvents_fatalities-ftp_v1.0_d2007_c20260323.csv.gz
200703,1,0,1188,22399,D,03/01/2007 00:00:00,17,M,School,2007,StormEvents_fatalities-ftp_v1.0_d2007_c20260323.csv.gz
200703,1,0,1080,23038,D,03/01/2007 00:00:00,7,F,Mobile/Trailer Home,2007,StormEvents_fatalities-ftp_v1.0_d2007_c20260323.csv.gz
200704,13,0,1419,24686,D,04/13/2007 00:00:00,40,M,Outside/Open Areas,2007,StormEvents_fatalities-ftp_v1.0_d2007_c20260323.csv.gz
200704,24,0,1168,27708,D,04/24/2007 00:00:00,4,F,Mobile/Trailer Home,2007,StormEvents_fatalities-ftp_v1.0_d2007_c20260323.csv.gz
200704,24,0,1169,27708,D,04/24/2007 00:00:00,44,F,Mobile/Trailer Home,2007,StormEvents_fatalities-ftp_v1.0_d2007_c20260323.csv.gz
200704,24,0,1170,27708,D,04/24/2007 00:00:00,71,F,Mobile/Trailer Home,2007,StormEvents_fatalities-ftp_v1.0_d2007_c20260323.csv.gz
200704,24,0,1171,27708,D,04/24/2007 00:00:00,74,F,Mobile/Trailer Home,2007,StormEvents_fatalities-ftp_v1.0_d2007_c20260323.csv.gz
200704,24,0,1172,27708,D,04/24/2007 00:00:00,83,F,Mobile/Trailer Home,2007,StormEvents_fatalities-ftp_v1.0_d2007_c20260323.csv.gz
200704,24,0,1173,27708,D,04/24/2007 00:00:00,19,M,Mobile/Trailer Home,2007,StormEvents_fatalities-ftp_v1.0_d2007_c20260323.csv.gz
200704,24,0,1174,27708,D,04/24/2007 00:00:00,47,M,Permanent Home,2007,StormEvents_fatalities-ftp_v1.0_d2007_c20260323.csv.gz
200705,5,0,1344,34211,D,05/05/2007 00:00:00,54,F,Vehicle/Towed Trailer,2007,StormEvents_fatalities-ftp_v1.0_d2007_c20260323.csv.gz
200702,13,0,723,16784,D,02/13/2007 00:00:00,86,F,Mobile/Trailer Home,2007,StormEvents_fatalities-ftp_v1.0_d2007_c20260323.csv.gz
200702,2,0,846,18948,D,02/02/2007 00:00:00,20,M,Mobile/Trailer Home,2007,StormEvents_fatalities-ftp_v1.0_d2007_c20260323.csv.gz
200702,2,0,847,18948,D,02/02/2007 00:00:00,66,F,Mobile/Trailer Home,2007,StormEvents_fatalities-ftp_v1.0_d2007_c20260323.csv.gz
200702,2,0,848,18948,D,02/02/2007 00:00:00,77,F,Mobile/Trailer Home,2007,StormEvents_fatalities-ftp_v1.0_d2007_c20260323.csv.gz
200702,2,0,849,18948,D,02/02/2007 00:00:00,92,M,Mobile/Trailer Home,2007,StormEvents_fatalities-ftp_v1.0_d2007_c20260323.csv.gz
200702,2,0,850,18948,D,02/02/2007 00:00:00,17,F,Mobile/Trailer Home,2007,StormEvents_fatalities-ftp_v1.0_d2007_c20260323.csv.gz
200702,2,0,851,18948,D,02/02/2007 00:00:00,88,F,Mobile/Trailer Home,2007,StormEvents_fatalities-ftp_v1.0_d2007_c20260323.csv.gz
200702,2,0,852,18948,D,02/02/2007 00:00:00,81,F,Mobile/Trailer Home,2007,StormEvents_fatalities-ftp_v1.0_d2007_c20260323.csv.gz
200702,27,0,853,18948,D,02/27/2007 00:00:00,88,M,Mobile/Trailer Home,2007,StormEvents_fatalities-ftp_v1.0_d2007_c20260323.csv.gz
200702,2,0,854,18950,D,02/02/2007 00:00:00,46,M,Mobile/Trailer Home,2007,StormEvents_fatalities-ftp_v1.0_d2007_c20260323.csv.gz
200702,2,0,855,18950,D,02/02/2007 00:00:00,35,F,Mobile/Trailer Home,2007,StormEvents_fatalities-ftp_v1.0_d2007_c20260323.csv.gz
200702,2,0,856,18950,D,02/02/2007 00:00:00,15,M,Mobile/Trailer Home,2007,StormEvents_fatalities-ftp_v1.0_d2007_c20260323.csv.gz
200702,2,0,857,18950,D,02/02/2007 00:00:00,37,M,Mobile/Trailer Home,2007,StormEvents_fatalities-ftp_v1.0_d2007_c20260323.csv.gz
200702,2,0,858,18950,D,02/02/2007 00:00:00,7,M,Mobile/Trailer Home,2007,StormEvents_fatalities-ftp_v1.0_d2007_c20260323.csv.gz
200702,2,0,859,18950,D,02/02/2007 00:00:00,58,F,Mobile/Trailer Home,2007,StormEvents_fatalities-ftp_v1.0_d2007_c20260323.csv.gz
200702,2,0,860,18950,D,02/02/2007 00:00:00,35,F,Mobile/Trailer Home,2007,StormEvents_fatalities-ftp_v1.0_d2007_c20260323.csv.gz
200702,2,0,861,18950,D,02/02/2007 00:00:00,9,F,Mobile/Trailer Home,2007,StormEvents_fatalities-ftp_v1.0_d2007_c20260323.csv.gz
200702,2,0,862,18950,D,02/02/2007 00:00:00,49,M,Mobile/Trailer Home,2007,StormEvents_fatalities-ftp_v1.0_d2007_c20260323.csv.gz
200702,2,0,863,18950,D,02/02/2007 00:00:00,55,M,Mobile/Trailer Home,2007,StormEvents_fatalities-ftp_v1.0_d2007_c20260323.csv.gz
200702,2,0,864,18950,D,02/02/2007 00:00:00,66,F,Mobile/Trailer Home,2007,StormEvents_fatalities-ftp_v1.0_d2007_c20260323.csv.gz
200702,2,0,865,18950,D,02/02/2007 00:00:00,54,M,Mobile/Trailer Home,2007,StormEvents_fatalities-ftp_v1.0_d2007_c20260323.csv.gz
200702,2,0,866,18950,D,02/02/2007 00:00:00,49,F,Mobile/Trailer Home,2007,StormEvents_fatalities-ftp_v1.0_d2007_c20260323.csv.gz
200703,1,0,1023,20465,D,03/01/2007 00:00:00,48,M,Mobile/Trailer Home,2007,StormEvents_fatalities-ftp_v1.0_d2007_c20260323.csv.gz
200703,27,0,1081,20730,D,03/27/2007 00:00:00,91,F,Mobile/Trailer Home,2007,StormEvents_fatalities-ftp_v1.0_d2007_c20260323.csv.gz
200703,12,0,1082,20730,D,04/12/2007 00:00:00,90,M,Mobile/Trailer Home,2007,StormEvents_fatalities-ftp_v1.0_d2007_c20260323.csv.gz
200705,4,0,1869,35937,D,05/04/2007 00:00:00,58,M,Unknown,2007,StormEvents_fatalities-ftp_v1.0_d2007_c20260323.csv.gz
200705,4,0,1877,35937,D,05/04/2007 00:00:00,63,M,In Water,2007,StormEvents_fatalities-ftp_v1.0_d2007_c20260323.csv.gz
200705,4,0,1874,35937,D,05/04/2007 00:00:00,79,M,Mobile/Trailer Home,2007,StormEvents_fatalities-ftp_v1.0_d2007_c20260323.csv.gz
200705,4,0,1870,35937,D,05/04/2007 00:00:00,77,M,Permanent Home,2007,StormEvents_fatalities-ftp_v1.0_d2007_c20260323.csv.gz
200705,4,0,1871,35937,D,05/04/2007 00:00:00,76,F,Permanent Home,2007,StormEvents_fatalities-ftp_v1.0_d2007_c20260323.csv.gz
200705,4,0,1872,35937,D,05/04/2007 00:00:00,49,M,Permanent Home,2007,StormEvents_fatalities-ftp_v1.0_d2007_c20260323.csv.gz
200705,4,0,1873,35937,D,05/04/2007 00:00:00,72,F,Permanent Home,2007,StormEvents_fatalities-ftp_v1.0_d2007_c20260323.csv.gz
200705,4,0,1875,35937,D,05/04/2007 00:00:00,52,M,Permanent Home,2007,StormEvents_fatalities-ftp_v1.0_d2007_c20260323.csv.gz
200705,4,0,1876,35937,D,05/04/2007 00:00:00,78,F,Permanent Home,2007,StormEvents_fatalities-ftp_v1.0_d2007_c20260323.csv.gz
200705,5,0,1878,35937,D,05/05/2007 00:00:00,52,F,Permanent Home,2007,StormEvents_fatalities-ftp_v1.0_d2007_c20260323.csv.gz
200705,19,0,1879,35937,D,09/19/2007 00:00:00,77,M,Permanent Home,2007,StormEvents_fatalities-ftp_v1.0_d2007_c20260323.csv.gz
200705,4,0,1337,36001,D,05/04/2007 00:00:00,84,M,Permanent Home,2007,StormEvents_fatalities-ftp_v1.0_d2007_c20260323.csv.gz
200705,7,0,1338,36003,D,05/07/2007 00:00:00,46,M,Vehicle/Towed Trailer,2007,StormEvents_fatalities-ftp_v1.0_d2007_c20260323.csv.gz
200710,17,0,1928,63960,D,10/17/2007 00:00:00,44,M,Mobile/Trailer Home,2007,StormEvents_fatalities-ftp_v1.0_d2007_c20260323.csv.gz
200710,17,0,1929,63960,D,10/17/2007 00:00:00,25,F,Mobile/Trailer Home,2007,StormEvents_fatalities-ftp_v1.0_d2007_c20260323.csv.gz
200710,18,0,1953,64011,D,10/18/2007 00:00:00,29,M,Mobile/Trailer Home,2007,StormEvents_fatalities-ftp_v1.0_d2007_c20260323.csv.gz
200712,15,0,2124,68914,D,12/15/2007 00:00:00,42,M,Vehicle/Towed Trailer,2007,StormEvents_fatalities-ftp_v1.0_d2007_c20260323.csv.gz
200703,28,0,1850,21744,D,03/28/2007 00:00:00,59,M,Permanent Home,2007,StormEvents_fatalities-ftp_v1.0_d2007_c20260323.csv.gz
200703,28,0,1851,21744,D,03/28/2007 00:00:00,59,F,Permanent Home,2007,StormEvents_fatalities-ftp_v1.0_d2007_c20260323.csv.gz
200703,28,0,921,21760,D,03/28/2007 00:00:00,53,M,Mobile/Trailer Home,2007,StormEvents_fatalities-ftp_v1.0_d2007_c20260323.csv.gz
200703,1,0,1175,22275,D,03/01/2007 00:00:00,9,F,Mobile/Trailer Home,2007,StormEvents_fatalities-ftp_v1.0_d2007_c20260323.csv.gz
200703,1,0,1176,22275,D,03/01/2007 00:00:00,,M,Mobile/Trailer Home,2007,StormEvents_fatalities-ftp_v1.0_d2007_c20260323.csv.gz
200703,1,0,1177,22275,D,03/01/2007 00:00:00,,F,Mobile/Trailer Home,2007,StormEvents_fatalities-ftp_v1.0_d2007_c20260323.csv.gz
200703,1,0,1178,22275,D,03/01/2007 00:00:00,41,M,Mobile/Trailer Home,2007,StormEvents_fatalities-ftp_v1.0_d2007_c20260323.csv.gz
200703,1,0,1179,22275,D,03/01/2007 00:00:00,,F,Mobile/Trailer Home,2007,StormEvents_fatalities-ftp_v1.0_d2007_c20260323.csv.gz
200703,1,0,1180,22275,D,03/01/2007 00:00:00,13,F,Mobile/Trailer Home,2007,StormEvents_fatalities-ftp_v1.0_d2007_c20260323.csv.gz
200703,29,0,1059,22284,D,03/29/2007 00:00:00,29,F,Mobile/Trailer Home,2007,StormEvents_fatalities-ftp_v1.0_d2007_c20260323.csv.gz
200703,26,0,1060,22284,D,04/26/2007 00:00:00,76,F,Permanent Home,2007,StormEvents_fatalities-ftp_v1.0_d2007_c20260323.csv.gz
200701,4,0,498,13767,D,01/04/2007 00:00:00,37,F,Mobile/Trailer Home,2007,StormEvents_fatalities-ftp_v1.0_d2007_c20260323.csv.gz
200701,4,0,499,13767,D,01/04/2007 00:00:00,65,F,Mobile/Trailer Home,2007,StormEvents_fatalities-ftp_v1.0_d2007_c20260323.csv.gz
200704,15,0,2043,16380,D,04/15/2007 00:00:00,53,F,Mobile/Trailer Home,2007,StormEvents_fatalities-ftp_v1.0_d2007_c20260323.csv.gz
200708,26,0,3685,48727,D,08/26/2007 00:00:00,57,M,Mobile/Trailer Home,2007,StormEvents_fatalities-ftp_v1.0_d2007_c20260323.csv.gz
200703,1,0,18231,21424,D,03/01/2007 00:00:00,43,M,Permanent Home,2007,StormEvents_fatalities-ftp_v1.0_d2007_c20260323.csv.gz
200703,1,0,1104,19854,D,03/01/2007 00:00:00,42,M,Mobile/Trailer Home,2007,StormEvents_fatalities-ftp_v1.0_d2007_c20260323.csv.gz
200703,1,0,18232,21424,D,03/01/2007 00:00:00,53,F,Permanent Home,2007,StormEvents_fatalities-ftp_v1.0_d2007_c20260323.csv.gz
200801,7,0,2421,73744,D,01/07/2008 00:00:00,84,F,Permanent Home,2008,StormEvents_fatalities-ftp_v1.0_d2008_c20260323.csv.gz
200801,7,0,2422,73745,D,01/07/2008 00:00:00,52,F,Mobile/Trailer Home,2008,StormEvents_fatalities-ftp_v1.0_d2008_c20260323.csv.gz
200801,31,0,2423,73745,D,01/31/2008 00:00:00,100,M,Permanent Home,2008,StormEvents_fatalities-ftp_v1.0_d2008_c20260323.csv.gz
200807,24,0,3990,123372,D,07/24/2008 00:00:00,57,F,Permanent Home,2008,StormEvents_fatalities-ftp_v1.0_d2008_c20260323.csv.gz
200802,5,0,2900,79138,D,02/05/2008 00:00:00,52,F,Mobile/Trailer Home,2008,StormEvents_fatalities-ftp_v1.0_d2008_c20260323.csv.gz
200802,5,0,2902,79138,D,02/05/2008 00:00:00,57,M,Mobile/Trailer Home,2008,StormEvents_fatalities-ftp_v1.0_d2008_c20260323.csv.gz
200802,5,0,2905,79138,D,02/05/2008 00:00:00,33,M,Mobile/Trailer Home,2008,StormEvents_fatalities-ftp_v1.0_d2008_c20260323.csv.gz
200802,16,0,2906,79138,D,02/16/2008 00:00:00,26,M,Mobile/Trailer Home,2008,StormEvents_fatalities-ftp_v1.0_d2008_c20260323.csv.gz
200802,5,0,2899,79138,D,02/05/2008 00:00:00,49,M,Permanent Home,2008,StormEvents_fatalities-ftp_v1.0_d2008_c20260323.csv.gz
200802,5,0,2901,79138,I,02/05/2008 00:00:00,63,M,Permanent Home,2008,StormEvents_fatalities-ftp_v1.0_d2008_c20260323.csv.gz
200802,5,0,2903,79138,D,02/05/2008 00:00:00,72,F,Permanent Home,2008,StormEvents_fatalities-ftp_v1.0_d2008_c20260323.csv.gz
200802,5,0,2904,79138,D,02/05/2008 00:00:00,23,F,Permanent Home,2008,StormEvents_fatalities-ftp_v1.0_d2008_c20260323.csv.gz
200802,5,0,2841,79650,D,02/05/2008 00:00:00,86,F,Mobile/Trailer Home,2008,StormEvents_fatalities-ftp_v1.0_d2008_c20260323.csv.gz
200802,5,0,2842,79650,D,02/05/2008 00:00:00,84,M,Mobile/Trailer Home,2008,StormEvents_fatalities-ftp_v1.0_d2008_c20260323.csv.gz
200802,5,0,3085,79653,D,02/05/2008 00:00:00,79,F,Church,2008,StormEvents_fatalities-ftp_v1.0_d2008_c20260323.csv.gz
200802,8,0,3079,79653,D,02/08/2008 00:00:00,29,M,Mobile/Trailer Home,2008,StormEvents_fatalities-ftp_v1.0_d2008_c20260323.csv.gz
200802,5,0,3081,79653,D,02/05/2008 00:00:00,19,M,Mobile/Trailer Home,2008,StormEvents_fatalities-ftp_v1.0_d2008_c20260323.csv.gz
200802,5,0,3082,79653,D,02/05/2008 00:00:00,42,F,Mobile/Trailer Home,2008,StormEvents_fatalities-ftp_v1.0_d2008_c20260323.csv.gz
200802,5,0,3083,79653,D,02/05/2008 00:00:00,35,M,Mobile/Trailer Home,2008,StormEvents_fatalities-ftp_v1.0_d2008_c20260323.csv.gz
200802,5,0,3084,79653,D,02/05/2008 00:00:00,59,M,Mobile/Trailer Home,2008,StormEvents_fatalities-ftp_v1.0_d2008_c20260323.csv.gz
200802,5,0,3086,79653,D,02/05/2008 00:00:00,90,M,Mobile/Trailer Home,2008,StormEvents_fatalities-ftp_v1.0_d2008_c20260323.csv.gz
200802,5,0,3090,79653,D,02/05/2008 00:00:00,74,M,Mobile/Trailer Home,2008,StormEvents_fatalities-ftp_v1.0_d2008_c20260323.csv.gz
200802,6,0,3080,79653,I,02/06/2008 00:00:00,48,M,Permanent Home,2008,StormEvents_fatalities-ftp_v1.0_d2008_c20260323.csv.gz
200802,5,0,3087,79653,D,02/05/2008 00:00:00,49,M,Permanent Home,2008,StormEvents_fatalities-ftp_v1.0_d2008_c20260323.csv.gz
200802,5,0,3088,79653,D,02/05/2008 00:00:00,4,F,Permanent Home,2008,StormEvents_fatalities-ftp_v1.0_d2008_c20260323.csv.gz
200802,5,0,3089,79653,D,02/05/2008 00:00:00,54,M,Permanent Home,2008,StormEvents_fatalities-ftp_v1.0_d2008_c20260323.csv.gz
200802,12,0,3091,79653,D,03/12/2008 00:00:00,58,F,Permanent Home,2008,StormEvents_fatalities-ftp_v1.0_d2008_c20260323.csv.gz
200802,5,0,3092,79653,D,02/05/2008 00:00:00,54,M,Permanent Home,2008,StormEvents_fatalities-ftp_v1.0_d2008_c20260323.csv.gz
200802,6,0,2755,79999,D,02/06/2008 00:00:00,2,M,Mobile/Trailer Home,2008,StormEvents_fatalities-ftp_v1.0_d2008_c20260323.csv.gz
200802,6,0,2756,79999,D,02/06/2008 00:00:00,53,F,Mobile/Trailer Home,2008,StormEvents_fatalities-ftp_v1.0_d2008_c20260323.csv.gz
200802,6,0,2757,79999,D,02/06/2008 00:00:00,50,M,Mobile/Trailer Home,2008,StormEvents_fatalities-ftp_v1.0_d2008_c20260323.csv.gz
200802,6,0,2758,79999,D,02/06/2008 00:00:00,58,F,Mobile/Trailer Home,2008,StormEvents_fatalities-ftp_v1.0_d2008_c20260323.csv.gz
200802,5,0,3835,80997,D,02/05/2008 00:00:00,78,F,Mobile/Trailer Home,2008,StormEvents_fatalities-ftp_v1.0_d2008_c20260323.csv.gz
200802,5,0,3834,80997,D,02/05/2008 00:00:00,56,M,Other,2008,StormEvents_fatalities-ftp_v1.0_d2008_c20260323.csv.gz
200802,5,0,3832,80997,D,02/05/2008 00:00:00,40,M,Permanent Home,2008,StormEvents_fatalities-ftp_v1.0_d2008_c20260323.csv.gz
200802,5,0,3833,80997,D,02/05/2008 00:00:00,42,F,Permanent Home,2008,StormEvents_fatalities-ftp_v1.0_d2008_c20260323.csv.gz
200802,5,0,3836,80997,D,02/05/2008 00:00:00,10,F,Permanent Home,2008,StormEvents_fatalities-ftp_v1.0_d2008_c20260323.csv.gz
200802,5,0,2795,81031,D,02/05/2008 00:00:00,84,M,Mobile/Trailer Home,2008,StormEvents_fatalities-ftp_v1.0_d2008_c20260323.csv.gz
200802,5,0,2796,81031,D,02/05/2008 00:00:00,68,F,Mobile/Trailer Home,2008,StormEvents_fatalities-ftp_v1.0_d2008_c20260323.csv.gz
200805,29,0,3389,105754,I,05/29/2008 00:00:00,29,M,Vehicle/Towed Trailer,2008,StormEvents_fatalities-ftp_v1.0_d2008_c20260323.csv.gz
200805,10,0,3438,109027,D,05/10/2008 00:00:00,80,F,Permanent Home,2008,StormEvents_fatalities-ftp_v1.0_d2008_c20260323.csv.gz
200805,10,0,3439,109027,D,05/10/2008 00:00:00,30,F,Permanent Home,2008,StormEvents_fatalities-ftp_v1.0_d2008_c20260323.csv.gz
200805,10,0,3440,109027,D,05/10/2008 00:00:00,48,F,Permanent Home,2008,StormEvents_fatalities-ftp_v1.0_d2008_c20260323.csv.gz
200805,10,0,3435,109027,D,05/10/2008 00:00:00,20,M,Vehicle/Towed Trailer,2008,StormEvents_fatalities-ftp_v1.0_d2008_c20260323.csv.gz
200805,10,0,3436,109027,D,05/10/2008 00:00:00,19,F,Vehicle/Towed Trailer,2008,StormEvents_fatalities-ftp_v1.0_d2008_c20260323.csv.gz
200805,10,0,3437,109027,D,05/10/2008 00:00:00,28,M,Vehicle/Towed Trailer,2008,StormEvents_fatalities-ftp_v1.0_d2008_c20260323.csv.gz
200805,29,0,3459,109456,I,05/29/2008 00:00:00,62,F,Permanent Home,2008,StormEvents_fatalities-ftp_v1.0_d2008_c20260323.csv.gz
200805,25,0,3460,109456,D,05/25/2008 00:00:00,2,M,Permanent Home,2008,StormEvents_fatalities-ftp_v1.0_d2008_c20260323.csv.gz
200805,25,0,4411,90824,D,05/25/2008 00:00:00,48,M,Permanent Home,2008,StormEvents_fatalities-ftp_v1.0_d2008_c20260323.csv.gz
200805,25,0,4412,90824,D,05/25/2008 00:00:00,71,F,Permanent Home,2008,StormEvents_fatalities-ftp_v1.0_d2008_c20260323.csv.gz
200805,26,0,4413,90824,D,05/26/2008 00:00:00,72,M,Permanent Home,2008,StormEvents_fatalities-ftp_v1.0_d2008_c20260323.csv.gz
200805,3,0,4414,90824,D,06/03/2008 00:00:00,85,F,Permanent Home,2008,StormEvents_fatalities-ftp_v1.0_d2008_c20260323.csv.gz
200805,7,0,4415,90824,D,11/07/2008 00:00:00,61,F,Permanent Home,2008,StormEvents_fatalities-ftp_v1.0_d2008_c20260323.csv.gz
200805,2,0,3423,92156,D,05/02/2008 00:00:00,52,M,Mobile/Trailer Home,2008,StormEvents_fatalities-ftp_v1.0_d2008_c20260323.csv.gz
200805,2,0,3424,92156,D,05/02/2008 00:00:00,15,M,Mobile/Trailer Home,2008,StormEvents_fatalities-ftp_v1.0_d2008_c20260323.csv.gz
200805,2,0,3425,92157,D,05/02/2008 00:00:00,47,M,Permanent Home,2008,StormEvents_fatalities-ftp_v1.0_d2008_c20260323.csv.gz
200805,2,0,3426,92157,D,05/02/2008 00:00:00,54,F,Permanent Home,2008,StormEvents_fatalities-ftp_v1.0_d2008_c20260323.csv.gz
200805,2,0,3427,92157,D,05/02/2008 00:00:00,4,F,Permanent Home,2008,StormEvents_fatalities-ftp_v1.0_d2008_c20260323.csv.gz
200805,2,0,3391,92397,D,05/02/2008 00:00:00,43,F,Mobile/Trailer Home,2008,StormEvents_fatalities-ftp_v1.0_d2008_c20260323.csv.gz
200805,23,0,3471,110644,D,05/23/2008 00:00:00,33,M,Vehicle/Towed Trailer,2008,StormEvents_fatalities-ftp_v1.0_d2008_c20260323.csv.gz
200805,23,0,3472,110644,D,05/23/2008 00:00:00,28,F,Vehicle/Towed Trailer,2008,StormEvents_fatalities-ftp_v1.0_d2008_c20260323.csv.gz
200806,17,0,3636,114633,D,08/17/2008 00:00:00,67,F,Permanent Home,2008,StormEvents_fatalities-ftp_v1.0_d2008_c20260323.csv.gz
200802,5,0,2699,81043,D,02/05/2008 00:00:00,37,F,Mobile/Trailer Home,2008,StormEvents_fatalities-ftp_v1.0_d2008_c20260323.csv.gz
200802,5,0,2697,81043,D,02/05/2008 00:00:00,81,F,Permanent Home,2008,StormEvents_fatalities-ftp_v1.0_d2008_c20260323.csv.gz
200802,5,0,2711,81045,D,02/05/2008 00:00:00,50,F,Permanent Home,2008,StormEvents_fatalities-ftp_v1.0_d2008_c20260323.csv.gz
200802,5,0,2701,81054,D,02/05/2008 00:00:00,51,M,Mobile/Trailer Home,2008,StormEvents_fatalities-ftp_v1.0_d2008_c20260323.csv.gz
200802,5,0,2702,81054,D,02/05/2008 00:00:00,32,M,Mobile/Trailer Home,2008,StormEvents_fatalities-ftp_v1.0_d2008_c20260323.csv.gz
200802,5,0,2954,82421,D,02/05/2008 00:00:00,23,M,Permanent Structure,2008,StormEvents_fatalities-ftp_v1.0_d2008_c20260323.csv.gz
200802,5,0,2955,82421,D,02/05/2008 00:00:00,38,M,Permanent Structure,2008,StormEvents_fatalities-ftp_v1.0_d2008_c20260323.csv.gz
200803,7,0,2348,74589,I,03/07/2008 00:00:00,66,M,Unknown,2008,StormEvents_fatalities-ftp_v1.0_d2008_c20260323.csv.gz
200803,7,0,2347,74589,D,03/07/2008 00:00:00,62,F,Mobile/Trailer Home,2008,StormEvents_fatalities-ftp_v1.0_d2008_c20260323.csv.gz
200802,5,0,2601,76642,D,02/05/2008 00:00:00,69,M,Mobile/Trailer Home,2008,StormEvents_fatalities-ftp_v1.0_d2008_c20260323.csv.gz
200802,5,0,2602,76642,D,02/05/2008 00:00:00,62,F,Mobile/Trailer Home,2008,StormEvents_fatalities-ftp_v1.0_d2008_c20260323.csv.gz
200802,5,0,2603,76642,D,02/05/2008 00:00:00,40,F,Mobile/Trailer Home,2008,StormEvents_fatalities-ftp_v1.0_d2008_c20260323.csv.gz
200801,8,0,2438,65417,D,01/08/2008 00:00:00,61,M,Mobile/Trailer Home,2008,StormEvents_fatalities-ftp_v1.0_d2008_c20260323.csv.gz
200801,29,0,2205,70095,D,01/29/2008 00:00:00,83,F,Mobile/Trailer Home,2008,StormEvents_fatalities-ftp_v1.0_d2008_c20260323.csv.gz
200801,29,0,2206,70095,D,01/29/2008 00:00:00,57,F,Mobile/Trailer Home,2008,StormEvents_fatalities-ftp_v1.0_d2008_c20260323.csv.gz
200801,29,0,3203,72219,D,01/29/2008 00:00:00,33,F,Mobile/Trailer Home,2008,StormEvents_fatalities-ftp_v1.0_d2008_c20260323.csv.gz
200802,5,0,2956,82421,D,02/05/2008 00:00:00,60,F,Permanent Structure,2008,StormEvents_fatalities-ftp_v1.0_d2008_c20260323.csv.gz
200802,5,0,2797,82508,D,02/05/2008 00:00:00,77,F,Mobile/Trailer Home,2008,StormEvents_fatalities-ftp_v1.0_d2008_c20260323.csv.gz
200802,5,0,2957,82841,D,02/05/2008 00:00:00,70,M,Vehicle/Towed Trailer,2008,StormEvents_fatalities-ftp_v1.0_d2008_c20260323.csv.gz
200802,5,0,2958,82850,D,02/05/2008 00:00:00,84,F,Permanent Home,2008,StormEvents_fatalities-ftp_v1.0_d2008_c20260323.csv.gz
200802,5,0,2959,82850,D,02/05/2008 00:00:00,75,M,Permanent Home,2008,StormEvents_fatalities-ftp_v1.0_d2008_c20260323.csv.gz
200802,5,0,2776,83209,D,02/05/2008 00:00:00,75,M,Mobile/Trailer Home,2008,StormEvents_fatalities-ftp_v1.0_d2008_c20260323.csv.gz
200802,5,0,2777,83209,D,02/05/2008 00:00:00,55,M,Mobile/Trailer Home,2008,StormEvents_fatalities-ftp_v1.0_d2008_c20260323.csv.gz
200802,5,0,2778,83209,D,02/05/2008 00:00:00,74,M,Mobile/Trailer Home,2008,StormEvents_fatalities-ftp_v1.0_d2008_c20260323.csv.gz
200802,6,0,3510,83608,D,02/06/2008 00:00:00,86,F,Mobile/Trailer Home,2008,StormEvents_fatalities-ftp_v1.0_d2008_c20260323.csv.gz
200802,6,0,3507,83608,D,02/06/2008 00:00:00,40,M,Permanent Home,2008,StormEvents_fatalities-ftp_v1.0_d2008_c20260323.csv.gz
200802,6,0,3508,83608,D,02/06/2008 00:00:00,49,F,Permanent Home,2008,StormEvents_fatalities-ftp_v1.0_d2008_c20260323.csv.gz
200802,6,0,3509,83608,D,02/06/2008 00:00:00,19,M,Permanent Home,2008,StormEvents_fatalities-ftp_v1.0_d2008_c20260323.csv.gz
200802,6,0,3511,83659,D,02/06/2008 00:00:00,60,F,Permanent Home,2008,StormEvents_fatalities-ftp_v1.0_d2008_c20260323.csv.gz
200802,12,0,2732,84000,D,02/12/2008 00:00:00,51,F,Outside/Open Areas,2008,StormEvents_fatalities-ftp_v1.0_d2008_c20260323.csv.gz
200802,26,0,2923,85237,D,02/26/2008 00:00:00,71,F,Mobile/Trailer Home,2008,StormEvents_fatalities-ftp_v1.0_d2008_c20260323.csv.gz
200805,22,0,3860,93763,D,05/22/2008 00:00:00,52,M,Vehicle/Towed Trailer,2008,StormEvents_fatalities-ftp_v1.0_d2008_c20260323.csv.gz
200805,8,0,3394,98549,D,05/08/2008 00:00:00,51,M,Vehicle/Towed Trailer,2008,StormEvents_fatalities-ftp_v1.0_d2008_c20260323.csv.gz
200806,11,0,3735,98814,D,06/11/2008 00:00:00,14,M,Permanent Structure,2008,StormEvents_fatalities-ftp_v1.0_d2008_c20260323.csv.gz
200806,11,0,3736,98814,D,06/11/2008 00:00:00,13,M,Permanent Structure,2008,StormEvents_fatalities-ftp_v1.0_d2008_c20260323.csv.gz
200806,11,0,3737,98814,D,06/11/2008 00:00:00,13,M,Permanent Structure,2008,StormEvents_fatalities-ftp_v1.0_d2008_c20260323.csv.gz
200806,11,0,3738,98814,D,06/11/2008 00:00:00,14,M,Permanent Structure,2008,StormEvents_fatalities-ftp_v1.0_d2008_c20260323.csv.gz
200805,10,0,3329,99241,D,05/10/2008 00:00:00,59,F,Mobile/Trailer Home,2008,StormEvents_fatalities-ftp_v1.0_d2008_c20260323.csv.gz
200805,10,0,3335,99241,D,05/10/2008 00:00:00,53,F,Mobile/Trailer Home,2008,StormEvents_fatalities-ftp_v1.0_d2008_c20260323.csv.gz
200805,10,0,3338,99241,D,05/10/2008 00:00:00,,M,Mobile/Trailer Home,2008,StormEvents_fatalities-ftp_v1.0_d2008_c20260323.csv.gz
200805,10,0,3339,99241,D,05/10/2008 00:00:00,,F,Mobile/Trailer Home,2008,StormEvents_fatalities-ftp_v1.0_d2008_c20260323.csv.gz
200805,10,0,3340,99241,D,05/10/2008 00:00:00,,M,Mobile/Trailer Home,2008,StormEvents_fatalities-ftp_v1.0_d2008_c20260323.csv.gz
200805,10,0,3341,99241,D,05/10/2008 00:00:00,,M,Mobile/Trailer Home,2008,StormEvents_fatalities-ftp_v1.0_d2008_c20260323.csv.gz
200805,10,0,3334,99241,D,05/10/2008 00:00:00,74,M,Permanent Home,2008,StormEvents_fatalities-ftp_v1.0_d2008_c20260323.csv.gz
200805,10,0,3328,99241,D,05/10/2008 00:00:00,64,M,Permanent Structure,2008,StormEvents_fatalities-ftp_v1.0_d2008_c20260323.csv.gz
200805,10,0,3330,99241,D,05/10/2008 00:00:00,52,M,Vehicle/Towed Trailer,2008,StormEvents_fatalities-ftp_v1.0_d2008_c20260323.csv.gz
200805,10,0,3331,99241,D,05/10/2008 00:00:00,47,F,Vehicle/Towed Trailer,2008,StormEvents_fatalities-ftp_v1.0_d2008_c20260323.csv.gz
200805,10,0,3332,99241,D,05/10/2008 00:00:00,13,M,Vehicle/Towed Trailer,2008,StormEvents_fatalities-ftp_v1.0_d2008_c20260323.csv.gz
200805,10,0,3333,99241,D,05/10/2008 00:00:00,76,F,Vehicle/Towed Trailer,2008,StormEvents_fatalities-ftp_v1.0_d2008_c20260323.csv.gz
200805,10,0,3336,99241,D,05/10/2008 00:00:00,21,M,Vehicle/Towed Trailer,2008,StormEvents_fatalities-ftp_v1.0_d2008_c20260323.csv.gz
200805,10,0,3337,99241,D,05/10/2008 00:00:00,,F,Vehicle/Towed Trailer,2008,StormEvents_fatalities-ftp_v1.0_d2008_c20260323.csv.gz
200805,10,0,3327,99247,D,05/10/2008 00:00:00,40,M,Mobile/Trailer Home,2008,StormEvents_fatalities-ftp_v1.0_d2008_c20260323.csv.gz
200805,10,0,3342,99255,D,05/10/2008 00:00:00,17,F,Mobile/Trailer Home,2008,StormEvents_fatalities-ftp_v1.0_d2008_c20260323.csv.gz
200805,11,0,3421,101731,D,05/11/2008 00:00:00,47,M,Mobile/Trailer Home,2008,StormEvents_fatalities-ftp_v1.0_d2008_c20260323.csv.gz
200805,11,0,3422,101731,D,05/11/2008 00:00:00,47,F,Mobile/Trailer Home,2008,StormEvents_fatalities-ftp_v1.0_d2008_c20260323.csv.gz
200803,14,0,3057,86513,D,03/14/2008 00:00:00,,M,Outside/Open Areas,2008,StormEvents_fatalities-ftp_v1.0_d2008_c20260323.csv.gz
200803,15,0,3002,87295,D,03/15/2008 00:00:00,,,Permanent Home,2008,StormEvents_fatalities-ftp_v1.0_d2008_c20260323.csv.gz
200803,15,0,3001,87298,D,03/15/2008 00:00:00,71,M,Permanent Home,2008,StormEvents_fatalities-ftp_v1.0_d2008_c20260323.csv.gz
200802,5,0,2698,81043,D,02/05/2008 00:00:00,29,M,Business,2008,StormEvents_fatalities-ftp_v1.0_d2008_c20260323.csv.gz
200805,25,0,4407,90824,D,05/25/2008 00:00:00,71,F,Permanent Home,2008,StormEvents_fatalities-ftp_v1.0_d2008_c20260323.csv.gz
200805,25,0,4408,90824,D,05/25/2008 00:00:00,80,M,Permanent Home,2008,StormEvents_fatalities-ftp_v1.0_d2008_c20260323.csv.gz
200805,25,0,4409,90824,D,05/25/2008 00:00:00,80,F,Permanent Home,2008,StormEvents_fatalities-ftp_v1.0_d2008_c20260323.csv.gz
200805,25,0,4410,90824,D,05/25/2008 00:00:00,74,M,Permanent Home,2008,StormEvents_fatalities-ftp_v1.0_d2008_c20260323.csv.gz
200811,15,0,4425,135141,D,11/15/2008 00:00:00,61,F,Mobile/Trailer Home,2008,StormEvents_fatalities-ftp_v1.0_d2008_c20260323.csv.gz
200811,15,0,4339,135143,D,11/15/2008 00:00:00,11,M,Permanent Home,2008,StormEvents_fatalities-ftp_v1.0_d2008_c20260323.csv.gz
200809,3,0,4699,136811,D,09/03/2008 00:00:00,21,F,Mobile/Trailer Home,2008,StormEvents_fatalities-ftp_v1.0_d2008_c20260323.csv.gz
200809,3,0,4700,136811,D,09/03/2008 00:00:00,57,M,Mobile/Trailer Home,2008,StormEvents_fatalities-ftp_v1.0_d2008_c20260323.csv.gz
200806,8,0,33264,116822,D,06/08/2008 00:00:00,,F,Mobile/Trailer Home,2008,StormEvents_fatalities-ftp_v1.0_d2008_c20260323.csv.gz
200806,11,0,5021,112505,D,06/11/2008 00:00:00,21,F,Outside/Open Areas,2008,StormEvents_fatalities-ftp_v1.0_d2008_c20260323.csv.gz
200806,11,0,52737,125025,D,06/11/2008 00:00:00,62,M,Mobile/Trailer Home,2008,StormEvents_fatalities-ftp_v1.0_d2008_c20260323.csv.gz
200806,11,0,52738,125025,D,06/11/2008 00:00:00,21,F,Permanent Home,2008,StormEvents_fatalities-ftp_v1.0_d2008_c20260323.csv.gz
200904,10,0,5306,165128,D,04/10/2009 00:00:00,1,F,Permanent Home,2009,StormEvents_fatalities-ftp_v1.0_d2009_c20260323.csv.gz
200904,10,0,5307,165128,D,04/10/2009 00:00:00,30,F,Permanent Home,2009,StormEvents_fatalities-ftp_v1.0_d2009_c20260323.csv.gz
200905,8,0,5427,170405,I,05/08/2009 00:00:00,67,M,Permanent Home,2009,StormEvents_fatalities-ftp_v1.0_d2009_c20260323.csv.gz
200905,13,0,5433,171718,D,05/13/2009 00:00:00,56,F,Mobile/Trailer Home,2009,StormEvents_fatalities-ftp_v1.0_d2009_c20260323.csv.gz
200905,13,0,5434,171727,D,05/13/2009 00:00:00,47,M,Outside/Open Areas,2009,StormEvents_fatalities-ftp_v1.0_d2009_c20260323.csv.gz
200905,13,0,5435,171727,D,05/13/2009 00:00:00,29,F,Outside/Open Areas,2009,StormEvents_fatalities-ftp_v1.0_d2009_c20260323.csv.gz
200905,8,0,5660,172960,D,05/08/2009 00:00:00,35,M,Mobile/Trailer Home,2009,StormEvents_fatalities-ftp_v1.0_d2009_c20260323.csv.gz
200905,8,0,5661,172960,D,05/08/2009 00:00:00,46,F,Mobile/Trailer Home,2009,StormEvents_fatalities-ftp_v1.0_d2009_c20260323.csv.gz
200907,3,0,5672,190659,I,08/03/2009 00:00:00,34,M,Under Tree,2009,StormEvents_fatalities-ftp_v1.0_d2009_c20260323.csv.gz
200902,10,0,16390,154267,D,02/10/2009 00:00:00,36,M,Mobile/Trailer Home,2009,StormEvents_fatalities-ftp_v1.0_d2009_c20260323.csv.gz
200902,10,0,16391,154267,D,02/10/2009 00:00:00,53,F,Mobile/Trailer Home,2009,StormEvents_fatalities-ftp_v1.0_d2009_c20260323.csv.gz
200902,10,0,16392,154267,D,02/10/2009 00:00:00,54,F,Mobile/Trailer Home,2009,StormEvents_fatalities-ftp_v1.0_d2009_c20260323.csv.gz
200902,10,0,16393,154267,D,02/10/2009 00:00:00,54,F,Mobile/Trailer Home,2009,StormEvents_fatalities-ftp_v1.0_d2009_c20260323.csv.gz
200902,10,0,16394,154267,D,02/10/2009 00:00:00,30,M,Mobile/Trailer Home,2009,StormEvents_fatalities-ftp_v1.0_d2009_c20260323.csv.gz
200902,10,0,16395,154267,D,02/10/2009 00:00:00,48,M,Mobile/Trailer Home,2009,StormEvents_fatalities-ftp_v1.0_d2009_c20260323.csv.gz
200902,10,0,16389,154267,D,02/10/2009 00:00:00,78,M,Permanent Home,2009,StormEvents_fatalities-ftp_v1.0_d2009_c20260323.csv.gz
200902,10,0,16388,154267,D,02/10/2009 00:00:00,39,M,Vehicle/Towed Trailer,2009,StormEvents_fatalities-ftp_v1.0_d2009_c20260323.csv.gz
200904,9,0,5149,154302,D,04/09/2009 00:00:00,61,M,Permanent Home,2009,StormEvents_fatalities-ftp_v1.0_d2009_c20260323.csv.gz
200904,9,0,5150,154302,D,04/09/2009 00:00:00,67,F,Permanent Home,2009,StormEvents_fatalities-ftp_v1.0_d2009_c20260323.csv.gz
200904,9,0,5148,154302,D,04/09/2009 00:00:00,84,F,Permanent Structure,2009,StormEvents_fatalities-ftp_v1.0_d2009_c20260323.csv.gz
200904,10,0,5022,154427,I,04/10/2009 00:00:00,63,M,Vehicle/Towed Trailer,2009,StormEvents_fatalities-ftp_v1.0_d2009_c20260323.csv.gz
200902,18,0,4904,154540,D,02/18/2009 00:00:00,60,M,Mobile/Trailer Home,2009,StormEvents_fatalities-ftp_v1.0_d2009_c20260323.csv.gz
200904,19,0,5279,159800,D,04/19/2009 00:00:00,59,F,Mobile/Trailer Home,2009,StormEvents_fatalities-ftp_v1.0_d2009_c20260323.csv.gz
200910,9,0,5828,197132,D,10/09/2009 00:00:00,60,F,Mobile/Trailer Home,2009,StormEvents_fatalities-ftp_v1.0_d2009_c20260323.csv.gz
200910,29,0,5717,197789,I,10/29/2009 00:00:00,,M,Vehicle/Towed Trailer,2009,StormEvents_fatalities-ftp_v1.0_d2009_c20260323.csv.gz
201005,2,0,7260,237666,D,05/02/2010 00:00:00,25,F,Mobile/Trailer Home,2010,StormEvents_fatalities-ftp_v1.0_d2010_c20260323.csv.gz
201005,2,0,7261,237666,D,05/02/2010 00:00:00,26,M,Mobile/Trailer Home,2010,StormEvents_fatalities-ftp_v1.0_d2010_c20260323.csv.gz
201005,2,0,7256,237687,D,05/02/2010 00:00:00,67,F,Mobile/Trailer Home,2010,StormEvents_fatalities-ftp_v1.0_d2010_c20260323.csv.gz
201005,2,0,7306,237801,D,05/02/2010 00:00:00,45,F,Permanent Home,2010,StormEvents_fatalities-ftp_v1.0_d2010_c20260323.csv.gz
201006,5,0,7466,239602,D,06/05/2010 00:00:00,20,F,Outside/Open Areas,2010,StormEvents_fatalities-ftp_v1.0_d2010_c20260323.csv.gz
201006,5,0,7468,239602,D,06/05/2010 00:00:00,46,M,Permanent Home,2010,StormEvents_fatalities-ftp_v1.0_d2010_c20260323.csv.gz
201006,29,0,7469,239602,D,07/29/2010 00:00:00,87,M,Permanent Home,2010,StormEvents_fatalities-ftp_v1.0_d2010_c20260323.csv.gz
201006,12,0,7470,239602,D,06/12/2010 00:00:00,37,M,Permanent Home,2010,StormEvents_fatalities-ftp_v1.0_d2010_c20260323.csv.gz
201006,5,0,7471,239602,D,06/05/2010 00:00:00,36,F,Permanent Home,2010,StormEvents_fatalities-ftp_v1.0_d2010_c20260323.csv.gz
201006,5,0,7472,239602,D,06/05/2010 00:00:00,4,M,Permanent Home,2010,StormEvents_fatalities-ftp_v1.0_d2010_c20260323.csv.gz
201006,5,0,7467,239602,D,06/05/2010 00:00:00,56,F,Vehicle/Towed Trailer,2010,StormEvents_fatalities-ftp_v1.0_d2010_c20260323.csv.gz
201004,30,0,6615,219252,D,04/30/2010 00:00:00,67,F,Permanent Home,2010,StormEvents_fatalities-ftp_v1.0_d2010_c20260323.csv.gz
201007,26,0,7847,243682,D,07/26/2010 00:00:00,10,M,Permanent Home,2010,StormEvents_fatalities-ftp_v1.0_d2010_c20260323.csv.gz
201007,26,0,7848,243682,D,07/26/2010 00:00:00,46,M,Permanent Home,2010,StormEvents_fatalities-ftp_v1.0_d2010_c20260323.csv.gz
201004,24,0,7019,224551,D,04/24/2010 00:00:00,79,F,Mobile/Trailer Home,2010,StormEvents_fatalities-ftp_v1.0_d2010_c20260323.csv.gz
201004,24,0,7020,224551,D,04/24/2010 00:00:00,64,M,Mobile/Trailer Home,2010,StormEvents_fatalities-ftp_v1.0_d2010_c20260323.csv.gz
201004,24,0,7021,224551,D,04/24/2010 00:00:00,51,M,Mobile/Trailer Home,2010,StormEvents_fatalities-ftp_v1.0_d2010_c20260323.csv.gz
201004,24,0,7022,224551,D,04/24/2010 00:00:00,31,F,Mobile/Trailer Home,2010,StormEvents_fatalities-ftp_v1.0_d2010_c20260323.csv.gz
201004,24,0,6871,224552,D,04/24/2010 00:00:00,70,M,Mobile/Trailer Home,2010,StormEvents_fatalities-ftp_v1.0_d2010_c20260323.csv.gz
201004,24,0,6889,224615,D,04/24/2010 00:00:00,0,F,Mobile/Trailer Home,2010,StormEvents_fatalities-ftp_v1.0_d2010_c20260323.csv.gz
201004,24,0,6890,224615,D,04/24/2010 00:00:00,9,F,Outside/Open Areas,2010,StormEvents_fatalities-ftp_v1.0_d2010_c20260323.csv.gz
201004,24,0,6891,224615,D,04/24/2010 00:00:00,14,F,Outside/Open Areas,2010,StormEvents_fatalities-ftp_v1.0_d2010_c20260323.csv.gz
201004,24,0,6892,224615,D,04/24/2010 00:00:00,58,F,Vehicle/Towed Trailer,2010,StormEvents_fatalities-ftp_v1.0_d2010_c20260323.csv.gz
201004,24,0,6893,224615,D,04/24/2010 00:00:00,58,M,Vehicle/Towed Trailer,2010,StormEvents_fatalities-ftp_v1.0_d2010_c20260323.csv.gz
201006,20,0,7597,226101,D,06/20/2010 00:00:00,69,M,Mobile/Trailer Home,2010,StormEvents_fatalities-ftp_v1.0_d2010_c20260323.csv.gz
201006,27,0,7558,227647,D,06/27/2010 00:00:00,75,M,Camping,2010,StormEvents_fatalities-ftp_v1.0_d2010_c20260323.csv.gz
201004,24,0,6898,228117,I,04/24/2010 00:00:00,50,F,Unknown,2010,StormEvents_fatalities-ftp_v1.0_d2010_c20260323.csv.gz
201006,17,0,7630,231404,D,06/17/2010 00:00:00,67,F,Mobile/Trailer Home,2010,StormEvents_fatalities-ftp_v1.0_d2010_c20260323.csv.gz
201005,10,0,7282,231939,D,05/10/2010 00:00:00,41,M,Outside/Open Areas,2010,StormEvents_fatalities-ftp_v1.0_d2010_c20260323.csv.gz
201005,8,0,7283,231939,D,06/08/2010 00:00:00,65,F,Outside/Open Areas,2010,StormEvents_fatalities-ftp_v1.0_d2010_c20260323.csv.gz
201005,10,0,7279,231948,D,05/10/2010 00:00:00,27,F,Mobile/Trailer Home,2010,StormEvents_fatalities-ftp_v1.0_d2010_c20260323.csv.gz
201006,17,0,7638,245530,D,06/17/2010 00:00:00,78,F,Outside/Open Areas,2010,StormEvents_fatalities-ftp_v1.0_d2010_c20260323.csv.gz
201006,17,0,7601,245876,D,06/17/2010 00:00:00,58,M,Business,2010,StormEvents_fatalities-ftp_v1.0_d2010_c20260323.csv.gz
201003,10,0,6481,211038,D,03/10/2010 00:00:00,79,M,Permanent Home,2010,StormEvents_fatalities-ftp_v1.0_d2010_c20260323.csv.gz
201012,31,0,8363,267533,D,12/31/2010 00:00:00,88,M,Mobile/Trailer Home,2010,StormEvents_fatalities-ftp_v1.0_d2010_c20260323.csv.gz
201012,31,0,8364,267533,D,12/31/2010 00:00:00,78,F,Mobile/Trailer Home,2010,StormEvents_fatalities-ftp_v1.0_d2010_c20260323.csv.gz
201012,4,0,8366,267533,D,01/04/2011 00:00:00,95,F,Mobile/Trailer Home,2010,StormEvents_fatalities-ftp_v1.0_d2010_c20260323.csv.gz
201012,31,0,8365,267533,D,12/31/2010 00:00:00,78,M,Outside/Open Areas,2010,StormEvents_fatalities-ftp_v1.0_d2010_c20260323.csv.gz
201012,31,0,8299,267577,D,12/31/2010 00:00:00,69,F,Mobile/Trailer Home,2010,StormEvents_fatalities-ftp_v1.0_d2010_c20260323.csv.gz
201012,31,0,8300,267577,D,12/31/2010 00:00:00,64,F,Mobile/Trailer Home,2010,StormEvents_fatalities-ftp_v1.0_d2010_c20260323.csv.gz
201012,31,0,8399,267705,D,12/31/2010 00:00:00,21,F,Mobile/Trailer Home,2010,StormEvents_fatalities-ftp_v1.0_d2010_c20260323.csv.gz
201012,31,0,8400,267705,D,12/31/2010 00:00:00,64,F,Mobile/Trailer Home,2010,StormEvents_fatalities-ftp_v1.0_d2010_c20260323.csv.gz
201008,12,0,7993,254958,D,08/12/2010 00:00:00,51,M,Vehicle/Towed Trailer,2010,StormEvents_fatalities-ftp_v1.0_d2010_c20260323.csv.gz
201009,16,0,8009,255627,D,09/16/2010 00:00:00,57,M,Permanent Home,2010,StormEvents_fatalities-ftp_v1.0_d2010_c20260323.csv.gz
201009,16,0,8488,262537,I,09/16/2010 00:00:00,57,M,Unknown,2010,StormEvents_fatalities-ftp_v1.0_d2010_c20260323.csv.gz
201009,16,0,8489,262537,D,09/16/2010 00:00:00,,F,Vehicle/Towed Trailer,2010,StormEvents_fatalities-ftp_v1.0_d2010_c20260323.csv.gz
201012,10,0,8337,275090,D,01/10/2011 00:00:00,70,F,Vehicle/Towed Trailer,2010,StormEvents_fatalities-ftp_v1.0_d2010_c20260323.csv.gz
201104,16,0,8990,300477,D,04/16/2011 00:00:00,92,M,Mobile/Trailer Home,2011,StormEvents_fatalities-ftp_v1.0_d2011_c20260323.csv.gz
201104,16,0,8991,300477,D,04/16/2011 00:00:00,50,M,Mobile/Trailer Home,2011,StormEvents_fatalities-ftp_v1.0_d2011_c20260323.csv.gz
201104,16,0,8992,300477,D,04/16/2011 00:00:00,54,F,Mobile/Trailer Home,2011,StormEvents_fatalities-ftp_v1.0_d2011_c20260323.csv.gz
201104,16,0,8995,300502,D,04/16/2011 00:00:00,50,M,Mobile/Trailer Home,2011,StormEvents_fatalities-ftp_v1.0_d2011_c20260323.csv.gz
201104,27,0,17207,300747,D,04/27/2011 00:00:00,56,M,Vehicle/Towed Trailer,2011,StormEvents_fatalities-ftp_v1.0_d2011_c20260323.csv.gz
201104,27,0,9128,301771,D,04/27/2011 00:00:00,83,M,Permanent Home,2011,StormEvents_fatalities-ftp_v1.0_d2011_c20260323.csv.gz
201104,27,0,14136,301811,D,04/27/2011 00:00:00,68,F,Unknown,2011,StormEvents_fatalities-ftp_v1.0_d2011_c20260323.csv.gz
201104,27,0,14137,301811,D,04/27/2011 00:00:00,45,M,Unknown,2011,StormEvents_fatalities-ftp_v1.0_d2011_c20260323.csv.gz
201104,27,0,14138,301811,D,04/27/2011 00:00:00,35,M,Unknown,2011,StormEvents_fatalities-ftp_v1.0_d2011_c20260323.csv.gz
201108,10,0,15924,340632,D,08/10/2011 00:00:00,82,F,Mobile/Trailer Home,2011,StormEvents_fatalities-ftp_v1.0_d2011_c20260323.csv.gz
201104,27,0,17315,347518,D,04/27/2011 00:00:00,47,M,Mobile/Trailer Home,2011,StormEvents_fatalities-ftp_v1.0_d2011_c20260323.csv.gz
201104,27,0,17313,347518,D,04/27/2011 00:00:00,63,M,Permanent Home,2011,StormEvents_fatalities-ftp_v1.0_d2011_c20260323.csv.gz
201104,27,0,17314,347518,D,04/27/2011 00:00:00,70,M,Permanent Home,2011,StormEvents_fatalities-ftp_v1.0_d2011_c20260323.csv.gz
201104,27,0,17316,347518,D,04/27/2011 00:00:00,56,F,Permanent Home,2011,StormEvents_fatalities-ftp_v1.0_d2011_c20260323.csv.gz
201104,27,0,17317,347518,D,04/27/2011 00:00:00,58,M,Permanent Home,2011,StormEvents_fatalities-ftp_v1.0_d2011_c20260323.csv.gz
201104,27,0,17318,347518,D,04/27/2011 00:00:00,47,F,Permanent Home,2011,StormEvents_fatalities-ftp_v1.0_d2011_c20260323.csv.gz
201104,15,0,9144,289571,D,04/15/2011 00:00:00,7,M,Permanent Home,2011,StormEvents_fatalities-ftp_v1.0_d2011_c20260323.csv.gz
201104,26,0,9730,289592,D,04/26/2011 00:00:00,1,M,Permanent Home,2011,StormEvents_fatalities-ftp_v1.0_d2011_c20260323.csv.gz
201104,25,0,9138,289612,D,04/25/2011 00:00:00,63,M,Mobile/Trailer Home,2011,StormEvents_fatalities-ftp_v1.0_d2011_c20260323.csv.gz
201104,25,0,9139,289612,D,04/25/2011 00:00:00,55,M,Mobile/Trailer Home,2011,StormEvents_fatalities-ftp_v1.0_d2011_c20260323.csv.gz
201104,25,0,9140,289612,D,04/25/2011 00:00:00,45,M,Other,2011,StormEvents_fatalities-ftp_v1.0_d2011_c20260323.csv.gz
201104,25,0,9141,289612,D,04/25/2011 00:00:00,45,F,Other,2011,StormEvents_fatalities-ftp_v1.0_d2011_c20260323.csv.gz
201103,5,0,8809,292185,D,03/05/2011 00:00:00,21,F,Permanent Home,2011,StormEvents_fatalities-ftp_v1.0_d2011_c20260323.csv.gz
201104,27,0,17283,294036,D,04/27/2011 00:00:00,42,F,Permanent Home,2011,StormEvents_fatalities-ftp_v1.0_d2011_c20260323.csv.gz
201104,27,0,17284,294036,D,04/27/2011 00:00:00,77,M,Permanent Home,2011,StormEvents_fatalities-ftp_v1.0_d2011_c20260323.csv.gz
201104,27,0,17285,294036,D,04/27/2011 00:00:00,33,F,Permanent Home,2011,StormEvents_fatalities-ftp_v1.0_d2011_c20260323.csv.gz
201104,27,0,17286,294036,D,04/27/2011 00:00:00,56,F,Permanent Home,2011,StormEvents_fatalities-ftp_v1.0_d2011_c20260323.csv.gz
201105,22,0,13861,294080,D,05/22/2011 00:00:00,59,M,Vehicle/Towed Trailer,2011,StormEvents_fatalities-ftp_v1.0_d2011_c20260323.csv.gz
201104,5,0,9862,295351,D,04/05/2011 00:00:00,45,M,Mobile/Trailer Home,2011,StormEvents_fatalities-ftp_v1.0_d2011_c20260323.csv.gz
201105,21,0,15904,295476,D,05/21/2011 00:00:00,53,M,Mobile/Trailer Home,2011,StormEvents_fatalities-ftp_v1.0_d2011_c20260323.csv.gz
201104,27,0,15880,314662,D,04/27/2011 00:00:00,85,F,Permanent Home,2011,StormEvents_fatalities-ftp_v1.0_d2011_c20260323.csv.gz
201104,27,0,15882,314662,D,04/27/2011 00:00:00,36,M,Permanent Home,2011,StormEvents_fatalities-ftp_v1.0_d2011_c20260323.csv.gz
201104,27,0,15883,314662,D,04/27/2011 00:00:00,88,F,Permanent Home,2011,StormEvents_fatalities-ftp_v1.0_d2011_c20260323.csv.gz
201104,27,0,15885,314662,D,04/27/2011 00:00:00,23,F,Permanent Home,2011,StormEvents_fatalities-ftp_v1.0_d2011_c20260323.csv.gz
201104,27,0,15887,314662,D,04/27/2011 00:00:00,22,M,Permanent Home,2011,StormEvents_fatalities-ftp_v1.0_d2011_c20260323.csv.gz
201104,27,0,15888,314662,D,04/27/2011 00:00:00,15,M,Permanent Home,2011,StormEvents_fatalities-ftp_v1.0_d2011_c20260323.csv.gz
201104,27,0,15889,314662,D,04/27/2011 00:00:00,55,F,Permanent Home,2011,StormEvents_fatalities-ftp_v1.0_d2011_c20260323.csv.gz
201104,27,0,15890,314662,D,04/27/2011 00:00:00,21,M,Permanent Home,2011,StormEvents_fatalities-ftp_v1.0_d2011_c20260323.csv.gz
201104,8,0,15891,314662,D,06/08/2011 00:00:00,80,F,Permanent Home,2011,StormEvents_fatalities-ftp_v1.0_d2011_c20260323.csv.gz
201104,16,0,15901,314662,D,09/16/2011 00:00:00,50,M,Permanent Home,2011,StormEvents_fatalities-ftp_v1.0_d2011_c20260323.csv.gz
201104,27,0,15851,314662,D,04/27/2011 00:00:00,51,M,Permanent Structure,2011,StormEvents_fatalities-ftp_v1.0_d2011_c20260323.csv.gz
201104,27,0,15855,314662,D,04/27/2011 00:00:00,3,M,Permanent Structure,2011,StormEvents_fatalities-ftp_v1.0_d2011_c20260323.csv.gz
201104,27,0,15856,314662,D,04/27/2011 00:00:00,21,F,Permanent Structure,2011,StormEvents_fatalities-ftp_v1.0_d2011_c20260323.csv.gz
201104,27,0,15859,314662,D,04/27/2011 00:00:00,1,F,Permanent Structure,2011,StormEvents_fatalities-ftp_v1.0_d2011_c20260323.csv.gz
201104,27,0,15861,314662,D,04/27/2011 00:00:00,22,F,Permanent Structure,2011,StormEvents_fatalities-ftp_v1.0_d2011_c20260323.csv.gz
201104,27,0,15862,314662,D,04/27/2011 00:00:00,5,F,Permanent Structure,2011,StormEvents_fatalities-ftp_v1.0_d2011_c20260323.csv.gz
201104,27,0,15863,314662,D,04/27/2011 00:00:00,58,F,Permanent Structure,2011,StormEvents_fatalities-ftp_v1.0_d2011_c20260323.csv.gz
201104,27,0,15867,314662,D,04/27/2011 00:00:00,50,F,Permanent Structure,2011,StormEvents_fatalities-ftp_v1.0_d2011_c20260323.csv.gz
201104,27,0,15876,314662,D,04/27/2011 00:00:00,1,F,Permanent Structure,2011,StormEvents_fatalities-ftp_v1.0_d2011_c20260323.csv.gz
201104,27,0,15877,314662,D,04/27/2011 00:00:00,2,F,Permanent Structure,2011,StormEvents_fatalities-ftp_v1.0_d2011_c20260323.csv.gz
201104,27,0,15878,314662,D,04/27/2011 00:00:00,26,F,Permanent Structure,2011,StormEvents_fatalities-ftp_v1.0_d2011_c20260323.csv.gz
201104,27,0,15886,314662,D,04/27/2011 00:00:00,21,M,Permanent Structure,2011,StormEvents_fatalities-ftp_v1.0_d2011_c20260323.csv.gz
201105,22,0,16761,296617,D,05/22/2011 00:00:00,63,F,Permanent Structure,2011,StormEvents_fatalities-ftp_v1.0_d2011_c20260323.csv.gz
201105,22,0,16860,296617,D,05/22/2011 00:00:00,48,M,Permanent Structure,2011,StormEvents_fatalities-ftp_v1.0_d2011_c20260323.csv.gz
201105,22,0,16861,296617,D,05/22/2011 00:00:00,82,F,Permanent Structure,2011,StormEvents_fatalities-ftp_v1.0_d2011_c20260323.csv.gz
201105,22,0,16862,296617,D,05/22/2011 00:00:00,83,F,Permanent Structure,2011,StormEvents_fatalities-ftp_v1.0_d2011_c20260323.csv.gz
201105,22,0,16863,296617,D,05/22/2011 00:00:00,48,M,Permanent Structure,2011,StormEvents_fatalities-ftp_v1.0_d2011_c20260323.csv.gz
201105,22,0,16864,296617,D,05/22/2011 00:00:00,71,F,Permanent Structure,2011,StormEvents_fatalities-ftp_v1.0_d2011_c20260323.csv.gz
201105,22,0,16865,296617,D,05/22/2011 00:00:00,92,F,Permanent Structure,2011,StormEvents_fatalities-ftp_v1.0_d2011_c20260323.csv.gz
201105,22,0,16866,296617,D,05/22/2011 00:00:00,85,M,Permanent Structure,2011,StormEvents_fatalities-ftp_v1.0_d2011_c20260323.csv.gz
201105,22,0,16867,296617,D,05/22/2011 00:00:00,52,M,Permanent Structure,2011,StormEvents_fatalities-ftp_v1.0_d2011_c20260323.csv.gz
201105,22,0,16868,296617,D,05/22/2011 00:00:00,74,M,Permanent Structure,2011,StormEvents_fatalities-ftp_v1.0_d2011_c20260323.csv.gz
201105,22,0,16869,296617,I,05/22/2011 00:00:00,84,M,Permanent Structure,2011,StormEvents_fatalities-ftp_v1.0_d2011_c20260323.csv.gz
201105,22,0,16870,296617,I,05/22/2011 00:00:00,39,M,Permanent Structure,2011,StormEvents_fatalities-ftp_v1.0_d2011_c20260323.csv.gz
201105,22,0,16871,296617,I,05/22/2011 00:00:00,77,M,Permanent Structure,2011,StormEvents_fatalities-ftp_v1.0_d2011_c20260323.csv.gz
201105,22,0,16889,296617,D,05/22/2011 00:00:00,68,M,Permanent Structure,2011,StormEvents_fatalities-ftp_v1.0_d2011_c20260323.csv.gz
201105,22,0,16873,296617,D,05/22/2011 00:00:00,43,F,Vehicle/Towed Trailer,2011,StormEvents_fatalities-ftp_v1.0_d2011_c20260323.csv.gz
201105,22,0,16874,296617,D,05/22/2011 00:00:00,66,M,Vehicle/Towed Trailer,2011,StormEvents_fatalities-ftp_v1.0_d2011_c20260323.csv.gz
201105,22,0,16875,296617,D,05/22/2011 00:00:00,39,M,Vehicle/Towed Trailer,2011,StormEvents_fatalities-ftp_v1.0_d2011_c20260323.csv.gz
201105,22,0,16876,296617,D,05/22/2011 00:00:00,28,M,Vehicle/Towed Trailer,2011,StormEvents_fatalities-ftp_v1.0_d2011_c20260323.csv.gz
201105,22,0,16877,296617,D,05/22/2011 00:00:00,63,M,Vehicle/Towed Trailer,2011,StormEvents_fatalities-ftp_v1.0_d2011_c20260323.csv.gz
201105,22,0,16878,296617,D,05/22/2011 00:00:00,16,M,Vehicle/Towed Trailer,2011,StormEvents_fatalities-ftp_v1.0_d2011_c20260323.csv.gz
201105,22,0,16879,296617,D,05/22/2011 00:00:00,47,F,Vehicle/Towed Trailer,2011,StormEvents_fatalities-ftp_v1.0_d2011_c20260323.csv.gz
201105,22,0,16880,296617,D,05/22/2011 00:00:00,70,F,Vehicle/Towed Trailer,2011,StormEvents_fatalities-ftp_v1.0_d2011_c20260323.csv.gz
201105,22,0,16881,296617,D,05/22/2011 00:00:00,48,M,Vehicle/Towed Trailer,2011,StormEvents_fatalities-ftp_v1.0_d2011_c20260323.csv.gz
201105,22,0,16882,296617,D,05/22/2011 00:00:00,44,M,Vehicle/Towed Trailer,2011,StormEvents_fatalities-ftp_v1.0_d2011_c20260323.csv.gz
201105,22,0,16883,296617,D,05/22/2011 00:00:00,18,M,Vehicle/Towed Trailer,2011,StormEvents_fatalities-ftp_v1.0_d2011_c20260323.csv.gz
201105,22,0,16884,296617,D,05/22/2011 00:00:00,34,M,Vehicle/Towed Trailer,2011,StormEvents_fatalities-ftp_v1.0_d2011_c20260323.csv.gz
201105,22,0,16885,296617,D,05/22/2011 00:00:00,68,F,Vehicle/Towed Trailer,2011,StormEvents_fatalities-ftp_v1.0_d2011_c20260323.csv.gz
201105,22,0,16886,296617,D,05/22/2011 00:00:00,68,F,Vehicle/Towed Trailer,2011,StormEvents_fatalities-ftp_v1.0_d2011_c20260323.csv.gz
201105,22,0,16887,296617,D,05/22/2011 00:00:00,28,M,Vehicle/Towed Trailer,2011,StormEvents_fatalities-ftp_v1.0_d2011_c20260323.csv.gz
201104,15,0,14905,296776,D,04/15/2011 00:00:00,57,F,Mobile/Trailer Home,2011,StormEvents_fatalities-ftp_v1.0_d2011_c20260323.csv.gz
201104,15,0,14898,296786,D,04/15/2011 00:00:00,38,F,Mobile/Trailer Home,2011,StormEvents_fatalities-ftp_v1.0_d2011_c20260323.csv.gz
201104,15,0,14899,296786,D,04/15/2011 00:00:00,10,M,Mobile/Trailer Home,2011,StormEvents_fatalities-ftp_v1.0_d2011_c20260323.csv.gz
201104,15,0,14900,296786,D,04/15/2011 00:00:00,13,M,Mobile/Trailer Home,2011,StormEvents_fatalities-ftp_v1.0_d2011_c20260323.csv.gz
201104,27,0,17243,296789,D,04/27/2011 00:00:00,62,F,Mobile/Trailer Home,2011,StormEvents_fatalities-ftp_v1.0_d2011_c20260323.csv.gz
201104,27,0,17244,296789,D,04/27/2011 00:00:00,70,M,Mobile/Trailer Home,2011,StormEvents_fatalities-ftp_v1.0_d2011_c20260323.csv.gz
201104,27,0,17245,296789,D,04/27/2011 00:00:00,63,M,Mobile/Trailer Home,2011,StormEvents_fatalities-ftp_v1.0_d2011_c20260323.csv.gz
201104,27,0,17246,296789,D,04/27/2011 00:00:00,60,F,Mobile/Trailer Home,2011,StormEvents_fatalities-ftp_v1.0_d2011_c20260323.csv.gz
201104,27,0,17247,296789,D,04/27/2011 00:00:00,56,F,Permanent Home,2011,StormEvents_fatalities-ftp_v1.0_d2011_c20260323.csv.gz
201104,27,0,17248,296789,D,04/27/2011 00:00:00,31,M,Permanent Home,2011,StormEvents_fatalities-ftp_v1.0_d2011_c20260323.csv.gz
201104,27,0,17249,296789,D,04/27/2011 00:00:00,17,M,Permanent Home,2011,StormEvents_fatalities-ftp_v1.0_d2011_c20260323.csv.gz
201104,27,0,17250,296789,D,04/27/2011 00:00:00,77,F,Permanent Home,2011,StormEvents_fatalities-ftp_v1.0_d2011_c20260323.csv.gz
201104,16,0,8900,297492,D,04/16/2011 00:00:00,82,F,Mobile/Trailer Home,2011,StormEvents_fatalities-ftp_v1.0_d2011_c20260323.csv.gz
201104,16,0,8903,297552,D,04/16/2011 00:00:00,42,M,Mobile/Trailer Home,2011,StormEvents_fatalities-ftp_v1.0_d2011_c20260323.csv.gz
201104,27,0,17322,297632,D,04/27/2011 00:00:00,63,F,Permanent Home,2011,StormEvents_fatalities-ftp_v1.0_d2011_c20260323.csv.gz
201104,27,0,17326,297650,D,04/27/2011 00:00:00,54,F,Permanent Home,2011,StormEvents_fatalities-ftp_v1.0_d2011_c20260323.csv.gz
201104,27,0,17327,297650,D,04/27/2011 00:00:00,53,F,Permanent Home,2011,StormEvents_fatalities-ftp_v1.0_d2011_c20260323.csv.gz
201104,16,0,8907,297659,D,04/16/2011 00:00:00,43,M,Mobile/Trailer Home,2011,StormEvents_fatalities-ftp_v1.0_d2011_c20260323.csv.gz
201104,16,0,8906,297659,D,04/16/2011 00:00:00,43,M,Vehicle/Towed Trailer,2011,StormEvents_fatalities-ftp_v1.0_d2011_c20260323.csv.gz
201104,19,0,8908,297671,D,04/19/2011 00:00:00,0,F,Mobile/Trailer Home,2011,StormEvents_fatalities-ftp_v1.0_d2011_c20260323.csv.gz
201104,16,0,8909,297671,D,04/16/2011 00:00:00,9,M,Mobile/Trailer Home,2011,StormEvents_fatalities-ftp_v1.0_d2011_c20260323.csv.gz
201104,16,0,8910,297671,D,04/16/2011 00:00:00,8,M,Mobile/Trailer Home,2011,StormEvents_fatalities-ftp_v1.0_d2011_c20260323.csv.gz
201104,16,0,8911,297671,D,04/16/2011 00:00:00,3,M,Mobile/Trailer Home,2011,StormEvents_fatalities-ftp_v1.0_d2011_c20260323.csv.gz
201104,28,0,17343,298380,D,04/28/2011 00:00:00,59,M,Mobile/Trailer Home,2011,StormEvents_fatalities-ftp_v1.0_d2011_c20260323.csv.gz
201104,28,0,17345,298380,D,04/28/2011 00:00:00,67,F,Mobile/Trailer Home,2011,StormEvents_fatalities-ftp_v1.0_d2011_c20260323.csv.gz
201104,28,0,17344,298380,D,04/28/2011 00:00:00,71,M,Permanent Home,2011,StormEvents_fatalities-ftp_v1.0_d2011_c20260323.csv.gz
201104,28,0,17346,298380,I,04/28/2011 00:00:00,60,F,Vehicle/Towed Trailer,2011,StormEvents_fatalities-ftp_v1.0_d2011_c20260323.csv.gz
201104,27,0,17287,300457,D,04/27/2011 00:00:00,40,F,Permanent Home,2011,StormEvents_fatalities-ftp_v1.0_d2011_c20260323.csv.gz
201104,27,0,14139,301811,D,04/27/2011 00:00:00,78,M,Unknown,2011,StormEvents_fatalities-ftp_v1.0_d2011_c20260323.csv.gz
201104,27,0,14140,301811,D,04/27/2011 00:00:00,41,F,Unknown,2011,StormEvents_fatalities-ftp_v1.0_d2011_c20260323.csv.gz
201104,27,0,14141,301811,D,04/27/2011 00:00:00,63,M,Unknown,2011,StormEvents_fatalities-ftp_v1.0_d2011_c20260323.csv.gz
201104,27,0,14142,301811,D,04/27/2011 00:00:00,50,F,Unknown,2011,StormEvents_fatalities-ftp_v1.0_d2011_c20260323.csv.gz
201104,27,0,14143,301811,D,04/27/2011 00:00:00,48,M,Unknown,2011,StormEvents_fatalities-ftp_v1.0_d2011_c20260323.csv.gz
201104,27,0,14144,301811,D,04/27/2011 00:00:00,81,M,Unknown,2011,StormEvents_fatalities-ftp_v1.0_d2011_c20260323.csv.gz
201104,27,0,14145,301811,D,04/27/2011 00:00:00,67,M,Unknown,2011,StormEvents_fatalities-ftp_v1.0_d2011_c20260323.csv.gz
201104,27,0,14146,301811,D,04/27/2011 00:00:00,57,F,Unknown,2011,StormEvents_fatalities-ftp_v1.0_d2011_c20260323.csv.gz
201104,27,0,14147,301811,D,04/27/2011 00:00:00,10,M,Unknown,2011,StormEvents_fatalities-ftp_v1.0_d2011_c20260323.csv.gz
201104,27,0,14148,301811,D,04/27/2011 00:00:00,33,F,Unknown,2011,StormEvents_fatalities-ftp_v1.0_d2011_c20260323.csv.gz
201104,27,0,14149,301811,D,04/27/2011 00:00:00,45,M,Unknown,2011,StormEvents_fatalities-ftp_v1.0_d2011_c20260323.csv.gz
201104,27,0,14152,301811,D,04/27/2011 00:00:00,9,M,Unknown,2011,StormEvents_fatalities-ftp_v1.0_d2011_c20260323.csv.gz
201104,27,0,14153,301811,D,04/27/2011 00:00:00,24,F,Unknown,2011,StormEvents_fatalities-ftp_v1.0_d2011_c20260323.csv.gz
201104,27,0,14154,301811,D,04/27/2011 00:00:00,32,M,Unknown,2011,StormEvents_fatalities-ftp_v1.0_d2011_c20260323.csv.gz
201104,27,0,14157,301811,D,04/27/2011 00:00:00,83,F,Unknown,2011,StormEvents_fatalities-ftp_v1.0_d2011_c20260323.csv.gz
201104,27,0,14159,301811,D,04/27/2011 00:00:00,47,F,Unknown,2011,StormEvents_fatalities-ftp_v1.0_d2011_c20260323.csv.gz
201104,27,0,14135,301811,D,04/27/2011 00:00:00,52,F,Church,2011,StormEvents_fatalities-ftp_v1.0_d2011_c20260323.csv.gz
201104,27,0,14150,301811,D,04/27/2011 00:00:00,56,F,Church,2011,StormEvents_fatalities-ftp_v1.0_d2011_c20260323.csv.gz
201104,27,0,14151,301811,D,04/27/2011 00:00:00,38,F,Church,2011,StormEvents_fatalities-ftp_v1.0_d2011_c20260323.csv.gz
201104,27,0,14158,301811,D,04/27/2011 00:00:00,67,M,Church,2011,StormEvents_fatalities-ftp_v1.0_d2011_c20260323.csv.gz
201104,27,0,14160,301811,D,04/27/2011 00:00:00,76,M,Church,2011,StormEvents_fatalities-ftp_v1.0_d2011_c20260323.csv.gz
201104,27,0,14161,301811,D,04/27/2011 00:00:00,64,F,Church,2011,StormEvents_fatalities-ftp_v1.0_d2011_c20260323.csv.gz
201104,27,0,14155,301811,D,04/27/2011 00:00:00,89,F,Permanent Home,2011,StormEvents_fatalities-ftp_v1.0_d2011_c20260323.csv.gz
201104,27,0,14156,301811,D,04/27/2011 00:00:00,64,F,Permanent Structure,2011,StormEvents_fatalities-ftp_v1.0_d2011_c20260323.csv.gz
201104,27,0,17664,301829,D,04/27/2011 00:00:00,36,F,Unknown,2011,StormEvents_fatalities-ftp_v1.0_d2011_c20260323.csv.gz
201104,27,0,17665,301829,D,04/27/2011 00:00:00,65,M,Unknown,2011,StormEvents_fatalities-ftp_v1.0_d2011_c20260323.csv.gz
201104,27,0,17666,301829,D,04/27/2011 00:00:00,64,F,Unknown,2011,StormEvents_fatalities-ftp_v1.0_d2011_c20260323.csv.gz
201104,27,0,17667,301829,D,04/27/2011 00:00:00,34,M,Unknown,2011,StormEvents_fatalities-ftp_v1.0_d2011_c20260323.csv.gz
201104,27,0,17668,301829,D,04/27/2011 00:00:00,32,F,Unknown,2011,StormEvents_fatalities-ftp_v1.0_d2011_c20260323.csv.gz
201104,27,0,17669,301829,D,04/27/2011 00:00:00,6,F,Unknown,2011,StormEvents_fatalities-ftp_v1.0_d2011_c20260323.csv.gz
201104,27,0,17670,301829,D,04/27/2011 00:00:00,3,F,Unknown,2011,StormEvents_fatalities-ftp_v1.0_d2011_c20260323.csv.gz
201104,27,0,17671,301829,D,04/27/2011 00:00:00,61,F,Unknown,2011,StormEvents_fatalities-ftp_v1.0_d2011_c20260323.csv.gz
201104,27,0,17672,301829,D,04/27/2011 00:00:00,56,M,Unknown,2011,StormEvents_fatalities-ftp_v1.0_d2011_c20260323.csv.gz
201104,27,0,17673,301829,D,04/27/2011 00:00:00,90,F,Unknown,2011,StormEvents_fatalities-ftp_v1.0_d2011_c20260323.csv.gz
201104,27,0,17674,301829,D,04/27/2011 00:00:00,74,M,Unknown,2011,StormEvents_fatalities-ftp_v1.0_d2011_c20260323.csv.gz
201104,27,0,17675,301829,D,04/27/2011 00:00:00,75,F,Unknown,2011,StormEvents_fatalities-ftp_v1.0_d2011_c20260323.csv.gz
201104,27,0,17676,301829,D,04/27/2011 00:00:00,28,F,Unknown,2011,StormEvents_fatalities-ftp_v1.0_d2011_c20260323.csv.gz
201104,27,0,17677,301829,D,04/27/2011 00:00:00,86,F,Unknown,2011,StormEvents_fatalities-ftp_v1.0_d2011_c20260323.csv.gz
201104,27,0,17678,301829,D,04/27/2011 00:00:00,48,M,Unknown,2011,StormEvents_fatalities-ftp_v1.0_d2011_c20260323.csv.gz
201104,27,0,17679,301829,D,04/27/2011 00:00:00,15,F,Unknown,2011,StormEvents_fatalities-ftp_v1.0_d2011_c20260323.csv.gz
201104,27,0,17680,301829,D,04/27/2011 00:00:00,80,F,Unknown,2011,StormEvents_fatalities-ftp_v1.0_d2011_c20260323.csv.gz
201104,27,0,17681,301829,D,04/27/2011 00:00:00,81,F,Unknown,2011,StormEvents_fatalities-ftp_v1.0_d2011_c20260323.csv.gz
201104,27,0,17682,301829,D,04/27/2011 00:00:00,55,F,Unknown,2011,StormEvents_fatalities-ftp_v1.0_d2011_c20260323.csv.gz
201104,27,0,17683,301829,D,04/27/2011 00:00:00,42,M,Unknown,2011,StormEvents_fatalities-ftp_v1.0_d2011_c20260323.csv.gz
201104,27,0,17684,301829,D,04/27/2011 00:00:00,44,F,Unknown,2011,StormEvents_fatalities-ftp_v1.0_d2011_c20260323.csv.gz
201104,27,0,17685,301829,D,04/27/2011 00:00:00,70,F,Unknown,2011,StormEvents_fatalities-ftp_v1.0_d2011_c20260323.csv.gz
201104,27,0,17686,301829,D,04/27/2011 00:00:00,70,M,Unknown,2011,StormEvents_fatalities-ftp_v1.0_d2011_c20260323.csv.gz
201104,27,0,17687,301829,D,04/27/2011 00:00:00,87,F,Permanent Home,2011,StormEvents_fatalities-ftp_v1.0_d2011_c20260323.csv.gz
201104,27,0,17688,301829,D,04/27/2011 00:00:00,53,M,Permanent Home,2011,StormEvents_fatalities-ftp_v1.0_d2011_c20260323.csv.gz
201104,27,0,14360,301846,D,04/27/2011 00:00:00,21,M,Mobile/Trailer Home,2011,StormEvents_fatalities-ftp_v1.0_d2011_c20260323.csv.gz
201104,27,0,14361,301846,D,04/27/2011 00:00:00,63,M,Mobile/Trailer Home,2011,StormEvents_fatalities-ftp_v1.0_d2011_c20260323.csv.gz
201104,27,0,14365,301846,D,04/27/2011 00:00:00,74,M,Mobile/Trailer Home,2011,StormEvents_fatalities-ftp_v1.0_d2011_c20260323.csv.gz
201104,27,0,14366,301846,D,04/27/2011 00:00:00,76,F,Mobile/Trailer Home,2011,StormEvents_fatalities-ftp_v1.0_d2011_c20260323.csv.gz
201104,27,0,14367,301846,D,04/27/2011 00:00:00,78,M,Mobile/Trailer Home,2011,StormEvents_fatalities-ftp_v1.0_d2011_c20260323.csv.gz
201104,27,0,14368,301846,D,04/27/2011 00:00:00,73,M,Mobile/Trailer Home,2011,StormEvents_fatalities-ftp_v1.0_d2011_c20260323.csv.gz
201104,27,0,14371,301846,D,04/27/2011 00:00:00,80,M,Mobile/Trailer Home,2011,StormEvents_fatalities-ftp_v1.0_d2011_c20260323.csv.gz
201104,27,0,14372,301846,D,04/27/2011 00:00:00,49,M,Mobile/Trailer Home,2011,StormEvents_fatalities-ftp_v1.0_d2011_c20260323.csv.gz
201104,27,0,14373,301846,D,04/27/2011 00:00:00,66,M,Mobile/Trailer Home,2011,StormEvents_fatalities-ftp_v1.0_d2011_c20260323.csv.gz
201104,27,0,14362,301846,D,04/27/2011 00:00:00,58,M,Permanent Home,2011,StormEvents_fatalities-ftp_v1.0_d2011_c20260323.csv.gz
201104,27,0,14363,301846,D,04/27/2011 00:00:00,12,F,Permanent Home,2011,StormEvents_fatalities-ftp_v1.0_d2011_c20260323.csv.gz
201104,27,0,14364,301846,D,04/27/2011 00:00:00,80,F,Permanent Home,2011,StormEvents_fatalities-ftp_v1.0_d2011_c20260323.csv.gz
201104,27,0,14369,301846,D,04/27/2011 00:00:00,84,F,Permanent Home,2011,StormEvents_fatalities-ftp_v1.0_d2011_c20260323.csv.gz
201104,27,0,14370,301846,D,04/27/2011 00:00:00,83,M,Permanent Home,2011,StormEvents_fatalities-ftp_v1.0_d2011_c20260323.csv.gz
201104,27,0,14179,301882,D,04/27/2011 00:00:00,13,M,Vehicle/Towed Trailer,2011,StormEvents_fatalities-ftp_v1.0_d2011_c20260323.csv.gz
201104,27,0,13999,301902,D,04/27/2011 00:00:00,54,F,Permanent Home,2011,StormEvents_fatalities-ftp_v1.0_d2011_c20260323.csv.gz
201104,27,0,14000,301902,D,04/27/2011 00:00:00,55,M,Permanent Home,2011,StormEvents_fatalities-ftp_v1.0_d2011_c20260323.csv.gz
201104,27,0,14001,301902,D,04/27/2011 00:00:00,39,F,Permanent Structure,2011,StormEvents_fatalities-ftp_v1.0_d2011_c20260323.csv.gz
201104,27,0,13998,301902,D,04/27/2011 00:00:00,67,F,Vehicle/Towed Trailer,2011,StormEvents_fatalities-ftp_v1.0_d2011_c20260323.csv.gz
201105,22,0,16821,296617,D,05/22/2011 00:00:00,71,M,Unknown,2011,StormEvents_fatalities-ftp_v1.0_d2011_c20260323.csv.gz
201105,22,0,16822,296617,D,05/22/2011 00:00:00,54,F,Unknown,2011,StormEvents_fatalities-ftp_v1.0_d2011_c20260323.csv.gz
201105,22,0,16823,296617,D,05/22/2011 00:00:00,48,F,Unknown,2011,StormEvents_fatalities-ftp_v1.0_d2011_c20260323.csv.gz
201105,22,0,16824,296617,D,05/22/2011 00:00:00,56,F,Unknown,2011,StormEvents_fatalities-ftp_v1.0_d2011_c20260323.csv.gz
201105,22,0,16825,296617,D,05/22/2011 00:00:00,79,F,Unknown,2011,StormEvents_fatalities-ftp_v1.0_d2011_c20260323.csv.gz
201105,22,0,16826,296617,D,05/22/2011 00:00:00,88,M,Unknown,2011,StormEvents_fatalities-ftp_v1.0_d2011_c20260323.csv.gz
201105,22,0,16827,296617,D,05/22/2011 00:00:00,49,M,Unknown,2011,StormEvents_fatalities-ftp_v1.0_d2011_c20260323.csv.gz
201105,22,0,16828,296617,D,05/22/2011 00:00:00,91,F,Unknown,2011,StormEvents_fatalities-ftp_v1.0_d2011_c20260323.csv.gz
201105,22,0,16872,296617,D,05/22/2011 00:00:00,85,M,Unknown,2011,StormEvents_fatalities-ftp_v1.0_d2011_c20260323.csv.gz
201105,22,0,16888,296617,D,05/22/2011 00:00:00,91,F,Unknown,2011,StormEvents_fatalities-ftp_v1.0_d2011_c20260323.csv.gz
201105,22,0,16854,296617,D,05/22/2011 00:00:00,16,F,Business,2011,StormEvents_fatalities-ftp_v1.0_d2011_c20260323.csv.gz
201105,22,0,16855,296617,D,05/22/2011 00:00:00,59,M,Business,2011,StormEvents_fatalities-ftp_v1.0_d2011_c20260323.csv.gz
201105,22,0,16856,296617,D,05/22/2011 00:00:00,34,F,Business,2011,StormEvents_fatalities-ftp_v1.0_d2011_c20260323.csv.gz
201105,22,0,16857,296617,D,05/22/2011 00:00:00,27,M,Business,2011,StormEvents_fatalities-ftp_v1.0_d2011_c20260323.csv.gz
201105,22,0,16858,296617,D,05/22/2011 00:00:00,66,F,Business,2011,StormEvents_fatalities-ftp_v1.0_d2011_c20260323.csv.gz
201105,22,0,16859,296617,D,05/22/2011 00:00:00,62,F,Business,2011,StormEvents_fatalities-ftp_v1.0_d2011_c20260323.csv.gz
201105,22,0,16843,296617,D,05/22/2011 00:00:00,9,M,Church,2011,StormEvents_fatalities-ftp_v1.0_d2011_c20260323.csv.gz
201105,22,0,16844,296617,D,05/22/2011 00:00:00,55,F,Church,2011,StormEvents_fatalities-ftp_v1.0_d2011_c20260323.csv.gz
201105,22,0,16845,296617,D,05/22/2011 00:00:00,17,F,Church,2011,StormEvents_fatalities-ftp_v1.0_d2011_c20260323.csv.gz
201105,22,0,16846,296617,D,05/22/2011 00:00:00,78,F,Church,2011,StormEvents_fatalities-ftp_v1.0_d2011_c20260323.csv.gz
201105,22,0,16847,296617,D,05/22/2011 00:00:00,57,F,Church,2011,StormEvents_fatalities-ftp_v1.0_d2011_c20260323.csv.gz
201105,22,0,16848,296617,D,05/22/2011 00:00:00,49,M,Church,2011,StormEvents_fatalities-ftp_v1.0_d2011_c20260323.csv.gz
201105,22,0,16849,296617,D,05/22/2011 00:00:00,58,F,Church,2011,StormEvents_fatalities-ftp_v1.0_d2011_c20260323.csv.gz
201105,22,0,16850,296617,D,05/22/2011 00:00:00,41,M,Church,2011,StormEvents_fatalities-ftp_v1.0_d2011_c20260323.csv.gz
201105,22,0,16851,296617,D,05/22/2011 00:00:00,8,F,Church,2011,StormEvents_fatalities-ftp_v1.0_d2011_c20260323.csv.gz
201105,22,0,16852,296617,D,05/22/2011 00:00:00,77,F,Church,2011,StormEvents_fatalities-ftp_v1.0_d2011_c20260323.csv.gz
201105,22,0,16853,296617,D,05/22/2011 00:00:00,46,F,Church,2011,StormEvents_fatalities-ftp_v1.0_d2011_c20260323.csv.gz
201105,22,0,16831,296617,D,05/22/2011 00:00:00,20,F,Long Span Roof,2011,StormEvents_fatalities-ftp_v1.0_d2011_c20260323.csv.gz
201105,22,0,16832,296617,D,05/22/2011 00:00:00,59,M,Long Span Roof,2011,StormEvents_fatalities-ftp_v1.0_d2011_c20260323.csv.gz
201105,22,0,16833,296617,D,05/22/2011 00:00:00,40,M,Long Span Roof,2011,StormEvents_fatalities-ftp_v1.0_d2011_c20260323.csv.gz
201105,22,0,16834,296617,D,05/22/2011 00:00:00,41,F,Long Span Roof,2011,StormEvents_fatalities-ftp_v1.0_d2011_c20260323.csv.gz
201105,22,0,16835,296617,D,05/22/2011 00:00:00,37,M,Long Span Roof,2011,StormEvents_fatalities-ftp_v1.0_d2011_c20260323.csv.gz
201105,22,0,16836,296617,D,05/22/2011 00:00:00,62,M,Long Span Roof,2011,StormEvents_fatalities-ftp_v1.0_d2011_c20260323.csv.gz
201105,22,0,16837,296617,D,05/22/2011 00:00:00,50,F,Long Span Roof,2011,StormEvents_fatalities-ftp_v1.0_d2011_c20260323.csv.gz
201105,22,0,16838,296617,D,05/22/2011 00:00:00,29,M,Long Span Roof,2011,StormEvents_fatalities-ftp_v1.0_d2011_c20260323.csv.gz
201105,22,0,16839,296617,D,05/22/2011 00:00:00,5,F,Long Span Roof,2011,StormEvents_fatalities-ftp_v1.0_d2011_c20260323.csv.gz
201105,22,0,16840,296617,D,05/22/2011 00:00:00,1,M,Long Span Roof,2011,StormEvents_fatalities-ftp_v1.0_d2011_c20260323.csv.gz
201105,22,0,16841,296617,D,05/22/2011 00:00:00,21,M,Long Span Roof,2011,StormEvents_fatalities-ftp_v1.0_d2011_c20260323.csv.gz
201105,22,0,16842,296617,D,05/22/2011 00:00:00,27,M,Long Span Roof,2011,StormEvents_fatalities-ftp_v1.0_d2011_c20260323.csv.gz
201105,22,0,16829,296617,D,05/22/2011 00:00:00,27,M,Mobile/Trailer Home,2011,StormEvents_fatalities-ftp_v1.0_d2011_c20260323.csv.gz
201105,22,0,16830,296617,D,05/22/2011 00:00:00,70,M,Mobile/Trailer Home,2011,StormEvents_fatalities-ftp_v1.0_d2011_c20260323.csv.gz
201105,22,0,16819,296617,D,05/22/2011 00:00:00,23,F,Outside/Open Areas,2011,StormEvents_fatalities-ftp_v1.0_d2011_c20260323.csv.gz
201105,22,0,16820,296617,D,05/22/2011 00:00:00,49,F,Outside/Open Areas,2011,StormEvents_fatalities-ftp_v1.0_d2011_c20260323.csv.gz
201105,22,0,16729,296617,D,05/22/2011 00:00:00,23,M,Permanent Home,2011,StormEvents_fatalities-ftp_v1.0_d2011_c20260323.csv.gz
201105,22,0,16730,296617,D,05/22/2011 00:00:00,83,F,Permanent Home,2011,StormEvents_fatalities-ftp_v1.0_d2011_c20260323.csv.gz
201105,22,0,16731,296617,D,05/22/2011 00:00:00,36,F,Permanent Home,2011,StormEvents_fatalities-ftp_v1.0_d2011_c20260323.csv.gz
201105,22,0,16732,296617,D,05/22/2011 00:00:00,92,F,Permanent Home,2011,StormEvents_fatalities-ftp_v1.0_d2011_c20260323.csv.gz
201105,22,0,16733,296617,D,05/22/2011 00:00:00,33,M,Permanent Home,2011,StormEvents_fatalities-ftp_v1.0_d2011_c20260323.csv.gz
201105,22,0,16734,296617,D,05/22/2011 00:00:00,1,M,Permanent Home,2011,StormEvents_fatalities-ftp_v1.0_d2011_c20260323.csv.gz
201105,22,0,16735,296617,D,05/22/2011 00:00:00,44,M,Permanent Home,2011,StormEvents_fatalities-ftp_v1.0_d2011_c20260323.csv.gz
201105,22,0,16736,296617,D,05/22/2011 00:00:00,12,M,Permanent Home,2011,StormEvents_fatalities-ftp_v1.0_d2011_c20260323.csv.gz
201105,22,0,16762,296617,D,05/22/2011 00:00:00,71,M,Permanent Home,2011,StormEvents_fatalities-ftp_v1.0_d2011_c20260323.csv.gz
201105,22,0,16763,296617,D,05/22/2011 00:00:00,70,M,Permanent Home,2011,StormEvents_fatalities-ftp_v1.0_d2011_c20260323.csv.gz
201105,22,0,16764,296617,D,05/22/2011 00:00:00,76,M,Permanent Home,2011,StormEvents_fatalities-ftp_v1.0_d2011_c20260323.csv.gz
201105,22,0,16765,296617,D,05/22/2011 00:00:00,80,F,Permanent Home,2011,StormEvents_fatalities-ftp_v1.0_d2011_c20260323.csv.gz
201105,22,0,16766,296617,D,05/22/2011 00:00:00,50,F,Permanent Home,2011,StormEvents_fatalities-ftp_v1.0_d2011_c20260323.csv.gz
201105,22,0,16767,296617,D,05/22/2011 00:00:00,64,F,Permanent Home,2011,StormEvents_fatalities-ftp_v1.0_d2011_c20260323.csv.gz
201105,22,0,16768,296617,D,05/22/2011 00:00:00,66,F,Permanent Home,2011,StormEvents_fatalities-ftp_v1.0_d2011_c20260323.csv.gz
201105,22,0,16769,296617,D,05/22/2011 00:00:00,52,M,Permanent Home,2011,StormEvents_fatalities-ftp_v1.0_d2011_c20260323.csv.gz
201105,22,0,16770,296617,D,05/22/2011 00:00:00,76,F,Permanent Home,2011,StormEvents_fatalities-ftp_v1.0_d2011_c20260323.csv.gz
201105,22,0,16771,296617,D,05/22/2011 00:00:00,77,M,Permanent Home,2011,StormEvents_fatalities-ftp_v1.0_d2011_c20260323.csv.gz
201105,22,0,16772,296617,D,05/22/2011 00:00:00,91,F,Permanent Home,2011,StormEvents_fatalities-ftp_v1.0_d2011_c20260323.csv.gz
201105,22,0,16773,296617,D,05/22/2011 00:00:00,64,F,Permanent Home,2011,StormEvents_fatalities-ftp_v1.0_d2011_c20260323.csv.gz
201105,22,0,16774,296617,D,05/22/2011 00:00:00,83,F,Permanent Home,2011,StormEvents_fatalities-ftp_v1.0_d2011_c20260323.csv.gz
201105,22,0,16775,296617,D,05/22/2011 00:00:00,72,F,Permanent Home,2011,StormEvents_fatalities-ftp_v1.0_d2011_c20260323.csv.gz
201105,22,0,16776,296617,D,05/22/2011 00:00:00,64,M,Permanent Home,2011,StormEvents_fatalities-ftp_v1.0_d2011_c20260323.csv.gz
201105,22,0,16777,296617,D,05/22/2011 00:00:00,52,F,Permanent Home,2011,StormEvents_fatalities-ftp_v1.0_d2011_c20260323.csv.gz
201105,22,0,16778,296617,D,05/22/2011 00:00:00,68,F,Permanent Home,2011,StormEvents_fatalities-ftp_v1.0_d2011_c20260323.csv.gz
201105,22,0,16779,296617,D,05/22/2011 00:00:00,69,M,Permanent Home,2011,StormEvents_fatalities-ftp_v1.0_d2011_c20260323.csv.gz
201105,22,0,16780,296617,D,05/22/2011 00:00:00,65,F,Permanent Home,2011,StormEvents_fatalities-ftp_v1.0_d2011_c20260323.csv.gz
201105,22,0,16781,296617,D,05/22/2011 00:00:00,33,F,Permanent Home,2011,StormEvents_fatalities-ftp_v1.0_d2011_c20260323.csv.gz
201105,22,0,16782,296617,D,05/22/2011 00:00:00,64,F,Permanent Home,2011,StormEvents_fatalities-ftp_v1.0_d2011_c20260323.csv.gz
201105,22,0,16783,296617,D,05/22/2011 00:00:00,1,M,Permanent Home,2011,StormEvents_fatalities-ftp_v1.0_d2011_c20260323.csv.gz
201105,22,0,16784,296617,D,05/22/2011 00:00:00,65,F,Permanent Home,2011,StormEvents_fatalities-ftp_v1.0_d2011_c20260323.csv.gz
201105,22,0,16785,296617,D,05/22/2011 00:00:00,31,M,Permanent Home,2011,StormEvents_fatalities-ftp_v1.0_d2011_c20260323.csv.gz
201105,22,0,16786,296617,D,05/22/2011 00:00:00,69,F,Permanent Home,2011,StormEvents_fatalities-ftp_v1.0_d2011_c20260323.csv.gz
201105,22,0,16787,296617,D,05/22/2011 00:00:00,26,M,Permanent Home,2011,StormEvents_fatalities-ftp_v1.0_d2011_c20260323.csv.gz
201105,22,0,16788,296617,D,05/22/2011 00:00:00,53,F,Permanent Home,2011,StormEvents_fatalities-ftp_v1.0_d2011_c20260323.csv.gz
201105,22,0,16789,296617,D,05/22/2011 00:00:00,87,F,Permanent Home,2011,StormEvents_fatalities-ftp_v1.0_d2011_c20260323.csv.gz
201105,22,0,16790,296617,D,05/22/2011 00:00:00,48,F,Permanent Home,2011,StormEvents_fatalities-ftp_v1.0_d2011_c20260323.csv.gz
201105,22,0,16791,296617,D,05/22/2011 00:00:00,48,F,Permanent Home,2011,StormEvents_fatalities-ftp_v1.0_d2011_c20260323.csv.gz
201105,22,0,16792,296617,D,05/22/2011 00:00:00,60,M,Permanent Home,2011,StormEvents_fatalities-ftp_v1.0_d2011_c20260323.csv.gz
201105,22,0,16793,296617,D,05/22/2011 00:00:00,76,F,Permanent Home,2011,StormEvents_fatalities-ftp_v1.0_d2011_c20260323.csv.gz
201105,22,0,16794,296617,D,05/22/2011 00:00:00,77,M,Permanent Home,2011,StormEvents_fatalities-ftp_v1.0_d2011_c20260323.csv.gz
201105,22,0,16795,296617,D,05/22/2011 00:00:00,10,M,Permanent Home,2011,StormEvents_fatalities-ftp_v1.0_d2011_c20260323.csv.gz
201105,22,0,16796,296617,D,05/22/2011 00:00:00,32,F,Permanent Home,2011,StormEvents_fatalities-ftp_v1.0_d2011_c20260323.csv.gz
201105,22,0,16797,296617,D,05/22/2011 00:00:00,56,M,Permanent Home,2011,StormEvents_fatalities-ftp_v1.0_d2011_c20260323.csv.gz
201105,22,0,16798,296617,D,05/22/2011 00:00:00,61,M,Permanent Home,2011,StormEvents_fatalities-ftp_v1.0_d2011_c20260323.csv.gz
201105,22,0,16799,296617,D,05/22/2011 00:00:00,86,F,Permanent Home,2011,StormEvents_fatalities-ftp_v1.0_d2011_c20260323.csv.gz
201105,22,0,16800,296617,D,05/22/2011 00:00:00,56,M,Permanent Home,2011,StormEvents_fatalities-ftp_v1.0_d2011_c20260323.csv.gz
201105,22,0,16801,296617,D,05/22/2011 00:00:00,71,F,Permanent Home,2011,StormEvents_fatalities-ftp_v1.0_d2011_c20260323.csv.gz
201105,22,0,16802,296617,D,05/22/2011 00:00:00,76,F,Permanent Home,2011,StormEvents_fatalities-ftp_v1.0_d2011_c20260323.csv.gz
201105,22,0,16803,296617,D,05/22/2011 00:00:00,74,F,Permanent Home,2011,StormEvents_fatalities-ftp_v1.0_d2011_c20260323.csv.gz
201111,16,0,16997,351147,D,11/16/2011 00:00:00,50,F,Permanent Home,2011,StormEvents_fatalities-ftp_v1.0_d2011_c20260323.csv.gz
201111,16,0,16998,351147,D,11/16/2011 00:00:00,3,F,Permanent Home,2011,StormEvents_fatalities-ftp_v1.0_d2011_c20260323.csv.gz
201105,22,0,16804,296617,D,05/22/2011 00:00:00,36,F,Permanent Home,2011,StormEvents_fatalities-ftp_v1.0_d2011_c20260323.csv.gz
201105,22,0,16805,296617,D,05/22/2011 00:00:00,58,F,Permanent Home,2011,StormEvents_fatalities-ftp_v1.0_d2011_c20260323.csv.gz
201105,22,0,16806,296617,D,05/22/2011 00:00:00,49,M,Permanent Home,2011,StormEvents_fatalities-ftp_v1.0_d2011_c20260323.csv.gz
201105,22,0,16807,296617,D,05/22/2011 00:00:00,6,M,Permanent Home,2011,StormEvents_fatalities-ftp_v1.0_d2011_c20260323.csv.gz
201105,22,0,16808,296617,D,05/22/2011 00:00:00,10,F,Permanent Home,2011,StormEvents_fatalities-ftp_v1.0_d2011_c20260323.csv.gz
201105,22,0,16809,296617,D,05/22/2011 00:00:00,28,F,Permanent Home,2011,StormEvents_fatalities-ftp_v1.0_d2011_c20260323.csv.gz
201105,22,0,16810,296617,D,05/22/2011 00:00:00,85,M,Permanent Home,2011,StormEvents_fatalities-ftp_v1.0_d2011_c20260323.csv.gz
201104,27,0,14198,301925,D,04/27/2011 00:00:00,81,F,Permanent Home,2011,StormEvents_fatalities-ftp_v1.0_d2011_c20260323.csv.gz
201104,27,0,14199,301925,D,04/27/2011 00:00:00,89,M,Permanent Home,2011,StormEvents_fatalities-ftp_v1.0_d2011_c20260323.csv.gz
201104,27,0,14202,301925,D,04/27/2011 00:00:00,75,F,Permanent Home,2011,StormEvents_fatalities-ftp_v1.0_d2011_c20260323.csv.gz
201104,27,0,14203,301925,D,04/27/2011 00:00:00,77,M,Permanent Home,2011,StormEvents_fatalities-ftp_v1.0_d2011_c20260323.csv.gz
201104,27,0,14200,301925,D,04/27/2011 00:00:00,58,F,Permanent Structure,2011,StormEvents_fatalities-ftp_v1.0_d2011_c20260323.csv.gz
201104,27,0,14201,301925,D,04/27/2011 00:00:00,80,F,Permanent Structure,2011,StormEvents_fatalities-ftp_v1.0_d2011_c20260323.csv.gz
201104,27,0,17658,301929,D,04/27/2011 00:00:00,,,Unknown,2011,StormEvents_fatalities-ftp_v1.0_d2011_c20260323.csv.gz
201104,27,0,17659,301929,D,04/27/2011 00:00:00,,,Unknown,2011,StormEvents_fatalities-ftp_v1.0_d2011_c20260323.csv.gz
201104,27,0,17660,301929,D,04/27/2011 00:00:00,,,Unknown,2011,StormEvents_fatalities-ftp_v1.0_d2011_c20260323.csv.gz
201104,27,0,17661,301929,D,04/27/2011 00:00:00,,,Unknown,2011,StormEvents_fatalities-ftp_v1.0_d2011_c20260323.csv.gz
201104,27,0,17662,301929,D,04/27/2011 00:00:00,,,Unknown,2011,StormEvents_fatalities-ftp_v1.0_d2011_c20260323.csv.gz
201104,27,0,17663,301929,D,04/27/2011 00:00:00,,,Unknown,2011,StormEvents_fatalities-ftp_v1.0_d2011_c20260323.csv.gz
201104,27,0,14003,301943,D,04/27/2011 00:00:00,68,M,Permanent Home,2011,StormEvents_fatalities-ftp_v1.0_d2011_c20260323.csv.gz
201104,27,0,14326,302067,D,04/27/2011 00:00:00,54,F,Permanent Home,2011,StormEvents_fatalities-ftp_v1.0_d2011_c20260323.csv.gz
201104,27,0,14327,302067,D,04/27/2011 00:00:00,1,M,Permanent Home,2011,StormEvents_fatalities-ftp_v1.0_d2011_c20260323.csv.gz
201104,27,0,14328,302067,D,04/27/2011 00:00:00,31,F,Permanent Home,2011,StormEvents_fatalities-ftp_v1.0_d2011_c20260323.csv.gz
201104,27,0,14329,302067,D,04/27/2011 00:00:00,56,M,Permanent Home,2011,StormEvents_fatalities-ftp_v1.0_d2011_c20260323.csv.gz
201104,27,0,14330,302067,D,04/27/2011 00:00:00,37,M,Permanent Home,2011,StormEvents_fatalities-ftp_v1.0_d2011_c20260323.csv.gz
201104,27,0,14002,302192,D,04/27/2011 00:00:00,20,M,Vehicle/Towed Trailer,2011,StormEvents_fatalities-ftp_v1.0_d2011_c20260323.csv.gz
201104,27,0,9122,303247,D,04/27/2011 00:00:00,24,M,Permanent Home,2011,StormEvents_fatalities-ftp_v1.0_d2011_c20260323.csv.gz
201104,27,0,9123,303247,D,04/27/2011 00:00:00,56,F,Permanent Home,2011,StormEvents_fatalities-ftp_v1.0_d2011_c20260323.csv.gz
201104,27,0,9124,303247,D,04/27/2011 00:00:00,62,F,Permanent Home,2011,StormEvents_fatalities-ftp_v1.0_d2011_c20260323.csv.gz
201104,27,0,9084,303248,D,04/27/2011 00:00:00,55,M,Vehicle/Towed Trailer,2011,StormEvents_fatalities-ftp_v1.0_d2011_c20260323.csv.gz
201104,27,0,15095,303562,D,04/27/2011 00:00:00,18,F,Unknown,2011,StormEvents_fatalities-ftp_v1.0_d2011_c20260323.csv.gz
201104,27,0,15096,303562,D,04/27/2011 00:00:00,41,M,Unknown,2011,StormEvents_fatalities-ftp_v1.0_d2011_c20260323.csv.gz
201104,27,0,15097,303562,D,04/27/2011 00:00:00,21,F,Unknown,2011,StormEvents_fatalities-ftp_v1.0_d2011_c20260323.csv.gz
201104,27,0,15103,303562,D,04/27/2011 00:00:00,37,F,Unknown,2011,StormEvents_fatalities-ftp_v1.0_d2011_c20260323.csv.gz
201104,27,0,15104,303562,D,04/27/2011 00:00:00,70,M,Unknown,2011,StormEvents_fatalities-ftp_v1.0_d2011_c20260323.csv.gz
201104,27,0,15093,303562,D,04/27/2011 00:00:00,80,F,Permanent Home,2011,StormEvents_fatalities-ftp_v1.0_d2011_c20260323.csv.gz
201104,27,0,15094,303562,D,04/27/2011 00:00:00,80,F,Permanent Home,2011,StormEvents_fatalities-ftp_v1.0_d2011_c20260323.csv.gz
201104,27,0,15098,303562,D,04/27/2011 00:00:00,63,M,Permanent Home,2011,StormEvents_fatalities-ftp_v1.0_d2011_c20260323.csv.gz
201104,27,0,15099,303562,D,04/27/2011 00:00:00,61,F,Permanent Home,2011,StormEvents_fatalities-ftp_v1.0_d2011_c20260323.csv.gz
201104,27,0,15100,303562,D,04/27/2011 00:00:00,80,M,Permanent Home,2011,StormEvents_fatalities-ftp_v1.0_d2011_c20260323.csv.gz
201104,27,0,15101,303562,D,04/27/2011 00:00:00,77,F,Permanent Home,2011,StormEvents_fatalities-ftp_v1.0_d2011_c20260323.csv.gz
201104,27,0,15102,303562,D,04/27/2011 00:00:00,84,M,Permanent Home,2011,StormEvents_fatalities-ftp_v1.0_d2011_c20260323.csv.gz
201104,27,0,15105,303562,D,04/27/2011 00:00:00,70,F,Permanent Home,2011,StormEvents_fatalities-ftp_v1.0_d2011_c20260323.csv.gz
201104,27,0,15106,303562,D,04/27/2011 00:00:00,79,F,Permanent Home,2011,StormEvents_fatalities-ftp_v1.0_d2011_c20260323.csv.gz
201104,27,0,15107,303562,D,04/27/2011 00:00:00,92,F,Permanent Home,2011,StormEvents_fatalities-ftp_v1.0_d2011_c20260323.csv.gz
201104,27,0,15108,303562,D,04/27/2011 00:00:00,78,F,Permanent Home,2011,StormEvents_fatalities-ftp_v1.0_d2011_c20260323.csv.gz
201104,27,0,9157,303871,D,04/27/2011 00:00:00,55,F,Mobile/Trailer Home,2011,StormEvents_fatalities-ftp_v1.0_d2011_c20260323.csv.gz
201104,27,0,9915,304631,D,04/27/2011 00:00:00,49,M,Permanent Home,2011,StormEvents_fatalities-ftp_v1.0_d2011_c20260323.csv.gz
201104,27,0,9916,304631,D,04/27/2011 00:00:00,47,M,Permanent Home,2011,StormEvents_fatalities-ftp_v1.0_d2011_c20260323.csv.gz
201104,16,0,9815,304929,D,04/16/2011 00:00:00,57,M,Mobile/Trailer Home,2011,StormEvents_fatalities-ftp_v1.0_d2011_c20260323.csv.gz
201104,16,0,9816,304929,D,04/16/2011 00:00:00,96,F,Mobile/Trailer Home,2011,StormEvents_fatalities-ftp_v1.0_d2011_c20260323.csv.gz
201104,16,0,9813,304929,D,04/16/2011 00:00:00,64,F,Permanent Home,2011,StormEvents_fatalities-ftp_v1.0_d2011_c20260323.csv.gz
201104,16,0,9814,304929,D,04/16/2011 00:00:00,56,F,Permanent Home,2011,StormEvents_fatalities-ftp_v1.0_d2011_c20260323.csv.gz
201104,16,0,9817,304929,D,04/16/2011 00:00:00,60,F,Permanent Home,2011,StormEvents_fatalities-ftp_v1.0_d2011_c20260323.csv.gz
201104,16,0,9818,304929,D,04/16/2011 00:00:00,66,F,Permanent Home,2011,StormEvents_fatalities-ftp_v1.0_d2011_c20260323.csv.gz
201104,16,0,9819,304929,D,04/16/2011 00:00:00,51,M,Permanent Home,2011,StormEvents_fatalities-ftp_v1.0_d2011_c20260323.csv.gz
201104,16,0,9820,304929,D,04/16/2011 00:00:00,68,F,Permanent Home,2011,StormEvents_fatalities-ftp_v1.0_d2011_c20260323.csv.gz
201104,16,0,9821,304929,D,04/16/2011 00:00:00,72,M,Permanent Home,2011,StormEvents_fatalities-ftp_v1.0_d2011_c20260323.csv.gz
201104,16,0,9822,304929,D,04/16/2011 00:00:00,90,F,Permanent Home,2011,StormEvents_fatalities-ftp_v1.0_d2011_c20260323.csv.gz
201104,16,0,9823,304929,D,04/16/2011 00:00:00,54,M,Permanent Home,2011,StormEvents_fatalities-ftp_v1.0_d2011_c20260323.csv.gz
201104,16,0,9824,304929,D,04/16/2011 00:00:00,50,F,Permanent Home,2011,StormEvents_fatalities-ftp_v1.0_d2011_c20260323.csv.gz
201104,27,0,9917,305268,D,04/27/2011 00:00:00,16,F,Permanent Home,2011,StormEvents_fatalities-ftp_v1.0_d2011_c20260323.csv.gz
201104,27,0,9918,305268,D,04/27/2011 00:00:00,21,M,Permanent Home,2011,StormEvents_fatalities-ftp_v1.0_d2011_c20260323.csv.gz
201104,27,0,9919,305268,D,04/27/2011 00:00:00,46,F,Permanent Home,2011,StormEvents_fatalities-ftp_v1.0_d2011_c20260323.csv.gz
201104,27,0,9920,305268,D,04/27/2011 00:00:00,47,M,Permanent Home,2011,StormEvents_fatalities-ftp_v1.0_d2011_c20260323.csv.gz
201104,27,0,9921,305268,D,04/27/2011 00:00:00,26,F,Permanent Home,2011,StormEvents_fatalities-ftp_v1.0_d2011_c20260323.csv.gz
201104,27,0,9922,305268,D,04/27/2011 00:00:00,47,M,Permanent Home,2011,StormEvents_fatalities-ftp_v1.0_d2011_c20260323.csv.gz
201104,27,0,9923,305268,D,04/27/2011 00:00:00,61,M,Permanent Home,2011,StormEvents_fatalities-ftp_v1.0_d2011_c20260323.csv.gz
201104,27,0,9924,305268,D,04/27/2011 00:00:00,86,M,Permanent Home,2011,StormEvents_fatalities-ftp_v1.0_d2011_c20260323.csv.gz
201104,16,0,9799,305469,D,04/16/2011 00:00:00,53,M,Mobile/Trailer Home,2011,StormEvents_fatalities-ftp_v1.0_d2011_c20260323.csv.gz
201104,16,0,9800,305469,D,04/16/2011 00:00:00,90,M,Mobile/Trailer Home,2011,StormEvents_fatalities-ftp_v1.0_d2011_c20260323.csv.gz
201104,27,0,17324,305738,D,04/27/2011 00:00:00,47,M,Permanent Home,2011,StormEvents_fatalities-ftp_v1.0_d2011_c20260323.csv.gz
201104,27,0,13859,306842,D,04/27/2011 00:00:00,22,F,Mobile/Trailer Home,2011,StormEvents_fatalities-ftp_v1.0_d2011_c20260323.csv.gz
201104,27,0,13860,306842,D,04/27/2011 00:00:00,55,M,Mobile/Trailer Home,2011,StormEvents_fatalities-ftp_v1.0_d2011_c20260323.csv.gz
201104,27,0,9925,306883,D,04/27/2011 00:00:00,63,F,Permanent Home,2011,StormEvents_fatalities-ftp_v1.0_d2011_c20260323.csv.gz
201104,27,0,9926,306883,D,04/27/2011 00:00:00,73,M,Permanent Home,2011,StormEvents_fatalities-ftp_v1.0_d2011_c20260323.csv.gz
201104,27,0,12717,307342,D,04/27/2011 00:00:00,76,M,Mobile/Trailer Home,2011,StormEvents_fatalities-ftp_v1.0_d2011_c20260323.csv.gz
201104,27,0,12718,307342,D,04/27/2011 00:00:00,69,F,Mobile/Trailer Home,2011,StormEvents_fatalities-ftp_v1.0_d2011_c20260323.csv.gz
201104,27,0,12715,307342,D,04/27/2011 00:00:00,60,M,Permanent Home,2011,StormEvents_fatalities-ftp_v1.0_d2011_c20260323.csv.gz
201104,27,0,12716,307342,D,04/27/2011 00:00:00,60,F,Permanent Home,2011,StormEvents_fatalities-ftp_v1.0_d2011_c20260323.csv.gz
201105,25,0,11142,308462,D,05/25/2011 00:00:00,31,F,Mobile/Trailer Home,2011,StormEvents_fatalities-ftp_v1.0_d2011_c20260323.csv.gz
201105,22,0,16811,296617,D,05/22/2011 00:00:00,86,F,Permanent Home,2011,StormEvents_fatalities-ftp_v1.0_d2011_c20260323.csv.gz
201105,22,0,16812,296617,D,05/22/2011 00:00:00,88,F,Permanent Home,2011,StormEvents_fatalities-ftp_v1.0_d2011_c20260323.csv.gz
201105,22,0,16813,296617,D,05/22/2011 00:00:00,46,M,Permanent Home,2011,StormEvents_fatalities-ftp_v1.0_d2011_c20260323.csv.gz
201105,22,0,16814,296617,D,05/22/2011 00:00:00,54,M,Permanent Home,2011,StormEvents_fatalities-ftp_v1.0_d2011_c20260323.csv.gz
201105,22,0,16815,296617,D,05/22/2011 00:00:00,56,M,Permanent Home,2011,StormEvents_fatalities-ftp_v1.0_d2011_c20260323.csv.gz
201105,22,0,16816,296617,D,05/22/2011 00:00:00,47,F,Permanent Home,2011,StormEvents_fatalities-ftp_v1.0_d2011_c20260323.csv.gz
201105,22,0,16817,296617,D,05/22/2011 00:00:00,53,M,Permanent Home,2011,StormEvents_fatalities-ftp_v1.0_d2011_c20260323.csv.gz
201105,22,0,16818,296617,D,05/22/2011 00:00:00,59,M,Permanent Home,2011,StormEvents_fatalities-ftp_v1.0_d2011_c20260323.csv.gz
201105,22,0,16737,296617,D,05/22/2011 00:00:00,76,F,Permanent Structure,2011,StormEvents_fatalities-ftp_v1.0_d2011_c20260323.csv.gz
201105,22,0,16738,296617,D,05/22/2011 00:00:00,52,M,Permanent Structure,2011,StormEvents_fatalities-ftp_v1.0_d2011_c20260323.csv.gz
201105,22,0,16739,296617,D,05/22/2011 00:00:00,87,M,Permanent Structure,2011,StormEvents_fatalities-ftp_v1.0_d2011_c20260323.csv.gz
201105,22,0,16740,296617,D,05/22/2011 00:00:00,55,F,Permanent Structure,2011,StormEvents_fatalities-ftp_v1.0_d2011_c20260323.csv.gz
201105,22,0,16741,296617,D,05/22/2011 00:00:00,86,M,Permanent Structure,2011,StormEvents_fatalities-ftp_v1.0_d2011_c20260323.csv.gz
201105,22,0,16742,296617,D,05/22/2011 00:00:00,52,M,Permanent Structure,2011,StormEvents_fatalities-ftp_v1.0_d2011_c20260323.csv.gz
201105,22,0,16743,296617,D,05/22/2011 00:00:00,94,F,Permanent Structure,2011,StormEvents_fatalities-ftp_v1.0_d2011_c20260323.csv.gz
201105,22,0,16744,296617,D,05/22/2011 00:00:00,49,F,Permanent Structure,2011,StormEvents_fatalities-ftp_v1.0_d2011_c20260323.csv.gz
201105,22,0,16745,296617,D,05/22/2011 00:00:00,70,M,Permanent Structure,2011,StormEvents_fatalities-ftp_v1.0_d2011_c20260323.csv.gz
201105,22,0,16746,296617,D,05/22/2011 00:00:00,88,F,Permanent Structure,2011,StormEvents_fatalities-ftp_v1.0_d2011_c20260323.csv.gz
201105,22,0,16747,296617,D,05/22/2011 00:00:00,61,M,Permanent Structure,2011,StormEvents_fatalities-ftp_v1.0_d2011_c20260323.csv.gz
201105,22,0,16748,296617,D,05/22/2011 00:00:00,91,F,Permanent Structure,2011,StormEvents_fatalities-ftp_v1.0_d2011_c20260323.csv.gz
201105,22,0,16749,296617,D,05/22/2011 00:00:00,39,F,Permanent Structure,2011,StormEvents_fatalities-ftp_v1.0_d2011_c20260323.csv.gz
201105,22,0,16750,296617,D,05/22/2011 00:00:00,63,M,Permanent Structure,2011,StormEvents_fatalities-ftp_v1.0_d2011_c20260323.csv.gz
201105,22,0,16751,296617,D,05/22/2011 00:00:00,84,F,Permanent Structure,2011,StormEvents_fatalities-ftp_v1.0_d2011_c20260323.csv.gz
201105,22,0,16752,296617,D,05/22/2011 00:00:00,52,F,Permanent Structure,2011,StormEvents_fatalities-ftp_v1.0_d2011_c20260323.csv.gz
201105,22,0,16753,296617,D,05/22/2011 00:00:00,60,F,Permanent Structure,2011,StormEvents_fatalities-ftp_v1.0_d2011_c20260323.csv.gz
201105,22,0,16754,296617,D,05/22/2011 00:00:00,60,F,Permanent Structure,2011,StormEvents_fatalities-ftp_v1.0_d2011_c20260323.csv.gz
201105,22,0,16755,296617,D,05/22/2011 00:00:00,49,M,Permanent Structure,2011,StormEvents_fatalities-ftp_v1.0_d2011_c20260323.csv.gz
201105,22,0,16756,296617,D,05/22/2011 00:00:00,39,F,Permanent Structure,2011,StormEvents_fatalities-ftp_v1.0_d2011_c20260323.csv.gz
201105,22,0,16757,296617,D,05/22/2011 00:00:00,82,M,Permanent Structure,2011,StormEvents_fatalities-ftp_v1.0_d2011_c20260323.csv.gz
201105,22,0,16758,296617,D,05/22/2011 00:00:00,91,F,Permanent Structure,2011,StormEvents_fatalities-ftp_v1.0_d2011_c20260323.csv.gz
201105,22,0,16759,296617,D,05/22/2011 00:00:00,42,F,Permanent Structure,2011,StormEvents_fatalities-ftp_v1.0_d2011_c20260323.csv.gz
201105,22,0,16760,296617,D,05/22/2011 00:00:00,62,F,Permanent Structure,2011,StormEvents_fatalities-ftp_v1.0_d2011_c20260323.csv.gz
201104,14,0,9797,285080,D,04/14/2011 00:00:00,75,F,Mobile/Trailer Home,2011,StormEvents_fatalities-ftp_v1.0_d2011_c20260323.csv.gz
201104,14,0,9798,285080,D,04/14/2011 00:00:00,80,F,Mobile/Trailer Home,2011,StormEvents_fatalities-ftp_v1.0_d2011_c20260323.csv.gz
201104,27,0,12733,309295,D,04/27/2011 00:00:00,52,F,Permanent Home,2011,StormEvents_fatalities-ftp_v1.0_d2011_c20260323.csv.gz
201104,27,0,12734,309295,D,04/27/2011 00:00:00,49,M,Permanent Home,2011,StormEvents_fatalities-ftp_v1.0_d2011_c20260323.csv.gz
201104,27,0,14811,309488,D,04/27/2011 00:00:00,34,F,Unknown,2011,StormEvents_fatalities-ftp_v1.0_d2011_c20260323.csv.gz
201104,27,0,14819,309488,D,04/27/2011 00:00:00,77,F,Unknown,2011,StormEvents_fatalities-ftp_v1.0_d2011_c20260323.csv.gz
201104,27,0,14820,309488,D,04/27/2011 00:00:00,76,M,Unknown,2011,StormEvents_fatalities-ftp_v1.0_d2011_c20260323.csv.gz
201104,27,0,14821,309488,D,04/27/2011 00:00:00,81,M,Unknown,2011,StormEvents_fatalities-ftp_v1.0_d2011_c20260323.csv.gz
201104,27,0,14822,309488,D,04/27/2011 00:00:00,55,F,Unknown,2011,StormEvents_fatalities-ftp_v1.0_d2011_c20260323.csv.gz
201104,27,0,14823,309488,D,04/27/2011 00:00:00,70,M,Unknown,2011,StormEvents_fatalities-ftp_v1.0_d2011_c20260323.csv.gz
201104,27,0,14827,309488,D,04/27/2011 00:00:00,24,M,Unknown,2011,StormEvents_fatalities-ftp_v1.0_d2011_c20260323.csv.gz
201104,27,0,14828,309488,D,04/27/2011 00:00:00,57,F,Long Span Roof,2011,StormEvents_fatalities-ftp_v1.0_d2011_c20260323.csv.gz
201104,27,0,14813,309488,D,04/27/2011 00:00:00,37,F,Mobile/Trailer Home,2011,StormEvents_fatalities-ftp_v1.0_d2011_c20260323.csv.gz
201104,27,0,14814,309488,D,04/27/2011 00:00:00,32,M,Mobile/Trailer Home,2011,StormEvents_fatalities-ftp_v1.0_d2011_c20260323.csv.gz
201104,27,0,14825,309488,D,04/27/2011 00:00:00,47,F,Mobile/Trailer Home,2011,StormEvents_fatalities-ftp_v1.0_d2011_c20260323.csv.gz
201104,27,0,14826,309488,D,04/27/2011 00:00:00,70,F,Mobile/Trailer Home,2011,StormEvents_fatalities-ftp_v1.0_d2011_c20260323.csv.gz
201104,27,0,14817,309488,D,04/27/2011 00:00:00,53,M,Outside/Open Areas,2011,StormEvents_fatalities-ftp_v1.0_d2011_c20260323.csv.gz
201104,27,0,14818,309488,D,04/27/2011 00:00:00,50,F,Outside/Open Areas,2011,StormEvents_fatalities-ftp_v1.0_d2011_c20260323.csv.gz
201104,27,0,14812,309488,D,04/27/2011 00:00:00,68,F,Permanent Home,2011,StormEvents_fatalities-ftp_v1.0_d2011_c20260323.csv.gz
201104,27,0,14815,309488,D,04/27/2011 00:00:00,75,M,Permanent Home,2011,StormEvents_fatalities-ftp_v1.0_d2011_c20260323.csv.gz
201104,27,0,14816,309488,D,04/27/2011 00:00:00,79,F,Permanent Home,2011,StormEvents_fatalities-ftp_v1.0_d2011_c20260323.csv.gz
201104,27,0,14824,309488,D,04/27/2011 00:00:00,69,F,Permanent Home,2011,StormEvents_fatalities-ftp_v1.0_d2011_c20260323.csv.gz
201104,15,0,14344,310083,D,04/15/2011 00:00:00,96,M,Mobile/Trailer Home,2011,StormEvents_fatalities-ftp_v1.0_d2011_c20260323.csv.gz
201104,27,0,12696,311613,I,04/27/2011 00:00:00,68,M,Under Tree,2011,StormEvents_fatalities-ftp_v1.0_d2011_c20260323.csv.gz
201104,15,0,14341,311717,D,04/15/2011 00:00:00,69,M,Mobile/Trailer Home,2011,StormEvents_fatalities-ftp_v1.0_d2011_c20260323.csv.gz
201104,15,0,14342,311717,D,04/15/2011 00:00:00,41,M,Mobile/Trailer Home,2011,StormEvents_fatalities-ftp_v1.0_d2011_c20260323.csv.gz
201104,15,0,14343,311717,D,04/15/2011 00:00:00,38,F,Mobile/Trailer Home,2011,StormEvents_fatalities-ftp_v1.0_d2011_c20260323.csv.gz
201105,24,0,12271,313004,D,05/24/2011 00:00:00,42,F,Mobile/Trailer Home,2011,StormEvents_fatalities-ftp_v1.0_d2011_c20260323.csv.gz
201105,24,0,10960,313010,D,05/24/2011 00:00:00,35,F,Mobile/Trailer Home,2011,StormEvents_fatalities-ftp_v1.0_d2011_c20260323.csv.gz
201105,14,0,10961,313010,D,06/14/2011 00:00:00,64,F,Mobile/Trailer Home,2011,StormEvents_fatalities-ftp_v1.0_d2011_c20260323.csv.gz
201104,27,0,15854,314662,D,04/27/2011 00:00:00,1,M,Mobile/Trailer Home,2011,StormEvents_fatalities-ftp_v1.0_d2011_c20260323.csv.gz
201104,27,0,15857,314662,D,04/27/2011 00:00:00,43,F,Mobile/Trailer Home,2011,StormEvents_fatalities-ftp_v1.0_d2011_c20260323.csv.gz
201104,27,0,15858,314662,D,04/27/2011 00:00:00,55,M,Mobile/Trailer Home,2011,StormEvents_fatalities-ftp_v1.0_d2011_c20260323.csv.gz
201104,27,0,15871,314662,D,04/27/2011 00:00:00,57,M,Mobile/Trailer Home,2011,StormEvents_fatalities-ftp_v1.0_d2011_c20260323.csv.gz
201104,27,0,15873,314662,D,04/27/2011 00:00:00,61,F,Mobile/Trailer Home,2011,StormEvents_fatalities-ftp_v1.0_d2011_c20260323.csv.gz
201104,27,0,15874,314662,D,04/27/2011 00:00:00,66,M,Mobile/Trailer Home,2011,StormEvents_fatalities-ftp_v1.0_d2011_c20260323.csv.gz
201104,27,0,15881,314662,D,04/27/2011 00:00:00,37,F,Mobile/Trailer Home,2011,StormEvents_fatalities-ftp_v1.0_d2011_c20260323.csv.gz
201104,27,0,15884,314662,D,04/27/2011 00:00:00,62,F,Mobile/Trailer Home,2011,StormEvents_fatalities-ftp_v1.0_d2011_c20260323.csv.gz
201104,27,0,15852,314662,D,04/27/2011 00:00:00,23,M,Permanent Home,2011,StormEvents_fatalities-ftp_v1.0_d2011_c20260323.csv.gz
201104,27,0,15853,314662,D,04/27/2011 00:00:00,35,F,Permanent Home,2011,StormEvents_fatalities-ftp_v1.0_d2011_c20260323.csv.gz
201104,27,0,15860,314662,D,04/27/2011 00:00:00,24,F,Permanent Home,2011,StormEvents_fatalities-ftp_v1.0_d2011_c20260323.csv.gz
201104,27,0,15864,314662,D,04/27/2011 00:00:00,8,F,Permanent Home,2011,StormEvents_fatalities-ftp_v1.0_d2011_c20260323.csv.gz
201104,27,0,15865,314662,D,04/27/2011 00:00:00,5,M,Permanent Home,2011,StormEvents_fatalities-ftp_v1.0_d2011_c20260323.csv.gz
201104,27,0,15866,314662,D,04/27/2011 00:00:00,26,F,Permanent Home,2011,StormEvents_fatalities-ftp_v1.0_d2011_c20260323.csv.gz
201104,27,0,15868,314662,D,04/27/2011 00:00:00,45,F,Permanent Home,2011,StormEvents_fatalities-ftp_v1.0_d2011_c20260323.csv.gz
201104,27,0,15869,314662,D,04/27/2011 00:00:00,89,F,Permanent Home,2011,StormEvents_fatalities-ftp_v1.0_d2011_c20260323.csv.gz
201104,27,0,15870,314662,D,04/27/2011 00:00:00,95,F,Permanent Home,2011,StormEvents_fatalities-ftp_v1.0_d2011_c20260323.csv.gz
201104,27,0,15872,314662,D,04/27/2011 00:00:00,64,F,Permanent Home,2011,StormEvents_fatalities-ftp_v1.0_d2011_c20260323.csv.gz
201104,27,0,15875,314662,D,04/27/2011 00:00:00,61,F,Permanent Home,2011,StormEvents_fatalities-ftp_v1.0_d2011_c20260323.csv.gz
201104,27,0,15879,314662,D,04/27/2011 00:00:00,24,M,Permanent Home,2011,StormEvents_fatalities-ftp_v1.0_d2011_c20260323.csv.gz
201105,25,0,11133,308464,D,05/25/2011 00:00:00,65,M,Permanent Home,2011,StormEvents_fatalities-ftp_v1.0_d2011_c20260323.csv.gz
201104,27,0,14162,308979,D,04/27/2011 00:00:00,46,F,Mobile/Trailer Home,2011,StormEvents_fatalities-ftp_v1.0_d2011_c20260323.csv.gz
201104,27,0,12722,309071,D,04/27/2011 00:00:00,47,M,Mobile/Trailer Home,2011,StormEvents_fatalities-ftp_v1.0_d2011_c20260323.csv.gz
201104,27,0,12723,309071,D,04/27/2011 00:00:00,43,F,Mobile/Trailer Home,2011,StormEvents_fatalities-ftp_v1.0_d2011_c20260323.csv.gz
201104,27,0,12725,309071,D,04/27/2011 00:00:00,45,M,Mobile/Trailer Home,2011,StormEvents_fatalities-ftp_v1.0_d2011_c20260323.csv.gz
201104,27,0,12727,309071,D,04/27/2011 00:00:00,89,F,Mobile/Trailer Home,2011,StormEvents_fatalities-ftp_v1.0_d2011_c20260323.csv.gz
201104,27,0,12719,309071,D,04/27/2011 00:00:00,64,F,Permanent Home,2011,StormEvents_fatalities-ftp_v1.0_d2011_c20260323.csv.gz
201104,27,0,12720,309071,D,04/27/2011 00:00:00,10,M,Permanent Home,2011,StormEvents_fatalities-ftp_v1.0_d2011_c20260323.csv.gz
201104,27,0,12721,309071,D,04/27/2011 00:00:00,12,M,Permanent Home,2011,StormEvents_fatalities-ftp_v1.0_d2011_c20260323.csv.gz
201104,27,0,12724,309071,D,04/27/2011 00:00:00,46,F,Permanent Home,2011,StormEvents_fatalities-ftp_v1.0_d2011_c20260323.csv.gz
201104,27,0,12726,309071,D,04/27/2011 00:00:00,24,M,Permanent Home,2011,StormEvents_fatalities-ftp_v1.0_d2011_c20260323.csv.gz
201104,27,0,16920,309095,D,04/27/2011 00:00:00,58,M,Permanent Home,2011,StormEvents_fatalities-ftp_v1.0_d2011_c20260323.csv.gz
201104,27,0,16921,309095,D,04/27/2011 00:00:00,15,F,Permanent Home,2011,StormEvents_fatalities-ftp_v1.0_d2011_c20260323.csv.gz
201104,27,0,16922,309095,D,04/27/2011 00:00:00,65,M,Permanent Home,2011,StormEvents_fatalities-ftp_v1.0_d2011_c20260323.csv.gz
201104,27,0,16923,309095,D,04/27/2011 00:00:00,32,F,Permanent Home,2011,StormEvents_fatalities-ftp_v1.0_d2011_c20260323.csv.gz
201104,27,0,16924,309095,D,04/27/2011 00:00:00,40,M,Permanent Home,2011,StormEvents_fatalities-ftp_v1.0_d2011_c20260323.csv.gz
201104,27,0,16925,309095,D,04/27/2011 00:00:00,61,M,Permanent Home,2011,StormEvents_fatalities-ftp_v1.0_d2011_c20260323.csv.gz
201104,27,0,16926,309095,D,04/27/2011 00:00:00,79,F,Permanent Home,2011,StormEvents_fatalities-ftp_v1.0_d2011_c20260323.csv.gz
201104,27,0,16927,309095,D,04/27/2011 00:00:00,72,M,Permanent Home,2011,StormEvents_fatalities-ftp_v1.0_d2011_c20260323.csv.gz
201104,27,0,16928,309095,D,04/27/2011 00:00:00,37,F,Permanent Home,2011,StormEvents_fatalities-ftp_v1.0_d2011_c20260323.csv.gz
201104,27,0,12728,309295,D,04/27/2011 00:00:00,51,M,Unknown,2011,StormEvents_fatalities-ftp_v1.0_d2011_c20260323.csv.gz
201104,27,0,12729,309295,D,04/27/2011 00:00:00,43,F,Unknown,2011,StormEvents_fatalities-ftp_v1.0_d2011_c20260323.csv.gz
201104,27,0,12730,309295,D,04/27/2011 00:00:00,52,F,Permanent Home,2011,StormEvents_fatalities-ftp_v1.0_d2011_c20260323.csv.gz
201104,27,0,12731,309295,D,04/27/2011 00:00:00,5,M,Permanent Home,2011,StormEvents_fatalities-ftp_v1.0_d2011_c20260323.csv.gz
201104,27,0,12732,309295,D,04/27/2011 00:00:00,53,F,Permanent Home,2011,StormEvents_fatalities-ftp_v1.0_d2011_c20260323.csv.gz
201104,1,0,15892,314662,D,06/01/2011 00:00:00,22,F,Permanent Structure,2011,StormEvents_fatalities-ftp_v1.0_d2011_c20260323.csv.gz
201104,9,0,15893,314662,I,05/09/2011 00:00:00,98,F,Permanent Structure,2011,StormEvents_fatalities-ftp_v1.0_d2011_c20260323.csv.gz
201104,13,0,15894,314662,I,05/13/2011 00:00:00,78,M,Permanent Structure,2011,StormEvents_fatalities-ftp_v1.0_d2011_c20260323.csv.gz
201104,5,0,15895,314662,I,06/05/2011 00:00:00,81,F,Permanent Structure,2011,StormEvents_fatalities-ftp_v1.0_d2011_c20260323.csv.gz
201104,24,0,15896,314662,I,05/24/2011 00:00:00,97,F,Permanent Structure,2011,StormEvents_fatalities-ftp_v1.0_d2011_c20260323.csv.gz
201104,11,0,15897,314662,I,05/11/2011 00:00:00,83,M,Permanent Structure,2011,StormEvents_fatalities-ftp_v1.0_d2011_c20260323.csv.gz
201104,29,0,15898,314662,I,05/29/2011 00:00:00,85,M,Permanent Structure,2011,StormEvents_fatalities-ftp_v1.0_d2011_c20260323.csv.gz
201104,24,0,15899,314662,I,06/24/2011 00:00:00,88,M,Permanent Structure,2011,StormEvents_fatalities-ftp_v1.0_d2011_c20260323.csv.gz
201104,5,0,15900,314662,I,06/05/2011 00:00:00,81,M,Permanent Structure,2011,StormEvents_fatalities-ftp_v1.0_d2011_c20260323.csv.gz
201104,27,0,15850,314662,D,04/27/2011 00:00:00,73,F,Vehicle/Towed Trailer,2011,StormEvents_fatalities-ftp_v1.0_d2011_c20260323.csv.gz
201104,27,0,14790,314663,D,04/27/2011 00:00:00,72,F,Permanent Home,2011,StormEvents_fatalities-ftp_v1.0_d2011_c20260323.csv.gz
201104,27,0,14791,314663,D,04/27/2011 00:00:00,73,F,Permanent Home,2011,StormEvents_fatalities-ftp_v1.0_d2011_c20260323.csv.gz
201104,27,0,14792,314663,D,04/27/2011 00:00:00,66,M,Permanent Home,2011,StormEvents_fatalities-ftp_v1.0_d2011_c20260323.csv.gz
201104,27,0,14793,314663,D,04/27/2011 00:00:00,47,F,Permanent Home,2011,StormEvents_fatalities-ftp_v1.0_d2011_c20260323.csv.gz
201104,27,0,14794,314663,D,04/27/2011 00:00:00,71,F,Permanent Home,2011,StormEvents_fatalities-ftp_v1.0_d2011_c20260323.csv.gz
201104,27,0,14795,314663,D,04/27/2011 00:00:00,55,F,Permanent Home,2011,StormEvents_fatalities-ftp_v1.0_d2011_c20260323.csv.gz
201104,27,0,14796,314663,D,04/27/2011 00:00:00,27,F,Permanent Home,2011,StormEvents_fatalities-ftp_v1.0_d2011_c20260323.csv.gz
201104,27,0,14797,314663,D,04/27/2011 00:00:00,26,F,Permanent Home,2011,StormEvents_fatalities-ftp_v1.0_d2011_c20260323.csv.gz
201104,27,0,14798,314663,D,04/27/2011 00:00:00,75,F,Permanent Home,2011,StormEvents_fatalities-ftp_v1.0_d2011_c20260323.csv.gz
201104,15,0,9143,289571,D,04/15/2011 00:00:00,34,F,Permanent Home,2011,StormEvents_fatalities-ftp_v1.0_d2011_c20260323.csv.gz
201104,27,0,17288,300457,D,04/27/2011 00:00:00,42,F,Permanent Home,2011,StormEvents_fatalities-ftp_v1.0_d2011_c20260323.csv.gz
201104,27,0,17289,300457,D,04/27/2011 00:00:00,0,M,Permanent Home,2011,StormEvents_fatalities-ftp_v1.0_d2011_c20260323.csv.gz
201104,27,0,17290,300457,D,04/27/2011 00:00:00,67,F,Permanent Home,2011,StormEvents_fatalities-ftp_v1.0_d2011_c20260323.csv.gz
201104,27,0,20030,300460,D,04/27/2011 00:00:00,43,F,Mobile/Trailer Home,2011,StormEvents_fatalities-ftp_v1.0_d2011_c20260323.csv.gz
201104,27,0,20031,300460,D,04/27/2011 00:00:00,39,M,Mobile/Trailer Home,2011,StormEvents_fatalities-ftp_v1.0_d2011_c20260323.csv.gz
201104,27,0,20032,300460,D,04/27/2011 00:00:00,64,F,Vehicle/Towed Trailer,2011,StormEvents_fatalities-ftp_v1.0_d2011_c20260323.csv.gz
201104,27,0,20033,300460,D,04/27/2011 00:00:00,70,F,Vehicle/Towed Trailer,2011,StormEvents_fatalities-ftp_v1.0_d2011_c20260323.csv.gz
201106,1,0,18971,323440,D,06/01/2011 00:00:00,52,F,Mobile/Trailer Home,2011,StormEvents_fatalities-ftp_v1.0_d2011_c20260323.csv.gz
201106,1,0,18969,323440,D,06/01/2011 00:00:00,39,F,Permanent Home,2011,StormEvents_fatalities-ftp_v1.0_d2011_c20260323.csv.gz
201106,1,0,18970,323440,D,06/01/2011 00:00:00,23,M,Vehicle/Towed Trailer,2011,StormEvents_fatalities-ftp_v1.0_d2011_c20260323.csv.gz
201108,19,0,16176,324661,D,08/19/2011 00:00:00,46,M,Mobile/Trailer Home,2011,StormEvents_fatalities-ftp_v1.0_d2011_c20260323.csv.gz
201105,24,0,16490,328740,D,05/24/2011 00:00:00,56,F,Unknown,2011,StormEvents_fatalities-ftp_v1.0_d2011_c20260323.csv.gz
201105,24,0,16491,328740,D,05/24/2011 00:00:00,17,M,Unknown,2011,StormEvents_fatalities-ftp_v1.0_d2011_c20260323.csv.gz
201104,27,0,14799,314663,D,04/27/2011 00:00:00,10,M,Permanent Home,2011,StormEvents_fatalities-ftp_v1.0_d2011_c20260323.csv.gz
201104,27,0,14800,314663,D,04/27/2011 00:00:00,30,F,Permanent Home,2011,StormEvents_fatalities-ftp_v1.0_d2011_c20260323.csv.gz
201104,27,0,14801,314663,D,04/27/2011 00:00:00,8,F,Permanent Home,2011,StormEvents_fatalities-ftp_v1.0_d2011_c20260323.csv.gz
201104,27,0,14802,314663,D,04/27/2011 00:00:00,26,F,Permanent Home,2011,StormEvents_fatalities-ftp_v1.0_d2011_c20260323.csv.gz
201104,27,0,14803,314663,D,04/27/2011 00:00:00,53,M,Permanent Home,2011,StormEvents_fatalities-ftp_v1.0_d2011_c20260323.csv.gz
201104,27,0,14804,314663,D,04/27/2011 00:00:00,64,M,Permanent Home,2011,StormEvents_fatalities-ftp_v1.0_d2011_c20260323.csv.gz
201104,27,0,14805,314663,D,04/27/2011 00:00:00,57,F,Permanent Home,2011,StormEvents_fatalities-ftp_v1.0_d2011_c20260323.csv.gz
201104,27,0,14806,314663,D,04/27/2011 00:00:00,47,F,Permanent Home,2011,StormEvents_fatalities-ftp_v1.0_d2011_c20260323.csv.gz
201104,27,0,14807,314663,D,04/27/2011 00:00:00,81,F,Permanent Home,2011,StormEvents_fatalities-ftp_v1.0_d2011_c20260323.csv.gz
201104,27,0,14808,314663,D,04/27/2011 00:00:00,39,F,Permanent Home,2011,StormEvents_fatalities-ftp_v1.0_d2011_c20260323.csv.gz
201104,27,0,14809,314663,D,04/27/2011 00:00:00,56,F,Permanent Home,2011,StormEvents_fatalities-ftp_v1.0_d2011_c20260323.csv.gz
201104,27,0,12798,314742,D,04/27/2011 00:00:00,68,F,Mobile/Trailer Home,2011,StormEvents_fatalities-ftp_v1.0_d2011_c20260323.csv.gz
201104,27,0,12799,314742,D,04/27/2011 00:00:00,70,M,Mobile/Trailer Home,2011,StormEvents_fatalities-ftp_v1.0_d2011_c20260323.csv.gz
201104,27,0,12800,314742,D,04/27/2011 00:00:00,64,M,Mobile/Trailer Home,2011,StormEvents_fatalities-ftp_v1.0_d2011_c20260323.csv.gz
201104,27,0,12801,314742,D,04/27/2011 00:00:00,26,M,Mobile/Trailer Home,2011,StormEvents_fatalities-ftp_v1.0_d2011_c20260323.csv.gz
201104,27,0,12802,314742,D,04/27/2011 00:00:00,55,M,Mobile/Trailer Home,2011,StormEvents_fatalities-ftp_v1.0_d2011_c20260323.csv.gz
201104,27,0,12803,314742,D,04/27/2011 00:00:00,25,F,Mobile/Trailer Home,2011,StormEvents_fatalities-ftp_v1.0_d2011_c20260323.csv.gz
201104,27,0,12804,314799,D,04/27/2011 00:00:00,55,M,Vehicle/Towed Trailer,2011,StormEvents_fatalities-ftp_v1.0_d2011_c20260323.csv.gz
201104,27,0,12805,314886,D,04/27/2011 00:00:00,7,F,Mobile/Trailer Home,2011,StormEvents_fatalities-ftp_v1.0_d2011_c20260323.csv.gz
201104,27,0,12806,314886,D,04/27/2011 00:00:00,56,M,Mobile/Trailer Home,2011,StormEvents_fatalities-ftp_v1.0_d2011_c20260323.csv.gz
201104,27,0,12807,314886,D,04/27/2011 00:00:00,31,F,Mobile/Trailer Home,2011,StormEvents_fatalities-ftp_v1.0_d2011_c20260323.csv.gz
201104,27,0,12808,314886,D,04/27/2011 00:00:00,91,F,Mobile/Trailer Home,2011,StormEvents_fatalities-ftp_v1.0_d2011_c20260323.csv.gz
201104,27,0,12809,314886,D,04/27/2011 00:00:00,64,M,Mobile/Trailer Home,2011,StormEvents_fatalities-ftp_v1.0_d2011_c20260323.csv.gz
201104,27,0,12810,314886,D,04/27/2011 00:00:00,97,F,Mobile/Trailer Home,2011,StormEvents_fatalities-ftp_v1.0_d2011_c20260323.csv.gz
201104,27,0,12811,314886,D,04/27/2011 00:00:00,68,F,Mobile/Trailer Home,2011,StormEvents_fatalities-ftp_v1.0_d2011_c20260323.csv.gz
201104,27,0,12816,314886,D,04/27/2011 00:00:00,86,M,Mobile/Trailer Home,2011,StormEvents_fatalities-ftp_v1.0_d2011_c20260323.csv.gz
201104,27,0,12817,314886,D,04/27/2011 00:00:00,1,,Other,2011,StormEvents_fatalities-ftp_v1.0_d2011_c20260323.csv.gz
201104,27,0,12812,314886,D,04/27/2011 00:00:00,44,M,Permanent Home,2011,StormEvents_fatalities-ftp_v1.0_d2011_c20260323.csv.gz
201104,27,0,12813,314886,D,04/27/2011 00:00:00,43,F,Permanent Home,2011,StormEvents_fatalities-ftp_v1.0_d2011_c20260323.csv.gz
201104,27,0,12814,314886,D,04/27/2011 00:00:00,68,M,Permanent Home,2011,StormEvents_fatalities-ftp_v1.0_d2011_c20260323.csv.gz
201104,27,0,12815,314886,D,04/27/2011 00:00:00,68,F,Permanent Home,2011,StormEvents_fatalities-ftp_v1.0_d2011_c20260323.csv.gz
201104,27,0,12824,314900,D,04/27/2011 00:00:00,33,M,Church,2011,StormEvents_fatalities-ftp_v1.0_d2011_c20260323.csv.gz
201104,27,0,12818,314900,D,04/27/2011 00:00:00,61,F,Mobile/Trailer Home,2011,StormEvents_fatalities-ftp_v1.0_d2011_c20260323.csv.gz
201104,27,0,12819,314900,D,04/27/2011 00:00:00,49,F,Permanent Home,2011,StormEvents_fatalities-ftp_v1.0_d2011_c20260323.csv.gz
201104,27,0,12820,314900,D,04/27/2011 00:00:00,54,M,Permanent Home,2011,StormEvents_fatalities-ftp_v1.0_d2011_c20260323.csv.gz
201104,27,0,12821,314900,D,04/27/2011 00:00:00,72,F,Permanent Home,2011,StormEvents_fatalities-ftp_v1.0_d2011_c20260323.csv.gz
201104,27,0,12822,314900,D,04/27/2011 00:00:00,63,F,Permanent Home,2011,StormEvents_fatalities-ftp_v1.0_d2011_c20260323.csv.gz
201104,27,0,12823,314900,D,04/27/2011 00:00:00,67,M,Permanent Home,2011,StormEvents_fatalities-ftp_v1.0_d2011_c20260323.csv.gz
201104,27,0,12825,314900,D,04/27/2011 00:00:00,65,M,Permanent Home,2011,StormEvents_fatalities-ftp_v1.0_d2011_c20260323.csv.gz
201104,27,0,12826,314923,D,04/27/2011 00:00:00,13,F,Permanent Home,2011,StormEvents_fatalities-ftp_v1.0_d2011_c20260323.csv.gz
201104,27,0,12827,315331,D,04/27/2011 00:00:00,23,F,Mobile/Trailer Home,2011,StormEvents_fatalities-ftp_v1.0_d2011_c20260323.csv.gz
201104,27,0,12828,315331,D,04/27/2011 00:00:00,5,F,Mobile/Trailer Home,2011,StormEvents_fatalities-ftp_v1.0_d2011_c20260323.csv.gz
201104,27,0,12829,315331,D,04/27/2011 00:00:00,43,F,Mobile/Trailer Home,2011,StormEvents_fatalities-ftp_v1.0_d2011_c20260323.csv.gz
201104,27,0,12831,315331,D,04/27/2011 00:00:00,67,F,Mobile/Trailer Home,2011,StormEvents_fatalities-ftp_v1.0_d2011_c20260323.csv.gz
201111,16,0,17310,354821,D,11/16/2011 00:00:00,60,M,Mobile/Trailer Home,2011,StormEvents_fatalities-ftp_v1.0_d2011_c20260323.csv.gz
201111,16,0,17311,354821,D,11/16/2011 00:00:00,62,F,Mobile/Trailer Home,2011,StormEvents_fatalities-ftp_v1.0_d2011_c20260323.csv.gz
201111,16,0,17312,354821,D,11/16/2011 00:00:00,60,M,Permanent Home,2011,StormEvents_fatalities-ftp_v1.0_d2011_c20260323.csv.gz
201108,23,0,16047,335363,I,08/23/2011 00:00:00,,M,Permanent Home,2011,StormEvents_fatalities-ftp_v1.0_d2011_c20260323.csv.gz
201104,27,0,12830,315331,D,04/27/2011 00:00:00,74,F,Permanent Home,2011,StormEvents_fatalities-ftp_v1.0_d2011_c20260323.csv.gz
201104,27,0,12832,315331,D,04/27/2011 00:00:00,70,F,Permanent Home,2011,StormEvents_fatalities-ftp_v1.0_d2011_c20260323.csv.gz
201104,27,0,12833,315334,D,04/27/2011 00:00:00,70,F,Permanent Home,2011,StormEvents_fatalities-ftp_v1.0_d2011_c20260323.csv.gz
201105,24,0,14810,315816,D,05/24/2011 00:00:00,57,M,Vehicle/Towed Trailer,2011,StormEvents_fatalities-ftp_v1.0_d2011_c20260323.csv.gz
201105,24,0,14025,315837,D,05/24/2011 00:00:00,3,M,Permanent Home,2011,StormEvents_fatalities-ftp_v1.0_d2011_c20260323.csv.gz
201105,24,0,14026,315837,D,05/24/2011 00:00:00,1,M,Permanent Home,2011,StormEvents_fatalities-ftp_v1.0_d2011_c20260323.csv.gz
201105,24,0,14027,315837,D,05/24/2011 00:00:00,71,M,Vehicle/Towed Trailer,2011,StormEvents_fatalities-ftp_v1.0_d2011_c20260323.csv.gz
201105,24,0,14028,315837,D,05/24/2011 00:00:00,67,F,Vehicle/Towed Trailer,2011,StormEvents_fatalities-ftp_v1.0_d2011_c20260323.csv.gz
201105,24,0,14029,315837,D,05/24/2011 00:00:00,50,M,Vehicle/Towed Trailer,2011,StormEvents_fatalities-ftp_v1.0_d2011_c20260323.csv.gz
201105,24,0,14030,315837,D,05/24/2011 00:00:00,22,M,Vehicle/Towed Trailer,2011,StormEvents_fatalities-ftp_v1.0_d2011_c20260323.csv.gz
201105,24,0,14031,315837,D,05/24/2011 00:00:00,16,F,Vehicle/Towed Trailer,2011,StormEvents_fatalities-ftp_v1.0_d2011_c20260323.csv.gz
201105,24,0,14830,315848,D,05/24/2011 00:00:00,58,F,Outside/Open Areas,2011,StormEvents_fatalities-ftp_v1.0_d2011_c20260323.csv.gz
201105,24,0,14831,315848,D,05/24/2011 00:00:00,64,M,Outside/Open Areas,2011,StormEvents_fatalities-ftp_v1.0_d2011_c20260323.csv.gz
201105,24,0,14832,315858,D,05/24/2011 00:00:00,24,F,Mobile/Trailer Home,2011,StormEvents_fatalities-ftp_v1.0_d2011_c20260323.csv.gz
201102,28,0,17238,317486,D,02/28/2011 00:00:00,79,M,Mobile/Trailer Home,2011,StormEvents_fatalities-ftp_v1.0_d2011_c20260323.csv.gz
201104,27,0,10966,309261,D,04/27/2011 00:00:00,73,F,Mobile/Trailer Home,2011,StormEvents_fatalities-ftp_v1.0_d2011_c20260323.csv.gz
201104,27,0,10967,309261,D,04/27/2011 00:00:00,73,F,Mobile/Trailer Home,2011,StormEvents_fatalities-ftp_v1.0_d2011_c20260323.csv.gz
201104,27,0,10968,309261,D,04/27/2011 00:00:00,73,F,Mobile/Trailer Home,2011,StormEvents_fatalities-ftp_v1.0_d2011_c20260323.csv.gz
201104,27,0,10755,309817,D,04/27/2011 00:00:00,39,M,Mobile/Trailer Home,2011,StormEvents_fatalities-ftp_v1.0_d2011_c20260323.csv.gz
201104,27,0,11151,311079,D,04/27/2011 00:00:00,43,M,Mobile/Trailer Home,2011,StormEvents_fatalities-ftp_v1.0_d2011_c20260323.csv.gz
201104,27,0,10969,312007,D,04/27/2011 00:00:00,59,M,Mobile/Trailer Home,2011,StormEvents_fatalities-ftp_v1.0_d2011_c20260323.csv.gz
201104,27,0,10970,312007,D,04/27/2011 00:00:00,57,F,Mobile/Trailer Home,2011,StormEvents_fatalities-ftp_v1.0_d2011_c20260323.csv.gz
201104,27,0,10962,312009,D,04/27/2011 00:00:00,74,F,Mobile/Trailer Home,2011,StormEvents_fatalities-ftp_v1.0_d2011_c20260323.csv.gz
201104,27,0,10963,312009,D,04/27/2011 00:00:00,64,M,Mobile/Trailer Home,2011,StormEvents_fatalities-ftp_v1.0_d2011_c20260323.csv.gz
201104,27,0,10964,312009,D,04/27/2011 00:00:00,44,M,Mobile/Trailer Home,2011,StormEvents_fatalities-ftp_v1.0_d2011_c20260323.csv.gz
201104,27,0,10965,312009,D,04/27/2011 00:00:00,24,M,Mobile/Trailer Home,2011,StormEvents_fatalities-ftp_v1.0_d2011_c20260323.csv.gz
201203,23,0,18140,374200,D,03/23/2012 00:00:00,60,F,Mobile/Trailer Home,2012,StormEvents_fatalities-ftp_v1.0_d2012_c20260323.csv.gz
201203,2,0,19359,374385,D,03/02/2012 00:00:00,57,M,Mobile/Trailer Home,2012,StormEvents_fatalities-ftp_v1.0_d2012_c20260323.csv.gz
201204,14,0,18224,378771,D,04/14/2012 00:00:00,7,F,Mobile/Trailer Home,2012,StormEvents_fatalities-ftp_v1.0_d2012_c20260323.csv.gz
201204,14,0,18225,378771,D,04/14/2012 00:00:00,4,F,Mobile/Trailer Home,2012,StormEvents_fatalities-ftp_v1.0_d2012_c20260323.csv.gz
201204,14,0,18226,378771,D,04/14/2012 00:00:00,24,M,Mobile/Trailer Home,2012,StormEvents_fatalities-ftp_v1.0_d2012_c20260323.csv.gz
201204,14,0,18227,378771,D,04/14/2012 00:00:00,63,M,Mobile/Trailer Home,2012,StormEvents_fatalities-ftp_v1.0_d2012_c20260323.csv.gz
201204,14,0,18228,378771,D,04/14/2012 00:00:00,41,M,Outside/Open Areas,2012,StormEvents_fatalities-ftp_v1.0_d2012_c20260323.csv.gz
201204,14,0,18229,378771,D,04/14/2012 00:00:00,10,F,Outside/Open Areas,2012,StormEvents_fatalities-ftp_v1.0_d2012_c20260323.csv.gz
201206,24,0,18509,379209,D,06/24/2012 00:00:00,32,F,Permanent Home,2012,StormEvents_fatalities-ftp_v1.0_d2012_c20260323.csv.gz
201206,4,0,18287,384508,D,06/04/2012 00:00:00,70,M,Mobile/Trailer Home,2012,StormEvents_fatalities-ftp_v1.0_d2012_c20260323.csv.gz
201206,4,0,18288,384508,D,06/04/2012 00:00:00,50,M,Mobile/Trailer Home,2012,StormEvents_fatalities-ftp_v1.0_d2012_c20260323.csv.gz
201206,4,0,18289,384508,D,06/04/2012 00:00:00,48,M,Mobile/Trailer Home,2012,StormEvents_fatalities-ftp_v1.0_d2012_c20260323.csv.gz
201203,4,0,18529,368695,I,03/04/2012 00:00:00,79,M,Permanent Structure,2012,StormEvents_fatalities-ftp_v1.0_d2012_c20260323.csv.gz
201203,2,0,18544,368706,D,03/02/2012 00:00:00,51,M,Mobile/Trailer Home,2012,StormEvents_fatalities-ftp_v1.0_d2012_c20260323.csv.gz
201203,2,0,18545,368706,D,03/02/2012 00:00:00,72,F,Mobile/Trailer Home,2012,StormEvents_fatalities-ftp_v1.0_d2012_c20260323.csv.gz
201203,2,0,18546,368706,D,03/02/2012 00:00:00,90,M,Mobile/Trailer Home,2012,StormEvents_fatalities-ftp_v1.0_d2012_c20260323.csv.gz
201203,2,0,18547,368706,D,03/02/2012 00:00:00,86,F,Mobile/Trailer Home,2012,StormEvents_fatalities-ftp_v1.0_d2012_c20260323.csv.gz
201203,2,0,18549,368706,D,03/02/2012 00:00:00,50,F,Mobile/Trailer Home,2012,StormEvents_fatalities-ftp_v1.0_d2012_c20260323.csv.gz
201203,2,0,18548,368706,D,03/02/2012 00:00:00,86,M,Permanent Home,2012,StormEvents_fatalities-ftp_v1.0_d2012_c20260323.csv.gz
201203,23,0,18536,368708,D,03/23/2012 00:00:00,37,F,Mobile/Trailer Home,2012,StormEvents_fatalities-ftp_v1.0_d2012_c20260323.csv.gz
201203,2,0,18537,368708,D,03/02/2012 00:00:00,64,F,Mobile/Trailer Home,2012,StormEvents_fatalities-ftp_v1.0_d2012_c20260323.csv.gz
201203,2,0,18538,368708,D,03/02/2012 00:00:00,72,F,Mobile/Trailer Home,2012,StormEvents_fatalities-ftp_v1.0_d2012_c20260323.csv.gz
201203,2,0,18539,368708,D,03/02/2012 00:00:00,48,F,Mobile/Trailer Home,2012,StormEvents_fatalities-ftp_v1.0_d2012_c20260323.csv.gz
201203,2,0,18540,368708,D,03/02/2012 00:00:00,81,M,Mobile/Trailer Home,2012,StormEvents_fatalities-ftp_v1.0_d2012_c20260323.csv.gz
201203,2,0,18541,368708,D,03/02/2012 00:00:00,49,M,Mobile/Trailer Home,2012,StormEvents_fatalities-ftp_v1.0_d2012_c20260323.csv.gz
201203,2,0,18542,368754,D,03/02/2012 00:00:00,16,M,Mobile/Trailer Home,2012,StormEvents_fatalities-ftp_v1.0_d2012_c20260323.csv.gz
201203,2,0,18543,368754,D,03/02/2012 00:00:00,20,M,Mobile/Trailer Home,2012,StormEvents_fatalities-ftp_v1.0_d2012_c20260323.csv.gz
201203,2,0,17960,369430,D,03/02/2012 00:00:00,54,M,Mobile/Trailer Home,2012,StormEvents_fatalities-ftp_v1.0_d2012_c20260323.csv.gz
201203,2,0,17962,369430,D,03/02/2012 00:00:00,58,M,Mobile/Trailer Home,2012,StormEvents_fatalities-ftp_v1.0_d2012_c20260323.csv.gz
201203,2,0,17961,369430,D,03/02/2012 00:00:00,64,F,Permanent Home,2012,StormEvents_fatalities-ftp_v1.0_d2012_c20260323.csv.gz
201203,2,0,18117,369474,D,03/02/2012 00:00:00,79,M,Permanent Structure,2012,StormEvents_fatalities-ftp_v1.0_d2012_c20260323.csv.gz
201203,2,0,18118,369474,D,03/02/2012 00:00:00,73,F,Permanent Structure,2012,StormEvents_fatalities-ftp_v1.0_d2012_c20260323.csv.gz
201203,2,0,18115,369474,D,03/02/2012 00:00:00,25,M,Vehicle/Towed Trailer,2012,StormEvents_fatalities-ftp_v1.0_d2012_c20260323.csv.gz
201203,2,0,18116,369474,D,03/02/2012 00:00:00,43,F,Vehicle/Towed Trailer,2012,StormEvents_fatalities-ftp_v1.0_d2012_c20260323.csv.gz
201203,2,0,18120,370174,D,03/02/2012 00:00:00,99,F,Mobile/Trailer Home,2012,StormEvents_fatalities-ftp_v1.0_d2012_c20260323.csv.gz
201202,28,0,19263,359087,D,02/28/2012 00:00:00,53,M,Permanent Home,2012,StormEvents_fatalities-ftp_v1.0_d2012_c20260323.csv.gz
201202,7,0,18385,359691,D,03/07/2012 00:00:00,70,M,Permanent Home,2012,StormEvents_fatalities-ftp_v1.0_d2012_c20260323.csv.gz
201202,29,0,18386,359691,D,02/29/2012 00:00:00,50,M,Permanent Home,2012,StormEvents_fatalities-ftp_v1.0_d2012_c20260323.csv.gz
201203,2,0,19601,369148,D,03/02/2012 00:00:00,59,M,Mobile/Trailer Home,2012,StormEvents_fatalities-ftp_v1.0_d2012_c20260323.csv.gz
201203,2,0,19602,369148,D,03/02/2012 00:00:00,27,M,Mobile/Trailer Home,2012,StormEvents_fatalities-ftp_v1.0_d2012_c20260323.csv.gz
201202,29,0,18387,359691,D,02/29/2012 00:00:00,22,F,Permanent Home,2012,StormEvents_fatalities-ftp_v1.0_d2012_c20260323.csv.gz
201202,29,0,18388,359691,D,02/29/2012 00:00:00,75,F,Permanent Home,2012,StormEvents_fatalities-ftp_v1.0_d2012_c20260323.csv.gz
201202,29,0,18389,359691,D,02/29/2012 00:00:00,61,F,Permanent Home,2012,StormEvents_fatalities-ftp_v1.0_d2012_c20260323.csv.gz
201202,29,0,18390,359691,D,02/29/2012 00:00:00,64,M,Permanent Home,2012,StormEvents_fatalities-ftp_v1.0_d2012_c20260323.csv.gz
201202,29,0,18391,359691,D,02/29/2012 00:00:00,74,F,Permanent Home,2012,StormEvents_fatalities-ftp_v1.0_d2012_c20260323.csv.gz
201202,31,0,18392,359691,D,05/31/2012 00:00:00,74,M,Permanent Home,2012,StormEvents_fatalities-ftp_v1.0_d2012_c20260323.csv.gz
201202,29,0,17740,359709,D,02/29/2012 00:00:00,50,M,Mobile/Trailer Home,2012,StormEvents_fatalities-ftp_v1.0_d2012_c20260323.csv.gz
201203,2,0,18133,359896,D,03/02/2012 00:00:00,21,M,Mobile/Trailer Home,2012,StormEvents_fatalities-ftp_v1.0_d2012_c20260323.csv.gz
201203,2,0,18134,359896,D,03/02/2012 00:00:00,20,M,Mobile/Trailer Home,2012,StormEvents_fatalities-ftp_v1.0_d2012_c20260323.csv.gz
201203,2,0,18135,359896,D,03/02/2012 00:00:00,2,M,Mobile/Trailer Home,2012,StormEvents_fatalities-ftp_v1.0_d2012_c20260323.csv.gz
201203,2,0,18136,359896,D,03/02/2012 00:00:00,1,F,Mobile/Trailer Home,2012,StormEvents_fatalities-ftp_v1.0_d2012_c20260323.csv.gz
201203,2,0,18137,359896,D,03/02/2012 00:00:00,1,F,Mobile/Trailer Home,2012,StormEvents_fatalities-ftp_v1.0_d2012_c20260323.csv.gz
201203,2,0,18423,359912,D,03/02/2012 00:00:00,62,M,Mobile/Trailer Home,2012,StormEvents_fatalities-ftp_v1.0_d2012_c20260323.csv.gz
201203,2,0,18100,359915,D,03/02/2012 00:00:00,70,M,Permanent Home,2012,StormEvents_fatalities-ftp_v1.0_d2012_c20260323.csv.gz
201203,2,0,18101,359915,D,03/02/2012 00:00:00,70,F,Permanent Home,2012,StormEvents_fatalities-ftp_v1.0_d2012_c20260323.csv.gz
201203,2,0,18102,359915,D,03/02/2012 00:00:00,4,F,Permanent Home,2012,StormEvents_fatalities-ftp_v1.0_d2012_c20260323.csv.gz
201203,2,0,18103,359915,D,03/02/2012 00:00:00,30,F,Permanent Home,2012,StormEvents_fatalities-ftp_v1.0_d2012_c20260323.csv.gz
201203,2,0,18089,359916,D,03/02/2012 00:00:00,72,M,Permanent Home,2012,StormEvents_fatalities-ftp_v1.0_d2012_c20260323.csv.gz
201202,29,0,20354,362592,D,02/29/2012 00:00:00,62,F,Permanent Home,2012,StormEvents_fatalities-ftp_v1.0_d2012_c20260323.csv.gz
201202,29,0,20352,362596,D,02/29/2012 00:00:00,46,F,Mobile/Trailer Home,2012,StormEvents_fatalities-ftp_v1.0_d2012_c20260323.csv.gz
201202,29,0,20353,362596,D,02/29/2012 00:00:00,69,F,Permanent Home,2012,StormEvents_fatalities-ftp_v1.0_d2012_c20260323.csv.gz
201202,29,0,17709,363341,D,02/29/2012 00:00:00,70,M,Mobile/Trailer Home,2012,StormEvents_fatalities-ftp_v1.0_d2012_c20260323.csv.gz
201201,23,0,17585,363558,D,01/23/2012 00:00:00,81,M,Mobile/Trailer Home,2012,StormEvents_fatalities-ftp_v1.0_d2012_c20260323.csv.gz
201202,28,0,17712,364186,D,02/28/2012 00:00:00,42,F,Mobile/Trailer Home,2012,StormEvents_fatalities-ftp_v1.0_d2012_c20260323.csv.gz
201201,23,0,17586,364295,D,01/23/2012 00:00:00,16,F,Permanent Home,2012,StormEvents_fatalities-ftp_v1.0_d2012_c20260323.csv.gz
201202,22,0,17589,365156,I,02/22/2012 00:00:00,73,F,Outside/Open Areas,2012,StormEvents_fatalities-ftp_v1.0_d2012_c20260323.csv.gz
201203,2,0,18023,366020,D,03/02/2012 00:00:00,65,F,Mobile/Trailer Home,2012,StormEvents_fatalities-ftp_v1.0_d2012_c20260323.csv.gz
201203,2,0,18024,366020,D,03/02/2012 00:00:00,14,F,Mobile/Trailer Home,2012,StormEvents_fatalities-ftp_v1.0_d2012_c20260323.csv.gz
201203,2,0,18527,368695,D,03/02/2012 00:00:00,54,F,Mobile/Trailer Home,2012,StormEvents_fatalities-ftp_v1.0_d2012_c20260323.csv.gz
201203,2,0,18528,368695,D,03/02/2012 00:00:00,47,F,Permanent Structure,2012,StormEvents_fatalities-ftp_v1.0_d2012_c20260323.csv.gz
201302,21,0,19696,428124,D,02/21/2013 00:00:00,74,F,Mobile/Trailer Home,2013,StormEvents_fatalities-ftp_v1.0_d2013_c20260323.csv.gz
201301,30,0,19923,428260,D,01/30/2013 00:00:00,51,M,Mobile/Trailer Home,2013,StormEvents_fatalities-ftp_v1.0_d2013_c20260323.csv.gz
201301,29,0,19603,369148,D,01/29/2013 00:00:00,71,M,Permanent Home,2013,StormEvents_fatalities-ftp_v1.0_d2013_c20260323.csv.gz
201304,11,0,20257,439748,D,04/11/2013 00:00:00,28,M,Business,2013,StormEvents_fatalities-ftp_v1.0_d2013_c20260323.csv.gz
201305,15,0,20333,443090,D,05/15/2013 00:00:00,61,M,Mobile/Trailer Home,2013,StormEvents_fatalities-ftp_v1.0_d2013_c20260323.csv.gz
201305,15,0,20334,443090,D,05/15/2013 00:00:00,81,F,Mobile/Trailer Home,2013,StormEvents_fatalities-ftp_v1.0_d2013_c20260323.csv.gz
201306,24,0,20651,462311,D,06/24/2013 00:00:00,,M,Business,2013,StormEvents_fatalities-ftp_v1.0_d2013_c20260323.csv.gz
201311,17,0,21223,480989,D,11/17/2013 00:00:00,58,F,Mobile/Trailer Home,2013,StormEvents_fatalities-ftp_v1.0_d2013_c20260323.csv.gz
201311,17,0,21224,480989,D,11/17/2013 00:00:00,56,M,Mobile/Trailer Home,2013,StormEvents_fatalities-ftp_v1.0_d2013_c20260323.csv.gz
201311,17,0,21225,480989,D,11/17/2013 00:00:00,63,F,Mobile/Trailer Home,2013,StormEvents_fatalities-ftp_v1.0_d2013_c20260323.csv.gz
201305,15,0,20335,443090,D,05/15/2013 00:00:00,34,M,Mobile/Trailer Home,2013,StormEvents_fatalities-ftp_v1.0_d2013_c20260323.csv.gz
201305,15,0,20336,443090,D,05/15/2013 00:00:00,81,M,Mobile/Trailer Home,2013,StormEvents_fatalities-ftp_v1.0_d2013_c20260323.csv.gz
201305,15,0,20337,443090,D,05/15/2013 00:00:00,69,M,Mobile/Trailer Home,2013,StormEvents_fatalities-ftp_v1.0_d2013_c20260323.csv.gz
201305,15,0,20338,443090,D,05/15/2013 00:00:00,63,F,Mobile/Trailer Home,2013,StormEvents_fatalities-ftp_v1.0_d2013_c20260323.csv.gz
201305,30,0,20232,444340,D,05/30/2013 00:00:00,33,M,Vehicle/Towed Trailer,2013,StormEvents_fatalities-ftp_v1.0_d2013_c20260323.csv.gz
201305,19,0,21392,451506,D,05/19/2013 00:00:00,79,M,Mobile/Trailer Home,2013,StormEvents_fatalities-ftp_v1.0_d2013_c20260323.csv.gz
201305,19,0,21393,451506,D,05/19/2013 00:00:00,76,M,Vehicle/Towed Trailer,2013,StormEvents_fatalities-ftp_v1.0_d2013_c20260323.csv.gz
201305,20,0,21489,451572,D,05/20/2013 00:00:00,63,M,Business,2013,StormEvents_fatalities-ftp_v1.0_d2013_c20260323.csv.gz
201311,17,0,21176,482450,D,11/17/2013 00:00:00,80,M,Permanent Home,2013,StormEvents_fatalities-ftp_v1.0_d2013_c20260323.csv.gz
201311,17,0,21177,482450,D,11/17/2013 00:00:00,78,F,Permanent Home,2013,StormEvents_fatalities-ftp_v1.0_d2013_c20260323.csv.gz
201311,17,0,21326,483775,D,11/17/2013 00:00:00,51,M,Permanent Home,2013,StormEvents_fatalities-ftp_v1.0_d2013_c20260323.csv.gz
201311,28,0,21327,483775,D,11/28/2013 00:00:00,82,F,Permanent Home,2013,StormEvents_fatalities-ftp_v1.0_d2013_c20260323.csv.gz
201311,2,0,21328,483775,D,01/02/2014 00:00:00,84,M,Permanent Home,2013,StormEvents_fatalities-ftp_v1.0_d2013_c20260323.csv.gz
201312,21,0,21470,484464,D,12/21/2013 00:00:00,55,F,Unknown,2013,StormEvents_fatalities-ftp_v1.0_d2013_c20260323.csv.gz
201312,21,0,21395,484469,D,12/21/2013 00:00:00,43,M,Unknown,2013,StormEvents_fatalities-ftp_v1.0_d2013_c20260323.csv.gz
201305,20,0,21473,451572,D,05/20/2013 00:00:00,38,F,Permanent Home,2013,StormEvents_fatalities-ftp_v1.0_d2013_c20260323.csv.gz
201305,20,0,21474,451572,D,05/20/2013 00:00:00,45,F,Permanent Home,2013,StormEvents_fatalities-ftp_v1.0_d2013_c20260323.csv.gz
201305,20,0,21475,451572,D,05/20/2013 00:00:00,40,F,Permanent Home,2013,StormEvents_fatalities-ftp_v1.0_d2013_c20260323.csv.gz
201305,20,0,21476,451572,D,05/20/2013 00:00:00,70,F,Permanent Home,2013,StormEvents_fatalities-ftp_v1.0_d2013_c20260323.csv.gz
201305,20,0,21477,451572,D,05/20/2013 00:00:00,7,F,Permanent Home,2013,StormEvents_fatalities-ftp_v1.0_d2013_c20260323.csv.gz
201305,20,0,21478,451572,D,05/20/2013 00:00:00,4,F,Permanent Home,2013,StormEvents_fatalities-ftp_v1.0_d2013_c20260323.csv.gz
201305,20,0,21479,451572,D,05/20/2013 00:00:00,49,F,Permanent Home,2013,StormEvents_fatalities-ftp_v1.0_d2013_c20260323.csv.gz
201305,20,0,21480,451572,D,05/20/2013 00:00:00,51,F,Permanent Home,2013,StormEvents_fatalities-ftp_v1.0_d2013_c20260323.csv.gz
201305,20,0,21485,451572,D,05/20/2013 00:00:00,46,M,Permanent Home,2013,StormEvents_fatalities-ftp_v1.0_d2013_c20260323.csv.gz
201305,20,0,21486,451572,D,05/20/2013 00:00:00,54,M,Permanent Home,2013,StormEvents_fatalities-ftp_v1.0_d2013_c20260323.csv.gz
201305,20,0,21487,451572,D,05/20/2013 00:00:00,65,M,Permanent Home,2013,StormEvents_fatalities-ftp_v1.0_d2013_c20260323.csv.gz
201305,20,0,21488,451572,D,05/20/2013 00:00:00,39,M,Permanent Home,2013,StormEvents_fatalities-ftp_v1.0_d2013_c20260323.csv.gz
201305,1,0,21494,451572,D,08/01/2013 00:00:00,90,F,Permanent Home,2013,StormEvents_fatalities-ftp_v1.0_d2013_c20260323.csv.gz
201305,31,0,21384,453682,D,05/31/2013 00:00:00,67,M,Vehicle/Towed Trailer,2013,StormEvents_fatalities-ftp_v1.0_d2013_c20260323.csv.gz
201305,31,0,21385,453682,D,05/31/2013 00:00:00,35,M,Vehicle/Towed Trailer,2013,StormEvents_fatalities-ftp_v1.0_d2013_c20260323.csv.gz
201305,31,0,21386,453682,D,05/31/2013 00:00:00,26,F,Vehicle/Towed Trailer,2013,StormEvents_fatalities-ftp_v1.0_d2013_c20260323.csv.gz
201305,31,0,21387,453682,D,05/31/2013 00:00:00,0,M,Vehicle/Towed Trailer,2013,StormEvents_fatalities-ftp_v1.0_d2013_c20260323.csv.gz
201305,31,0,21388,453682,D,05/31/2013 00:00:00,32,M,Vehicle/Towed Trailer,2013,StormEvents_fatalities-ftp_v1.0_d2013_c20260323.csv.gz
201305,31,0,21389,453682,D,05/31/2013 00:00:00,55,M,Vehicle/Towed Trailer,2013,StormEvents_fatalities-ftp_v1.0_d2013_c20260323.csv.gz
201305,31,0,21390,453682,D,05/31/2013 00:00:00,24,M,Vehicle/Towed Trailer,2013,StormEvents_fatalities-ftp_v1.0_d2013_c20260323.csv.gz
201305,31,0,21391,453682,D,05/31/2013 00:00:00,45,M,Vehicle/Towed Trailer,2013,StormEvents_fatalities-ftp_v1.0_d2013_c20260323.csv.gz
201305,20,0,21471,451572,D,05/20/2013 00:00:00,29,F,Permanent Structure,2013,StormEvents_fatalities-ftp_v1.0_d2013_c20260323.csv.gz
201305,20,0,21472,451572,D,05/20/2013 00:00:00,49,F,Permanent Structure,2013,StormEvents_fatalities-ftp_v1.0_d2013_c20260323.csv.gz
201305,20,0,21493,451572,D,05/20/2013 00:00:00,0,M,Permanent Structure,2013,StormEvents_fatalities-ftp_v1.0_d2013_c20260323.csv.gz
201305,20,0,21481,451572,D,05/20/2013 00:00:00,9,F,School,2013,StormEvents_fatalities-ftp_v1.0_d2013_c20260323.csv.gz
201305,20,0,21482,451572,D,05/20/2013 00:00:00,9,F,School,2013,StormEvents_fatalities-ftp_v1.0_d2013_c20260323.csv.gz
201305,20,0,21483,451572,D,05/20/2013 00:00:00,9,F,School,2013,StormEvents_fatalities-ftp_v1.0_d2013_c20260323.csv.gz
201305,20,0,21484,451572,D,05/20/2013 00:00:00,9,F,School,2013,StormEvents_fatalities-ftp_v1.0_d2013_c20260323.csv.gz
201305,20,0,21490,451572,D,05/20/2013 00:00:00,8,M,School,2013,StormEvents_fatalities-ftp_v1.0_d2013_c20260323.csv.gz
201305,20,0,21491,451572,D,05/20/2013 00:00:00,9,M,School,2013,StormEvents_fatalities-ftp_v1.0_d2013_c20260323.csv.gz
201305,20,0,21492,451572,D,05/20/2013 00:00:00,9,M,School,2013,StormEvents_fatalities-ftp_v1.0_d2013_c20260323.csv.gz
201412,23,0,27265,552175,D,12/23/2014 00:00:00,33,F,Business,2014,StormEvents_fatalities-ftp_v1.0_d2014_c20260323.csv.gz
201412,23,0,27266,552175,D,12/23/2014 00:00:00,71,F,Mobile/Trailer Home,2014,StormEvents_fatalities-ftp_v1.0_d2014_c20260323.csv.gz
201412,27,0,27267,552175,D,12/27/2014 00:00:00,71,M,Vehicle/Towed Trailer,2014,StormEvents_fatalities-ftp_v1.0_d2014_c20260323.csv.gz
201412,23,0,27270,552705,D,12/23/2014 00:00:00,45,M,Mobile/Trailer Home,2014,StormEvents_fatalities-ftp_v1.0_d2014_c20260323.csv.gz
201412,23,0,27271,552705,D,12/23/2014 00:00:00,40,F,Mobile/Trailer Home,2014,StormEvents_fatalities-ftp_v1.0_d2014_c20260323.csv.gz
201404,25,0,22680,512792,D,04/25/2014 00:00:00,0,M,Permanent Home,2014,StormEvents_fatalities-ftp_v1.0_d2014_c20260323.csv.gz
201406,16,0,22952,514014,D,06/16/2014 00:00:00,5,F,Mobile/Trailer Home,2014,StormEvents_fatalities-ftp_v1.0_d2014_c20260323.csv.gz
201406,16,0,22953,514042,D,06/16/2014 00:00:00,74,M,Vehicle/Towed Trailer,2014,StormEvents_fatalities-ftp_v1.0_d2014_c20260323.csv.gz
201404,28,0,22825,515209,I,04/28/2014 00:00:00,39,F,Vehicle/Towed Trailer,2014,StormEvents_fatalities-ftp_v1.0_d2014_c20260323.csv.gz
201404,27,0,22729,504760,D,04/27/2014 00:00:00,57,M,Permanent Home,2014,StormEvents_fatalities-ftp_v1.0_d2014_c20260323.csv.gz
201404,27,0,22730,504760,D,04/27/2014 00:00:00,31,M,Permanent Home,2014,StormEvents_fatalities-ftp_v1.0_d2014_c20260323.csv.gz
201404,27,0,22731,504760,D,04/27/2014 00:00:00,22,M,Permanent Home,2014,StormEvents_fatalities-ftp_v1.0_d2014_c20260323.csv.gz
201404,27,0,22726,504760,D,04/27/2014 00:00:00,50,F,Vehicle/Towed Trailer,2014,StormEvents_fatalities-ftp_v1.0_d2014_c20260323.csv.gz
201404,27,0,22315,504762,D,04/27/2014 00:00:00,55,F,Mobile/Trailer Home,2014,StormEvents_fatalities-ftp_v1.0_d2014_c20260323.csv.gz
201404,27,0,22821,505204,D,04/27/2014 00:00:00,68,M,Vehicle/Towed Trailer,2014,StormEvents_fatalities-ftp_v1.0_d2014_c20260323.csv.gz
201404,28,0,21889,505228,D,04/28/2014 00:00:00,60,M,Mobile/Trailer Home,2014,StormEvents_fatalities-ftp_v1.0_d2014_c20260323.csv.gz
201404,28,0,21890,505228,D,04/28/2014 00:00:00,44,F,Mobile/Trailer Home,2014,StormEvents_fatalities-ftp_v1.0_d2014_c20260323.csv.gz
201404,28,0,21861,505288,D,04/28/2014 00:00:00,60,F,Mobile/Trailer Home,2014,StormEvents_fatalities-ftp_v1.0_d2014_c20260323.csv.gz
201404,28,0,21862,505288,D,04/28/2014 00:00:00,34,M,Mobile/Trailer Home,2014,StormEvents_fatalities-ftp_v1.0_d2014_c20260323.csv.gz
201404,27,0,22705,504758,D,04/27/2014 00:00:00,48,M,Permanent Home,2014,StormEvents_fatalities-ftp_v1.0_d2014_c20260323.csv.gz
201404,27,0,22706,504758,D,04/27/2014 00:00:00,20,F,Permanent Home,2014,StormEvents_fatalities-ftp_v1.0_d2014_c20260323.csv.gz
201404,27,0,22707,504758,D,04/27/2014 00:00:00,14,F,Permanent Home,2014,StormEvents_fatalities-ftp_v1.0_d2014_c20260323.csv.gz
201404,27,0,22723,504760,D,04/27/2014 00:00:00,1,F,Mobile/Trailer Home,2014,StormEvents_fatalities-ftp_v1.0_d2014_c20260323.csv.gz
201404,27,0,22720,504760,D,04/27/2014 00:00:00,72,F,Permanent Home,2014,StormEvents_fatalities-ftp_v1.0_d2014_c20260323.csv.gz
201404,27,0,22721,504760,D,04/27/2014 00:00:00,51,M,Permanent Home,2014,StormEvents_fatalities-ftp_v1.0_d2014_c20260323.csv.gz
201404,27,0,22722,504760,D,04/27/2014 00:00:00,82,M,Permanent Home,2014,StormEvents_fatalities-ftp_v1.0_d2014_c20260323.csv.gz
201404,27,0,22724,504760,D,04/27/2014 00:00:00,9,M,Permanent Home,2014,StormEvents_fatalities-ftp_v1.0_d2014_c20260323.csv.gz
201404,27,0,22725,504760,D,04/27/2014 00:00:00,7,M,Permanent Home,2014,StormEvents_fatalities-ftp_v1.0_d2014_c20260323.csv.gz
201404,27,0,22727,504760,D,04/27/2014 00:00:00,52,M,Permanent Home,2014,StormEvents_fatalities-ftp_v1.0_d2014_c20260323.csv.gz
201404,27,0,22728,504760,D,04/27/2014 00:00:00,53,F,Permanent Home,2014,StormEvents_fatalities-ftp_v1.0_d2014_c20260323.csv.gz
201404,23,0,22742,505635,I,05/23/2014 00:00:00,94,F,Mobile/Trailer Home,2014,StormEvents_fatalities-ftp_v1.0_d2014_c20260323.csv.gz
201404,28,0,22908,508158,D,04/28/2014 00:00:00,53,F,Business,2014,StormEvents_fatalities-ftp_v1.0_d2014_c20260323.csv.gz
201404,28,0,22906,508158,D,04/28/2014 00:00:00,60,M,Permanent Home,2014,StormEvents_fatalities-ftp_v1.0_d2014_c20260323.csv.gz
201404,28,0,22907,508158,D,04/28/2014 00:00:00,38,M,Permanent Home,2014,StormEvents_fatalities-ftp_v1.0_d2014_c20260323.csv.gz
201404,28,0,22909,508158,D,04/28/2014 00:00:00,61,M,Permanent Home,2014,StormEvents_fatalities-ftp_v1.0_d2014_c20260323.csv.gz
201404,28,0,22910,508158,D,04/28/2014 00:00:00,64,F,Permanent Home,2014,StormEvents_fatalities-ftp_v1.0_d2014_c20260323.csv.gz
201404,28,0,22911,508158,D,04/28/2014 00:00:00,31,F,Permanent Home,2014,StormEvents_fatalities-ftp_v1.0_d2014_c20260323.csv.gz
201404,28,0,22912,508158,D,04/28/2014 00:00:00,44,M,Permanent Home,2014,StormEvents_fatalities-ftp_v1.0_d2014_c20260323.csv.gz
201404,28,0,22913,508158,D,04/28/2014 00:00:00,8,M,Permanent Home,2014,StormEvents_fatalities-ftp_v1.0_d2014_c20260323.csv.gz
201404,28,0,22914,508158,D,04/28/2014 00:00:00,85,F,Permanent Home,2014,StormEvents_fatalities-ftp_v1.0_d2014_c20260323.csv.gz
201404,28,0,22915,508158,D,04/28/2014 00:00:00,55,F,Permanent Home,2014,StormEvents_fatalities-ftp_v1.0_d2014_c20260323.csv.gz
201404,28,0,22916,508388,D,04/28/2014 00:00:00,49,F,Vehicle/Towed Trailer,2014,StormEvents_fatalities-ftp_v1.0_d2014_c20260323.csv.gz
201404,27,0,21796,504262,D,04/27/2014 00:00:00,40,F,Outside/Open Areas,2014,StormEvents_fatalities-ftp_v1.0_d2014_c20260323.csv.gz
201404,27,0,21797,504262,D,04/27/2014 00:00:00,50,F,Outside/Open Areas,2014,StormEvents_fatalities-ftp_v1.0_d2014_c20260323.csv.gz
201410,13,0,23078,543173,D,10/13/2014 00:00:00,33,M,Mobile/Trailer Home,2014,StormEvents_fatalities-ftp_v1.0_d2014_c20260323.csv.gz
201407,8,0,29697,520552,D,07/08/2014 00:00:00,35,F,Mobile/Trailer Home,2014,StormEvents_fatalities-ftp_v1.0_d2014_c20260323.csv.gz
201407,8,0,29698,520552,D,07/08/2014 00:00:00,70,F,Mobile/Trailer Home,2014,StormEvents_fatalities-ftp_v1.0_d2014_c20260323.csv.gz
201407,8,0,29700,520552,D,07/08/2014 00:00:00,0,F,Mobile/Trailer Home,2014,StormEvents_fatalities-ftp_v1.0_d2014_c20260323.csv.gz
201407,8,0,29699,520552,D,07/08/2014 00:00:00,53,M,Permanent Home,2014,StormEvents_fatalities-ftp_v1.0_d2014_c20260323.csv.gz
201504,9,0,28741,574338,D,04/09/2015 00:00:00,67,F,Permanent Home,2015,StormEvents_fatalities-ftp_v1.0_d2015_c20260323.csv.gz
201504,9,0,28742,574338,D,04/09/2015 00:00:00,69,F,Permanent Home,2015,StormEvents_fatalities-ftp_v1.0_d2015_c20260323.csv.gz
201505,9,0,28776,575796,D,05/09/2015 00:00:00,84,F,Mobile/Trailer Home,2015,StormEvents_fatalities-ftp_v1.0_d2015_c20260323.csv.gz
201505,25,0,29018,575884,D,05/25/2015 00:00:00,59,M,Mobile/Trailer Home,2015,StormEvents_fatalities-ftp_v1.0_d2015_c20260323.csv.gz
201505,10,0,28599,566748,D,05/10/2015 00:00:00,28,M,Mobile/Trailer Home,2015,StormEvents_fatalities-ftp_v1.0_d2015_c20260323.csv.gz
201505,10,0,28600,566748,D,05/10/2015 00:00:00,29,F,Mobile/Trailer Home,2015,StormEvents_fatalities-ftp_v1.0_d2015_c20260323.csv.gz
201505,10,0,28663,570339,D,05/10/2015 00:00:00,62,F,Mobile/Trailer Home,2015,StormEvents_fatalities-ftp_v1.0_d2015_c20260323.csv.gz
201505,10,0,28664,570339,D,05/10/2015 00:00:00,60,M,Mobile/Trailer Home,2015,StormEvents_fatalities-ftp_v1.0_d2015_c20260323.csv.gz
201512,26,0,29857,606471,D,12/26/2015 00:00:00,1,F,Vehicle/Towed Trailer,2015,StormEvents_fatalities-ftp_v1.0_d2015_c20260323.csv.gz
201512,26,0,29858,606471,D,12/26/2015 00:00:00,27,F,Vehicle/Towed Trailer,2015,StormEvents_fatalities-ftp_v1.0_d2015_c20260323.csv.gz
201512,26,0,29859,606471,D,12/26/2015 00:00:00,19,M,Vehicle/Towed Trailer,2015,StormEvents_fatalities-ftp_v1.0_d2015_c20260323.csv.gz
201512,26,0,29860,606471,D,12/26/2015 00:00:00,30,F,Vehicle/Towed Trailer,2015,StormEvents_fatalities-ftp_v1.0_d2015_c20260323.csv.gz
201512,26,0,29861,606471,D,12/26/2015 00:00:00,32,F,Vehicle/Towed Trailer,2015,StormEvents_fatalities-ftp_v1.0_d2015_c20260323.csv.gz
201512,26,0,29862,606471,D,12/26/2015 00:00:00,58,M,Vehicle/Towed Trailer,2015,StormEvents_fatalities-ftp_v1.0_d2015_c20260323.csv.gz
201512,26,0,29863,606471,D,12/26/2015 00:00:00,77,M,Vehicle/Towed Trailer,2015,StormEvents_fatalities-ftp_v1.0_d2015_c20260323.csv.gz
201512,26,0,29864,606471,D,12/26/2015 00:00:00,42,F,Vehicle/Towed Trailer,2015,StormEvents_fatalities-ftp_v1.0_d2015_c20260323.csv.gz
201512,26,0,29809,606480,D,12/26/2015 00:00:00,49,M,Business,2015,StormEvents_fatalities-ftp_v1.0_d2015_c20260323.csv.gz
201512,26,0,29810,606480,D,12/26/2015 00:00:00,65,M,Business,2015,StormEvents_fatalities-ftp_v1.0_d2015_c20260323.csv.gz
201512,26,0,29856,606484,D,12/26/2015 00:00:00,0,F,Mobile/Trailer Home,2015,StormEvents_fatalities-ftp_v1.0_d2015_c20260323.csv.gz
201505,25,0,28911,582549,D,05/25/2015 00:00:00,48,F,Mobile/Trailer Home,2015,StormEvents_fatalities-ftp_v1.0_d2015_c20260323.csv.gz
201503,25,0,28636,560188,D,03/25/2015 00:00:00,41,M,Mobile/Trailer Home,2015,StormEvents_fatalities-ftp_v1.0_d2015_c20260323.csv.gz
201512,23,0,29883,610224,D,12/23/2015 00:00:00,61,F,Mobile/Trailer Home,2015,StormEvents_fatalities-ftp_v1.0_d2015_c20260323.csv.gz
201512,23,0,29884,610224,D,12/23/2015 00:00:00,78,F,Mobile/Trailer Home,2015,StormEvents_fatalities-ftp_v1.0_d2015_c20260323.csv.gz
201512,23,0,29880,610235,D,12/23/2015 00:00:00,80,F,Mobile/Trailer Home,2015,StormEvents_fatalities-ftp_v1.0_d2015_c20260323.csv.gz
201512,23,0,29879,610235,D,12/23/2015 00:00:00,7,M,Vehicle/Towed Trailer,2015,StormEvents_fatalities-ftp_v1.0_d2015_c20260323.csv.gz
201512,23,0,29888,610236,D,12/23/2015 00:00:00,69,M,Mobile/Trailer Home,2015,StormEvents_fatalities-ftp_v1.0_d2015_c20260323.csv.gz
201512,23,0,29889,610236,D,12/23/2015 00:00:00,67,F,Mobile/Trailer Home,2015,StormEvents_fatalities-ftp_v1.0_d2015_c20260323.csv.gz
201512,23,0,29885,610236,D,12/23/2015 00:00:00,67,M,Permanent Home,2015,StormEvents_fatalities-ftp_v1.0_d2015_c20260323.csv.gz
201512,23,0,29886,610236,D,12/23/2015 00:00:00,58,F,Permanent Home,2015,StormEvents_fatalities-ftp_v1.0_d2015_c20260323.csv.gz
201512,23,0,29887,610236,D,12/23/2015 00:00:00,47,M,Permanent Home,2015,StormEvents_fatalities-ftp_v1.0_d2015_c20260323.csv.gz
201512,23,0,29890,610236,D,12/23/2015 00:00:00,34,F,Permanent Home,2015,StormEvents_fatalities-ftp_v1.0_d2015_c20260323.csv.gz
201512,23,0,29882,610237,D,12/23/2015 00:00:00,61,F,Mobile/Trailer Home,2015,StormEvents_fatalities-ftp_v1.0_d2015_c20260323.csv.gz
201512,23,0,29949,607144,D,12/23/2015 00:00:00,70,M,Permanent Home,2015,StormEvents_fatalities-ftp_v1.0_d2015_c20260323.csv.gz
201512,23,0,29950,607144,D,12/23/2015 00:00:00,69,F,Permanent Home,2015,StormEvents_fatalities-ftp_v1.0_d2015_c20260323.csv.gz
201601,17,0,29701,609389,D,01/17/2016 00:00:00,58,M,Mobile/Trailer Home,2016,StormEvents_fatalities-ftp_v1.0_d2016_c20260323.csv.gz
201601,17,0,29702,609389,D,01/17/2016 00:00:00,51,F,Mobile/Trailer Home,2016,StormEvents_fatalities-ftp_v1.0_d2016_c20260323.csv.gz
201611,30,0,32947,665859,D,11/30/2016 00:00:00,26,M,Mobile/Trailer Home,2016,StormEvents_fatalities-ftp_v1.0_d2016_c20260323.csv.gz
201611,30,0,32948,665859,D,11/30/2016 00:00:00,22,F,Mobile/Trailer Home,2016,StormEvents_fatalities-ftp_v1.0_d2016_c20260323.csv.gz
201611,30,0,32949,665859,D,11/30/2016 00:00:00,21,F,Mobile/Trailer Home,2016,StormEvents_fatalities-ftp_v1.0_d2016_c20260323.csv.gz
201611,30,0,31607,662323,D,11/30/2016 00:00:00,,M,Mobile/Trailer Home,2016,StormEvents_fatalities-ftp_v1.0_d2016_c20260323.csv.gz
201611,30,0,31608,662323,D,11/30/2016 00:00:00,,F,Mobile/Trailer Home,2016,StormEvents_fatalities-ftp_v1.0_d2016_c20260323.csv.gz
201602,23,0,30109,613449,D,02/23/2016 00:00:00,59,M,Mobile/Trailer Home,2016,StormEvents_fatalities-ftp_v1.0_d2016_c20260323.csv.gz
201602,23,0,30110,613449,D,02/23/2016 00:00:00,51,M,Mobile/Trailer Home,2016,StormEvents_fatalities-ftp_v1.0_d2016_c20260323.csv.gz
201602,23,0,30055,616788,D,02/23/2016 00:00:00,73,M,Mobile/Trailer Home,2016,StormEvents_fatalities-ftp_v1.0_d2016_c20260323.csv.gz
201601,13,0,29866,606471,D,01/13/2016 00:00:00,77,M,Permanent Home,2016,StormEvents_fatalities-ftp_v1.0_d2016_c20260323.csv.gz
201601,8,0,29865,606471,D,01/08/2016 00:00:00,35,M,Vehicle/Towed Trailer,2016,StormEvents_fatalities-ftp_v1.0_d2016_c20260323.csv.gz
201602,24,0,30114,621853,D,02/24/2016 00:00:00,2,M,Mobile/Trailer Home,2016,StormEvents_fatalities-ftp_v1.0_d2016_c20260323.csv.gz
201602,24,0,30115,621853,D,02/24/2016 00:00:00,26,M,Mobile/Trailer Home,2016,StormEvents_fatalities-ftp_v1.0_d2016_c20260323.csv.gz
201602,24,0,30116,621853,D,02/24/2016 00:00:00,50,M,Mobile/Trailer Home,2016,StormEvents_fatalities-ftp_v1.0_d2016_c20260323.csv.gz
201604,27,0,30286,633234,D,04/27/2016 00:00:00,,F,Mobile/Trailer Home,2016,StormEvents_fatalities-ftp_v1.0_d2016_c20260323.csv.gz
201602,24,0,30075,619440,D,02/24/2016 00:00:00,78,M,Outside/Open Areas,2016,StormEvents_fatalities-ftp_v1.0_d2016_c20260323.csv.gz
201605,9,0,30371,633058,D,05/09/2016 00:00:00,78,M,Permanent Home,2016,StormEvents_fatalities-ftp_v1.0_d2016_c20260323.csv.gz
201605,9,0,30373,633089,D,05/09/2016 00:00:00,76,M,Permanent Home,2016,StormEvents_fatalities-ftp_v1.0_d2016_c20260323.csv.gz
201702,8,0,32955,665863,D,02/08/2017 00:00:00,69,F,Permanent Home,2017,StormEvents_fatalities-ftp_v1.0_d2017_c20260519.csv.gz
201704,2,0,33276,694736,D,04/02/2017 00:00:00,38,F,Mobile/Trailer Home,2017,StormEvents_fatalities-ftp_v1.0_d2017_c20260519.csv.gz
201704,2,0,33277,694736,D,04/02/2017 00:00:00,3,F,Mobile/Trailer Home,2017,StormEvents_fatalities-ftp_v1.0_d2017_c20260519.csv.gz
201704,29,0,35245,683249,D,04/29/2017 00:00:00,57,M,Other,2017,StormEvents_fatalities-ftp_v1.0_d2017_c20260519.csv.gz
201704,29,0,35246,683249,D,04/29/2017 00:00:00,51,M,Permanent Home,2017,StormEvents_fatalities-ftp_v1.0_d2017_c20260519.csv.gz
201704,29,0,33259,683254,D,04/29/2017 00:00:00,39,M,Vehicle/Towed Trailer,2017,StormEvents_fatalities-ftp_v1.0_d2017_c20260519.csv.gz
201704,29,0,33260,683254,D,04/29/2017 00:00:00,49,F,Vehicle/Towed Trailer,2017,StormEvents_fatalities-ftp_v1.0_d2017_c20260519.csv.gz
201710,25,0,34570,723747,I,10/25/2017 00:00:00,31,M,Under Tree,2017,StormEvents_fatalities-ftp_v1.0_d2017_c20260519.csv.gz
201705,16,0,33470,689564,D,05/16/2017 00:00:00,45,M,Mobile/Trailer Home,2017,StormEvents_fatalities-ftp_v1.0_d2017_c20260519.csv.gz
201702,28,0,33028,674614,D,02/28/2017 00:00:00,31,M,Outside/Open Areas,2017,StormEvents_fatalities-ftp_v1.0_d2017_c20260519.csv.gz
201702,28,0,33029,674614,D,02/28/2017 00:00:00,76,M,Outside/Open Areas,2017,StormEvents_fatalities-ftp_v1.0_d2017_c20260519.csv.gz
201701,22,0,33053,673010,D,01/22/2017 00:00:00,59,M,Mobile/Trailer Home,2017,StormEvents_fatalities-ftp_v1.0_d2017_c20260519.csv.gz
201701,22,0,33054,673010,D,01/22/2017 00:00:00,59,F,Mobile/Trailer Home,2017,StormEvents_fatalities-ftp_v1.0_d2017_c20260519.csv.gz
201705,16,0,33549,702632,D,05/16/2017 00:00:00,53,M,Vehicle/Towed Trailer,2017,StormEvents_fatalities-ftp_v1.0_d2017_c20260519.csv.gz
201701,22,0,33055,673010,D,01/22/2017 00:00:00,39,M,Mobile/Trailer Home,2017,StormEvents_fatalities-ftp_v1.0_d2017_c20260519.csv.gz
201701,22,0,33056,673010,D,01/22/2017 00:00:00,77,F,Permanent Home,2017,StormEvents_fatalities-ftp_v1.0_d2017_c20260519.csv.gz
201701,22,0,33057,673010,D,01/22/2017 00:00:00,82,M,Permanent Home,2017,StormEvents_fatalities-ftp_v1.0_d2017_c20260519.csv.gz
201701,22,0,32990,673054,D,01/22/2017 00:00:00,,M,Mobile/Trailer Home,2017,StormEvents_fatalities-ftp_v1.0_d2017_c20260519.csv.gz
201701,22,0,32991,673054,D,01/22/2017 00:00:00,,F,Mobile/Trailer Home,2017,StormEvents_fatalities-ftp_v1.0_d2017_c20260519.csv.gz
201701,22,0,32992,673083,D,01/22/2017 00:00:00,18,F,Mobile/Trailer Home,2017,StormEvents_fatalities-ftp_v1.0_d2017_c20260519.csv.gz
201701,22,0,32993,673083,D,01/22/2017 00:00:00,33,F,Mobile/Trailer Home,2017,StormEvents_fatalities-ftp_v1.0_d2017_c20260519.csv.gz
201701,22,0,32994,673083,D,01/22/2017 00:00:00,62,F,Mobile/Trailer Home,2017,StormEvents_fatalities-ftp_v1.0_d2017_c20260519.csv.gz
201701,22,0,32995,673083,D,01/22/2017 00:00:00,38,F,Mobile/Trailer Home,2017,StormEvents_fatalities-ftp_v1.0_d2017_c20260519.csv.gz
201701,22,0,32996,673083,D,01/22/2017 00:00:00,41,F,Mobile/Trailer Home,2017,StormEvents_fatalities-ftp_v1.0_d2017_c20260519.csv.gz
201701,22,0,32997,673083,D,01/22/2017 00:00:00,41,F,Mobile/Trailer Home,2017,StormEvents_fatalities-ftp_v1.0_d2017_c20260519.csv.gz
201701,22,0,32998,673083,D,01/22/2017 00:00:00,36,M,Mobile/Trailer Home,2017,StormEvents_fatalities-ftp_v1.0_d2017_c20260519.csv.gz
201701,22,0,32999,673095,D,01/22/2017 00:00:00,82,M,Permanent Home,2017,StormEvents_fatalities-ftp_v1.0_d2017_c20260519.csv.gz
201701,22,0,33000,673095,D,01/22/2017 00:00:00,78,F,Permanent Home,2017,StormEvents_fatalities-ftp_v1.0_d2017_c20260519.csv.gz
201704,3,0,33922,690887,D,04/03/2017 00:00:00,65,M,Mobile/Trailer Home,2017,StormEvents_fatalities-ftp_v1.0_d2017_c20260519.csv.gz
201707,21,0,33727,709960,I,07/21/2017 00:00:00,72,M,Vehicle/Towed Trailer,2017,StormEvents_fatalities-ftp_v1.0_d2017_c20260519.csv.gz
201704,30,0,33393,692096,D,04/30/2017 00:00:00,36,M,Permanent Home,2017,StormEvents_fatalities-ftp_v1.0_d2017_c20260519.csv.gz
201701,21,0,33122,676496,D,01/21/2017 00:00:00,58,M,Mobile/Trailer Home,2017,StormEvents_fatalities-ftp_v1.0_d2017_c20260519.csv.gz
201701,21,0,33125,676496,D,01/21/2017 00:00:00,47,M,Mobile/Trailer Home,2017,StormEvents_fatalities-ftp_v1.0_d2017_c20260519.csv.gz
201701,21,0,33123,676496,D,01/21/2017 00:00:00,20,M,Permanent Home,2017,StormEvents_fatalities-ftp_v1.0_d2017_c20260519.csv.gz
201701,21,0,33124,676496,D,01/21/2017 00:00:00,72,F,Permanent Home,2017,StormEvents_fatalities-ftp_v1.0_d2017_c20260519.csv.gz
201702,28,0,33141,677523,D,02/28/2017 00:00:00,71,M,Outside/Open Areas,2017,StormEvents_fatalities-ftp_v1.0_d2017_c20260519.csv.gz
201702,28,0,33144,677516,D,02/28/2017 00:00:00,24,M,Vehicle/Towed Trailer,2017,StormEvents_fatalities-ftp_v1.0_d2017_c20260519.csv.gz
201702,7,0,33173,675337,D,02/07/2017 00:00:00,83,M,Outside/Open Areas,2017,StormEvents_fatalities-ftp_v1.0_d2017_c20260519.csv.gz
201809,17,0,36119,786922,D,09/17/2018 00:00:00,60,M,Business,2018,StormEvents_fatalities-ftp_v1.0_d2018_c20260323.csv.gz
201802,24,0,35272,735022,D,02/24/2018 00:00:00,79,F,Permanent Home,2018,StormEvents_fatalities-ftp_v1.0_d2018_c20260323.csv.gz
201807,9,0,35883,766986,D,07/09/2018 00:00:00,0,M,Mobile/Trailer Home,2018,StormEvents_fatalities-ftp_v1.0_d2018_c20260323.csv.gz
201812,1,0,37279,796756,D,12/01/2018 00:00:00,34,M,Permanent Structure,2018,StormEvents_fatalities-ftp_v1.0_d2018_c20260323.csv.gz
201811,2,0,36797,791228,D,11/02/2018 00:00:00,54,M,Permanent Structure,2018,StormEvents_fatalities-ftp_v1.0_d2018_c20260323.csv.gz
201811,2,0,36798,791228,D,11/02/2018 00:00:00,37,M,Permanent Structure,2018,StormEvents_fatalities-ftp_v1.0_d2018_c20260323.csv.gz
201811,6,0,40814,794526,D,11/06/2018 00:00:00,41,F,Permanent Home,2018,StormEvents_fatalities-ftp_v1.0_d2018_c20260323.csv.gz
201805,15,0,36049,756478,D,05/15/2018 00:00:00,,F,Under Tree,2018,StormEvents_fatalities-ftp_v1.0_d2018_c20260323.csv.gz
201804,14,0,35305,744130,D,04/14/2018 00:00:00,2,F,Mobile/Trailer Home,2018,StormEvents_fatalities-ftp_v1.0_d2018_c20260323.csv.gz
201804,15,0,35472,754019,I,04/15/2018 00:00:00,48,M,Vehicle/Towed Trailer,2018,StormEvents_fatalities-ftp_v1.0_d2018_c20260323.csv.gz
201811,1,0,36086,785299,I,11/01/2018 00:00:00,19,F,Vehicle/Towed Trailer,2018,StormEvents_fatalities-ftp_v1.0_d2018_c20260323.csv.gz
201802,24,0,35270,738582,D,02/24/2018 00:00:00,83,M,Mobile/Trailer Home,2018,StormEvents_fatalities-ftp_v1.0_d2018_c20260323.csv.gz
201905,27,0,38921,817483,D,05/27/2019 00:00:00,82,M,Permanent Home,2019,StormEvents_fatalities-ftp_v1.0_d2019_c20260323.csv.gz
201903,3,0,38136,813640,D,03/03/2019 00:00:00,59,F,Mobile/Trailer Home,2019,StormEvents_fatalities-ftp_v1.0_d2019_c20260323.csv.gz
201903,3,0,38137,813640,D,03/03/2019 00:00:00,68,F,Mobile/Trailer Home,2019,StormEvents_fatalities-ftp_v1.0_d2019_c20260323.csv.gz
201903,3,0,38138,813640,D,03/03/2019 00:00:00,69,F,Mobile/Trailer Home,2019,StormEvents_fatalities-ftp_v1.0_d2019_c20260323.csv.gz
201903,3,0,38139,813640,D,03/03/2019 00:00:00,63,M,Mobile/Trailer Home,2019,StormEvents_fatalities-ftp_v1.0_d2019_c20260323.csv.gz
201903,3,0,38140,813640,D,03/03/2019 00:00:00,62,F,Mobile/Trailer Home,2019,StormEvents_fatalities-ftp_v1.0_d2019_c20260323.csv.gz
201903,3,0,38145,813640,D,03/03/2019 00:00:00,65,M,Mobile/Trailer Home,2019,StormEvents_fatalities-ftp_v1.0_d2019_c20260323.csv.gz
201903,3,0,38146,813640,D,03/03/2019 00:00:00,63,F,Mobile/Trailer Home,2019,StormEvents_fatalities-ftp_v1.0_d2019_c20260323.csv.gz
201903,3,0,38147,813640,D,03/03/2019 00:00:00,38,M,Mobile/Trailer Home,2019,StormEvents_fatalities-ftp_v1.0_d2019_c20260323.csv.gz
201903,3,0,38148,813640,D,03/03/2019 00:00:00,86,M,Mobile/Trailer Home,2019,StormEvents_fatalities-ftp_v1.0_d2019_c20260323.csv.gz
201903,3,0,38149,813640,D,03/03/2019 00:00:00,59,M,Mobile/Trailer Home,2019,StormEvents_fatalities-ftp_v1.0_d2019_c20260323.csv.gz
201903,3,0,38150,813640,D,03/03/2019 00:00:00,59,F,Mobile/Trailer Home,2019,StormEvents_fatalities-ftp_v1.0_d2019_c20260323.csv.gz
201903,3,0,38151,813640,D,03/03/2019 00:00:00,10,M,Mobile/Trailer Home,2019,StormEvents_fatalities-ftp_v1.0_d2019_c20260323.csv.gz
201903,3,0,38152,813640,D,03/03/2019 00:00:00,53,M,Mobile/Trailer Home,2019,StormEvents_fatalities-ftp_v1.0_d2019_c20260323.csv.gz
201903,3,0,38153,813640,D,03/03/2019 00:00:00,41,F,Mobile/Trailer Home,2019,StormEvents_fatalities-ftp_v1.0_d2019_c20260323.csv.gz
201903,3,0,38154,813640,D,03/03/2019 00:00:00,6,M,Mobile/Trailer Home,2019,StormEvents_fatalities-ftp_v1.0_d2019_c20260323.csv.gz
201903,3,0,38155,813640,D,03/03/2019 00:00:00,22,F,Mobile/Trailer Home,2019,StormEvents_fatalities-ftp_v1.0_d2019_c20260323.csv.gz
201903,3,0,38156,813640,D,03/03/2019 00:00:00,22,M,Mobile/Trailer Home,2019,StormEvents_fatalities-ftp_v1.0_d2019_c20260323.csv.gz
201903,3,0,38157,813640,D,03/03/2019 00:00:00,9,M,Mobile/Trailer Home,2019,StormEvents_fatalities-ftp_v1.0_d2019_c20260323.csv.gz
201903,3,0,38158,813640,D,03/03/2019 00:00:00,8,F,Mobile/Trailer Home,2019,StormEvents_fatalities-ftp_v1.0_d2019_c20260323.csv.gz
201903,3,0,38141,813640,D,03/03/2019 00:00:00,57,F,Permanent Home,2019,StormEvents_fatalities-ftp_v1.0_d2019_c20260323.csv.gz
201903,3,0,38142,813640,D,03/03/2019 00:00:00,89,M,Permanent Home,2019,StormEvents_fatalities-ftp_v1.0_d2019_c20260323.csv.gz
201903,3,0,38143,813640,D,03/03/2019 00:00:00,53,M,Permanent Home,2019,StormEvents_fatalities-ftp_v1.0_d2019_c20260323.csv.gz
201903,3,0,38144,813640,D,03/03/2019 00:00:00,83,F,Permanent Home,2019,StormEvents_fatalities-ftp_v1.0_d2019_c20260323.csv.gz
201905,22,0,38935,828197,D,05/22/2019 00:00:00,56,F,Mobile/Trailer Home,2019,StormEvents_fatalities-ftp_v1.0_d2019_c20260323.csv.gz
201905,22,0,38933,828197,D,05/22/2019 00:00:00,86,M,Permanent Home,2019,StormEvents_fatalities-ftp_v1.0_d2019_c20260323.csv.gz
201912,16,0,41960,865237,D,12/16/2019 00:00:00,35,M,Mobile/Trailer Home,2019,StormEvents_fatalities-ftp_v1.0_d2019_c20260323.csv.gz
201912,16,0,41961,865237,D,12/16/2019 00:00:00,34,F,Mobile/Trailer Home,2019,StormEvents_fatalities-ftp_v1.0_d2019_c20260323.csv.gz
201905,22,0,38934,828197,D,05/22/2019 00:00:00,83,F,Permanent Home,2019,StormEvents_fatalities-ftp_v1.0_d2019_c20260323.csv.gz
201912,16,0,40625,869482,D,12/16/2019 00:00:00,59,F,Mobile/Trailer Home,2019,StormEvents_fatalities-ftp_v1.0_d2019_c20260323.csv.gz
201912,10,0,40619,857862,D,12/10/2019 00:00:00,50,F,Mobile/Trailer Home,2019,StormEvents_fatalities-ftp_v1.0_d2019_c20260323.csv.gz
201905,18,0,38914,827043,D,05/18/2019 00:00:00,,M,Permanent Home,2019,StormEvents_fatalities-ftp_v1.0_d2019_c20260323.csv.gz
201905,18,0,38956,827076,D,05/18/2019 00:00:00,,,Unknown,2019,StormEvents_fatalities-ftp_v1.0_d2019_c20260323.csv.gz
201905,18,0,38957,827076,D,05/18/2019 00:00:00,,,Unknown,2019,StormEvents_fatalities-ftp_v1.0_d2019_c20260323.csv.gz
201902,23,0,37940,799239,D,02/23/2019 00:00:00,41,F,Permanent Structure,2019,StormEvents_fatalities-ftp_v1.0_d2019_c20260323.csv.gz
201902,27,0,37941,799239,I,02/27/2019 00:00:00,77,M,Permanent Structure,2019,StormEvents_fatalities-ftp_v1.0_d2019_c20260323.csv.gz
201904,13,0,37913,811397,D,04/13/2019 00:00:00,,,Outside/Open Areas,2019,StormEvents_fatalities-ftp_v1.0_d2019_c20260323.csv.gz
201904,25,0,38196,815582,D,04/25/2019 00:00:00,35,F,Permanent Home,2019,StormEvents_fatalities-ftp_v1.0_d2019_c20260323.csv.gz
201904,25,0,38197,815582,D,04/25/2019 00:00:00,14,M,Permanent Home,2019,StormEvents_fatalities-ftp_v1.0_d2019_c20260323.csv.gz
201904,13,0,38710,807386,D,04/13/2019 00:00:00,,F,Mobile/Trailer Home,2019,StormEvents_fatalities-ftp_v1.0_d2019_c20260323.csv.gz
201904,30,0,38786,822242,D,04/30/2019 00:00:00,58,F,Mobile/Trailer Home,2019,StormEvents_fatalities-ftp_v1.0_d2019_c20260323.csv.gz
201904,30,0,38787,822242,D,04/30/2019 00:00:00,83,F,Mobile/Trailer Home,2019,StormEvents_fatalities-ftp_v1.0_d2019_c20260323.csv.gz
201904,13,0,38878,815468,D,04/13/2019 00:00:00,95,M,Mobile/Trailer Home,2019,StormEvents_fatalities-ftp_v1.0_d2019_c20260323.csv.gz
201905,25,0,38987,830307,D,05/25/2019 00:00:00,54,M,Mobile/Trailer Home,2019,StormEvents_fatalities-ftp_v1.0_d2019_c20260323.csv.gz
201905,25,0,38988,830307,D,05/25/2019 00:00:00,47,F,Mobile/Trailer Home,2019,StormEvents_fatalities-ftp_v1.0_d2019_c20260323.csv.gz
201905,22,0,39249,814521,D,05/22/2019 00:00:00,74,F,Permanent Home,2019,StormEvents_fatalities-ftp_v1.0_d2019_c20260323.csv.gz
202004,22,0,41080,887044,D,04/22/2020 00:00:00,,,Unknown,2020,StormEvents_fatalities-ftp_v1.0_d2020_c20260323.csv.gz
202004,12,0,41997,887908,D,04/12/2020 00:00:00,,,Unknown,2020,StormEvents_fatalities-ftp_v1.0_d2020_c20260323.csv.gz
202004,12,0,41998,887908,D,04/12/2020 00:00:00,,,Unknown,2020,StormEvents_fatalities-ftp_v1.0_d2020_c20260323.csv.gz
202004,19,0,41824,899721,D,04/19/2020 00:00:00,71,M,Mobile/Trailer Home,2020,StormEvents_fatalities-ftp_v1.0_d2020_c20260323.csv.gz
202004,12,0,41843,902815,D,04/12/2020 00:00:00,60,M,Mobile/Trailer Home,2020,StormEvents_fatalities-ftp_v1.0_d2020_c20260323.csv.gz
202004,12,0,41844,902815,D,04/12/2020 00:00:00,55,F,Mobile/Trailer Home,2020,StormEvents_fatalities-ftp_v1.0_d2020_c20260323.csv.gz
202004,12,0,41849,902843,D,04/12/2020 00:00:00,81,F,Permanent Home,2020,StormEvents_fatalities-ftp_v1.0_d2020_c20260323.csv.gz
202004,12,0,41850,902843,D,04/12/2020 00:00:00,42,F,Mobile/Trailer Home,2020,StormEvents_fatalities-ftp_v1.0_d2020_c20260323.csv.gz
202004,16,0,41851,902843,D,04/16/2020 00:00:00,66,F,Unknown,2020,StormEvents_fatalities-ftp_v1.0_d2020_c20260323.csv.gz
202004,13,0,41852,902843,I,04/13/2020 00:00:00,,M,Unknown,2020,StormEvents_fatalities-ftp_v1.0_d2020_c20260323.csv.gz
202004,13,0,41928,889068,D,04/13/2020 00:00:00,56,M,Mobile/Trailer Home,2020,StormEvents_fatalities-ftp_v1.0_d2020_c20260323.csv.gz
202004,13,0,41929,889068,D,04/13/2020 00:00:00,56,F,Mobile/Trailer Home,2020,StormEvents_fatalities-ftp_v1.0_d2020_c20260323.csv.gz
202004,13,0,41930,889068,D,04/13/2020 00:00:00,26,F,Mobile/Trailer Home,2020,StormEvents_fatalities-ftp_v1.0_d2020_c20260323.csv.gz
202004,13,0,41931,889068,D,04/13/2020 00:00:00,41,M,Mobile/Trailer Home,2020,StormEvents_fatalities-ftp_v1.0_d2020_c20260323.csv.gz
202004,13,0,41932,889068,D,04/13/2020 00:00:00,25,M,Mobile/Trailer Home,2020,StormEvents_fatalities-ftp_v1.0_d2020_c20260323.csv.gz
202004,12,0,41944,902831,D,04/12/2020 00:00:00,44,F,Business,2020,StormEvents_fatalities-ftp_v1.0_d2020_c20260323.csv.gz
202004,12,0,41945,902831,D,04/12/2020 00:00:00,64,F,Business,2020,StormEvents_fatalities-ftp_v1.0_d2020_c20260323.csv.gz
202004,12,0,41946,902831,D,04/12/2020 00:00:00,61,M,Business,2020,StormEvents_fatalities-ftp_v1.0_d2020_c20260323.csv.gz
202004,12,0,41947,902831,D,04/12/2020 00:00:00,46,M,Business,2020,StormEvents_fatalities-ftp_v1.0_d2020_c20260323.csv.gz
202008,4,0,41403,913350,D,08/04/2020 00:00:00,62,M,Mobile/Trailer Home,2020,StormEvents_fatalities-ftp_v1.0_d2020_c20260323.csv.gz
202008,4,0,41404,913350,D,08/04/2020 00:00:00,52,F,Mobile/Trailer Home,2020,StormEvents_fatalities-ftp_v1.0_d2020_c20260323.csv.gz
202001,10,0,40675,866540,D,01/10/2020 00:00:00,44,M,Mobile/Trailer Home,2020,StormEvents_fatalities-ftp_v1.0_d2020_c20260323.csv.gz
202001,11,0,40453,866960,D,01/11/2020 00:00:00,65,F,Mobile/Trailer Home,2020,StormEvents_fatalities-ftp_v1.0_d2020_c20260323.csv.gz
202001,11,0,40454,866960,D,01/11/2020 00:00:00,87,M,Mobile/Trailer Home,2020,StormEvents_fatalities-ftp_v1.0_d2020_c20260323.csv.gz
202004,13,0,45415,884164,D,04/13/2020 00:00:00,63,M,Mobile/Trailer Home,2020,StormEvents_fatalities-ftp_v1.0_d2020_c20260323.csv.gz
202004,13,0,45416,884164,D,04/13/2020 00:00:00,68,F,Mobile/Trailer Home,2020,StormEvents_fatalities-ftp_v1.0_d2020_c20260323.csv.gz
202004,19,0,41089,890571,D,04/19/2020 00:00:00,,M,Mobile/Trailer Home,2020,StormEvents_fatalities-ftp_v1.0_d2020_c20260323.csv.gz
202003,3,0,41143,883016,D,03/03/2020 00:00:00,68,M,Permanent Home,2020,StormEvents_fatalities-ftp_v1.0_d2020_c20260323.csv.gz
202003,3,0,41144,883016,D,03/03/2020 00:00:00,34,F,Mobile/Trailer Home,2020,StormEvents_fatalities-ftp_v1.0_d2020_c20260323.csv.gz
202004,12,0,41064,889259,D,04/12/2020 00:00:00,59,F,Mobile/Trailer Home,2020,StormEvents_fatalities-ftp_v1.0_d2020_c20260323.csv.gz
202004,12,0,41065,889259,D,04/12/2020 00:00:00,20,F,Mobile/Trailer Home,2020,StormEvents_fatalities-ftp_v1.0_d2020_c20260323.csv.gz
202004,12,0,41066,889259,D,04/12/2020 00:00:00,63,F,Mobile/Trailer Home,2020,StormEvents_fatalities-ftp_v1.0_d2020_c20260323.csv.gz
202004,12,0,41067,889259,D,04/12/2020 00:00:00,50,M,Mobile/Trailer Home,2020,StormEvents_fatalities-ftp_v1.0_d2020_c20260323.csv.gz
202004,12,0,41068,889259,D,04/12/2020 00:00:00,79,M,Mobile/Trailer Home,2020,StormEvents_fatalities-ftp_v1.0_d2020_c20260323.csv.gz
202004,12,0,41069,889259,D,04/12/2020 00:00:00,75,F,Mobile/Trailer Home,2020,StormEvents_fatalities-ftp_v1.0_d2020_c20260323.csv.gz
202004,12,0,41070,889259,D,04/12/2020 00:00:00,48,M,Mobile/Trailer Home,2020,StormEvents_fatalities-ftp_v1.0_d2020_c20260323.csv.gz
202004,12,0,41071,889259,D,04/12/2020 00:00:00,57,M,Mobile/Trailer Home,2020,StormEvents_fatalities-ftp_v1.0_d2020_c20260323.csv.gz
202004,13,0,41072,889288,D,04/13/2020 00:00:00,34,M,Permanent Home,2020,StormEvents_fatalities-ftp_v1.0_d2020_c20260323.csv.gz
202004,13,0,41073,886100,D,04/13/2020 00:00:00,77,M,Long Span Roof,2020,StormEvents_fatalities-ftp_v1.0_d2020_c20260323.csv.gz
202004,12,0,41091,876337,D,04/12/2020 00:00:00,46,M,Mobile/Trailer Home,2020,StormEvents_fatalities-ftp_v1.0_d2020_c20260323.csv.gz
202004,15,0,41092,876337,D,04/15/2020 00:00:00,4,M,Permanent Home,2020,StormEvents_fatalities-ftp_v1.0_d2020_c20260323.csv.gz
202004,22,0,41100,890652,D,04/22/2020 00:00:00,46,M,Vehicle/Towed Trailer,2020,StormEvents_fatalities-ftp_v1.0_d2020_c20260323.csv.gz
202004,22,0,41101,890652,D,04/22/2020 00:00:00,46,M,Outside/Open Areas,2020,StormEvents_fatalities-ftp_v1.0_d2020_c20260323.csv.gz
202003,2,0,40848,880546,D,03/02/2020 00:00:00,67,M,Mobile/Trailer Home,2020,StormEvents_fatalities-ftp_v1.0_d2020_c20260323.csv.gz
202001,11,0,41291,871629,D,01/11/2020 00:00:00,51,M,Mobile/Trailer Home,2020,StormEvents_fatalities-ftp_v1.0_d2020_c20260323.csv.gz
202001,11,0,41292,871629,D,01/11/2020 00:00:00,85,M,Mobile/Trailer Home,2020,StormEvents_fatalities-ftp_v1.0_d2020_c20260323.csv.gz
202001,11,0,41293,871629,D,01/11/2020 00:00:00,75,F,Mobile/Trailer Home,2020,StormEvents_fatalities-ftp_v1.0_d2020_c20260323.csv.gz
202004,22,0,41038,889030,D,04/22/2020 00:00:00,29,M,Unknown,2020,StormEvents_fatalities-ftp_v1.0_d2020_c20260323.csv.gz
202004,22,0,41039,889030,D,04/22/2020 00:00:00,27,F,Unknown,2020,StormEvents_fatalities-ftp_v1.0_d2020_c20260323.csv.gz
202004,22,0,41040,889030,D,04/22/2020 00:00:00,,M,Unknown,2020,StormEvents_fatalities-ftp_v1.0_d2020_c20260323.csv.gz
202001,11,0,40452,866960,D,01/11/2020 00:00:00,79,M,Mobile/Trailer Home,2020,StormEvents_fatalities-ftp_v1.0_d2020_c20260323.csv.gz
202005,17,0,41170,895549,D,05/17/2020 00:00:00,26,F,Mobile/Trailer Home,2020,StormEvents_fatalities-ftp_v1.0_d2020_c20260323.csv.gz
202002,6,0,41294,878237,D,02/06/2020 00:00:00,54,F,Mobile/Trailer Home,2020,StormEvents_fatalities-ftp_v1.0_d2020_c20260323.csv.gz
202008,30,0,41548,915720,D,08/30/2020 00:00:00,73,M,Vehicle/Towed Trailer,2020,StormEvents_fatalities-ftp_v1.0_d2020_c20260323.csv.gz
202003,3,0,40978,882999,D,03/03/2020 00:00:00,36,M,Outside/Open Areas,2020,StormEvents_fatalities-ftp_v1.0_d2020_c20260323.csv.gz
202003,3,0,40979,882999,D,03/03/2020 00:00:00,33,F,Outside/Open Areas,2020,StormEvents_fatalities-ftp_v1.0_d2020_c20260323.csv.gz
202003,3,0,40980,883007,D,03/03/2020 00:00:00,84,M,Permanent Home,2020,StormEvents_fatalities-ftp_v1.0_d2020_c20260323.csv.gz
202003,3,0,40981,883007,D,03/03/2020 00:00:00,81,F,Permanent Home,2020,StormEvents_fatalities-ftp_v1.0_d2020_c20260323.csv.gz
202003,3,0,40982,883007,D,03/03/2020 00:00:00,38,F,Permanent Structure,2020,StormEvents_fatalities-ftp_v1.0_d2020_c20260323.csv.gz
202003,3,0,41126,883016,D,03/03/2020 00:00:00,31,F,Permanent Home,2020,StormEvents_fatalities-ftp_v1.0_d2020_c20260323.csv.gz
202003,3,0,41127,883016,D,03/03/2020 00:00:00,4,F,Permanent Home,2020,StormEvents_fatalities-ftp_v1.0_d2020_c20260323.csv.gz
202003,3,0,41128,883016,D,03/03/2020 00:00:00,7,M,Mobile/Trailer Home,2020,StormEvents_fatalities-ftp_v1.0_d2020_c20260323.csv.gz
202003,3,0,41129,883016,D,03/03/2020 00:00:00,54,M,Mobile/Trailer Home,2020,StormEvents_fatalities-ftp_v1.0_d2020_c20260323.csv.gz
202003,3,0,41130,883016,D,03/03/2020 00:00:00,30,F,Permanent Home,2020,StormEvents_fatalities-ftp_v1.0_d2020_c20260323.csv.gz
202003,3,0,41131,883016,D,03/03/2020 00:00:00,4,M,Permanent Home,2020,StormEvents_fatalities-ftp_v1.0_d2020_c20260323.csv.gz
202003,3,0,41132,883016,D,03/03/2020 00:00:00,30,M,Permanent Home,2020,StormEvents_fatalities-ftp_v1.0_d2020_c20260323.csv.gz
202003,3,0,41133,883016,D,03/03/2020 00:00:00,30,F,Permanent Home,2020,StormEvents_fatalities-ftp_v1.0_d2020_c20260323.csv.gz
202003,3,0,41134,883016,D,03/03/2020 00:00:00,2,M,Permanent Home,2020,StormEvents_fatalities-ftp_v1.0_d2020_c20260323.csv.gz
202003,3,0,41135,883016,D,03/03/2020 00:00:00,50,M,Permanent Home,2020,StormEvents_fatalities-ftp_v1.0_d2020_c20260323.csv.gz
202003,3,0,41136,883016,D,03/03/2020 00:00:00,50,F,Permanent Home,2020,StormEvents_fatalities-ftp_v1.0_d2020_c20260323.csv.gz
202003,3,0,41137,883016,D,03/03/2020 00:00:00,67,F,Permanent Structure,2020,StormEvents_fatalities-ftp_v1.0_d2020_c20260323.csv.gz
202003,3,0,41138,883016,D,03/03/2020 00:00:00,28,F,Permanent Structure,2020,StormEvents_fatalities-ftp_v1.0_d2020_c20260323.csv.gz
202003,3,0,41139,883016,D,03/03/2020 00:00:00,12,F,Permanent Home,2020,StormEvents_fatalities-ftp_v1.0_d2020_c20260323.csv.gz
202003,3,0,41140,883016,D,03/03/2020 00:00:00,65,M,Mobile/Trailer Home,2020,StormEvents_fatalities-ftp_v1.0_d2020_c20260323.csv.gz
202003,3,0,41141,883016,D,03/03/2020 00:00:00,63,F,Mobile/Trailer Home,2020,StormEvents_fatalities-ftp_v1.0_d2020_c20260323.csv.gz
202003,3,0,41142,883016,D,03/03/2020 00:00:00,36,F,Permanent Home,2020,StormEvents_fatalities-ftp_v1.0_d2020_c20260323.csv.gz
202007,8,0,41364,898307,D,07/08/2020 00:00:00,30,M,Permanent Structure,2020,StormEvents_fatalities-ftp_v1.0_d2020_c20260323.csv.gz
202103,25,0,42862,946870,D,03/25/2021 00:00:00,71,M,Unknown,2021,StormEvents_fatalities-ftp_v1.0_d2021_c20260323.csv.gz
202103,25,0,42863,946870,D,03/25/2021 00:00:00,71,F,Unknown,2021,StormEvents_fatalities-ftp_v1.0_d2021_c20260323.csv.gz
202103,25,0,42864,946870,D,03/25/2021 00:00:00,74,M,Mobile/Trailer Home,2021,StormEvents_fatalities-ftp_v1.0_d2021_c20260323.csv.gz
202103,25,0,42865,946870,D,03/25/2021 00:00:00,69,F,Mobile/Trailer Home,2021,StormEvents_fatalities-ftp_v1.0_d2021_c20260323.csv.gz
202103,25,0,42866,946870,D,03/25/2021 00:00:00,38,F,Mobile/Trailer Home,2021,StormEvents_fatalities-ftp_v1.0_d2021_c20260323.csv.gz
202103,25,0,42867,946870,D,03/25/2021 00:00:00,59,F,Mobile/Trailer Home,2021,StormEvents_fatalities-ftp_v1.0_d2021_c20260323.csv.gz
202109,1,0,44550,972354,D,09/01/2021 00:00:00,68,F,Permanent Home,2021,StormEvents_fatalities-ftp_v1.0_d2021_c20260323.csv.gz
202102,15,0,44129,945569,D,02/15/2021 00:00:00,79,M,Permanent Home,2021,StormEvents_fatalities-ftp_v1.0_d2021_c20260323.csv.gz
202102,15,0,44130,945569,D,02/15/2021 00:00:00,73,F,Permanent Home,2021,StormEvents_fatalities-ftp_v1.0_d2021_c20260323.csv.gz
202102,15,0,44131,945569,D,02/15/2021 00:00:00,72,M,Permanent Home,2021,StormEvents_fatalities-ftp_v1.0_d2021_c20260323.csv.gz
202112,10,0,45785,996014,D,12/10/2021 00:00:00,34,F,Permanent Home,2021,StormEvents_fatalities-ftp_v1.0_d2021_c20260323.csv.gz
202112,10,0,45786,996014,D,12/10/2021 00:00:00,34,M,Permanent Home,2021,StormEvents_fatalities-ftp_v1.0_d2021_c20260323.csv.gz
202112,10,0,45787,996014,D,12/10/2021 00:00:00,62,F,Permanent Home,2021,StormEvents_fatalities-ftp_v1.0_d2021_c20260323.csv.gz
202112,10,0,45777,996014,D,12/10/2021 00:00:00,52,F,Permanent Structure,2021,StormEvents_fatalities-ftp_v1.0_d2021_c20260323.csv.gz
202112,10,0,49735,995999,D,12/10/2021 00:00:00,65,F,Permanent Home,2021,StormEvents_fatalities-ftp_v1.0_d2021_c20260323.csv.gz
202112,10,0,49737,995999,D,12/10/2021 00:00:00,69,F,Permanent Home,2021,StormEvents_fatalities-ftp_v1.0_d2021_c20260323.csv.gz
202112,10,0,49738,995999,D,12/10/2021 00:00:00,80,F,Permanent Home,2021,StormEvents_fatalities-ftp_v1.0_d2021_c20260323.csv.gz
202112,10,0,49739,995999,D,12/10/2021 00:00:00,71,F,Permanent Home,2021,StormEvents_fatalities-ftp_v1.0_d2021_c20260323.csv.gz
202112,10,0,49740,995999,D,12/10/2021 00:00:00,60,M,Permanent Home,2021,StormEvents_fatalities-ftp_v1.0_d2021_c20260323.csv.gz
202112,10,0,49741,995999,D,12/10/2021 00:00:00,78,F,Permanent Home,2021,StormEvents_fatalities-ftp_v1.0_d2021_c20260323.csv.gz
202112,12,0,49744,995999,D,12/12/2021 00:00:00,0,F,Permanent Home,2021,StormEvents_fatalities-ftp_v1.0_d2021_c20260323.csv.gz
202112,10,0,49745,995999,D,12/10/2021 00:00:00,74,F,Permanent Home,2021,StormEvents_fatalities-ftp_v1.0_d2021_c20260323.csv.gz
202112,10,0,49746,995999,D,12/10/2021 00:00:00,34,M,Permanent Home,2021,StormEvents_fatalities-ftp_v1.0_d2021_c20260323.csv.gz
202112,10,0,49747,995999,D,12/10/2021 00:00:00,54,M,Permanent Home,2021,StormEvents_fatalities-ftp_v1.0_d2021_c20260323.csv.gz
202112,30,0,49749,995999,D,12/30/2021 00:00:00,84,M,Permanent Home,2021,StormEvents_fatalities-ftp_v1.0_d2021_c20260323.csv.gz
202112,10,0,45778,996014,D,12/10/2021 00:00:00,0,M,Mobile/Trailer Home,2021,StormEvents_fatalities-ftp_v1.0_d2021_c20260323.csv.gz
202112,10,0,45779,996014,D,12/10/2021 00:00:00,73,M,Mobile/Trailer Home,2021,StormEvents_fatalities-ftp_v1.0_d2021_c20260323.csv.gz
202112,10,0,45781,996014,D,12/10/2021 00:00:00,50,M,Permanent Home,2021,StormEvents_fatalities-ftp_v1.0_d2021_c20260323.csv.gz
202112,10,0,45782,996014,D,12/10/2021 00:00:00,74,F,Permanent Home,2021,StormEvents_fatalities-ftp_v1.0_d2021_c20260323.csv.gz
202112,10,0,45783,996014,D,12/10/2021 00:00:00,43,M,Permanent Home,2021,StormEvents_fatalities-ftp_v1.0_d2021_c20260323.csv.gz
202112,10,0,45784,996014,D,12/10/2021 00:00:00,36,M,Permanent Home,2021,StormEvents_fatalities-ftp_v1.0_d2021_c20260323.csv.gz
202112,11,0,45727,997207,D,12/11/2021 00:00:00,65,M,Unknown,2021,StormEvents_fatalities-ftp_v1.0_d2021_c20260323.csv.gz
202112,11,0,45728,997207,D,12/11/2021 00:00:00,42,F,Unknown,2021,StormEvents_fatalities-ftp_v1.0_d2021_c20260323.csv.gz
202112,11,0,45729,997207,I,12/11/2021 00:00:00,67,M,Unknown,2021,StormEvents_fatalities-ftp_v1.0_d2021_c20260323.csv.gz
202112,11,0,45713,997207,D,12/11/2021 00:00:00,27,M,Permanent Home,2021,StormEvents_fatalities-ftp_v1.0_d2021_c20260323.csv.gz
202112,11,0,45714,997207,D,12/11/2021 00:00:00,77,F,Permanent Home,2021,StormEvents_fatalities-ftp_v1.0_d2021_c20260323.csv.gz
202112,11,0,45715,997207,D,12/11/2021 00:00:00,64,F,Permanent Home,2021,StormEvents_fatalities-ftp_v1.0_d2021_c20260323.csv.gz
202112,11,0,45716,997207,D,12/11/2021 00:00:00,36,F,Permanent Home,2021,StormEvents_fatalities-ftp_v1.0_d2021_c20260323.csv.gz
202112,11,0,45717,997207,D,12/11/2021 00:00:00,35,M,Permanent Home,2021,StormEvents_fatalities-ftp_v1.0_d2021_c20260323.csv.gz
202112,11,0,45718,997207,D,12/11/2021 00:00:00,16,F,Permanent Home,2021,StormEvents_fatalities-ftp_v1.0_d2021_c20260323.csv.gz
202112,11,0,45719,997207,D,12/11/2021 00:00:00,,M,Permanent Home,2021,StormEvents_fatalities-ftp_v1.0_d2021_c20260323.csv.gz
202112,11,0,45720,997207,D,12/11/2021 00:00:00,4,M,Permanent Home,2021,StormEvents_fatalities-ftp_v1.0_d2021_c20260323.csv.gz
202112,11,0,45721,997207,D,12/11/2021 00:00:00,13,F,Permanent Home,2021,StormEvents_fatalities-ftp_v1.0_d2021_c20260323.csv.gz
202112,11,0,45722,997207,D,12/11/2021 00:00:00,,F,Permanent Home,2021,StormEvents_fatalities-ftp_v1.0_d2021_c20260323.csv.gz
202112,11,0,45723,997207,D,12/11/2021 00:00:00,,M,Permanent Home,2021,StormEvents_fatalities-ftp_v1.0_d2021_c20260323.csv.gz
202112,11,0,45724,997207,D,12/11/2021 00:00:00,,F,Permanent Home,2021,StormEvents_fatalities-ftp_v1.0_d2021_c20260323.csv.gz
202112,11,0,45725,997207,D,12/11/2021 00:00:00,0,F,Permanent Home,2021,StormEvents_fatalities-ftp_v1.0_d2021_c20260323.csv.gz
202112,11,0,45726,997207,D,12/11/2021 00:00:00,0,F,Permanent Home,2021,StormEvents_fatalities-ftp_v1.0_d2021_c20260323.csv.gz
202112,11,0,45691,997247,D,12/11/2021 00:00:00,42,F,Mobile/Trailer Home,2021,StormEvents_fatalities-ftp_v1.0_d2021_c20260323.csv.gz
202112,10,0,45804,994196,D,12/10/2021 00:00:00,50,M,Mobile/Trailer Home,2021,StormEvents_fatalities-ftp_v1.0_d2021_c20260323.csv.gz
202112,10,0,45805,994196,D,12/10/2021 00:00:00,80,F,Mobile/Trailer Home,2021,StormEvents_fatalities-ftp_v1.0_d2021_c20260323.csv.gz
202112,10,0,45806,994196,D,12/10/2021 00:00:00,31,M,Mobile/Trailer Home,2021,StormEvents_fatalities-ftp_v1.0_d2021_c20260323.csv.gz
202112,10,0,45807,994196,D,12/10/2021 00:00:00,31,F,Mobile/Trailer Home,2021,StormEvents_fatalities-ftp_v1.0_d2021_c20260323.csv.gz
202112,10,0,45813,994196,D,12/10/2021 00:00:00,60,F,Unknown,2021,StormEvents_fatalities-ftp_v1.0_d2021_c20260323.csv.gz
202112,10,0,45792,994196,D,12/10/2021 00:00:00,47,M,Long Span Roof,2021,StormEvents_fatalities-ftp_v1.0_d2021_c20260323.csv.gz
202112,10,0,45793,994196,D,12/10/2021 00:00:00,50,F,Long Span Roof,2021,StormEvents_fatalities-ftp_v1.0_d2021_c20260323.csv.gz
202112,10,0,45794,994196,D,12/10/2021 00:00:00,21,M,Long Span Roof,2021,StormEvents_fatalities-ftp_v1.0_d2021_c20260323.csv.gz
202112,10,0,45795,994196,D,12/10/2021 00:00:00,52,F,Long Span Roof,2021,StormEvents_fatalities-ftp_v1.0_d2021_c20260323.csv.gz
202112,10,0,45796,994196,D,12/10/2021 00:00:00,36,M,Long Span Roof,2021,StormEvents_fatalities-ftp_v1.0_d2021_c20260323.csv.gz
202112,10,0,45797,994196,D,12/10/2021 00:00:00,57,F,Long Span Roof,2021,StormEvents_fatalities-ftp_v1.0_d2021_c20260323.csv.gz
202112,10,0,45798,994196,D,12/10/2021 00:00:00,51,M,Long Span Roof,2021,StormEvents_fatalities-ftp_v1.0_d2021_c20260323.csv.gz
202112,10,0,45799,994196,D,12/10/2021 00:00:00,30,F,Long Span Roof,2021,StormEvents_fatalities-ftp_v1.0_d2021_c20260323.csv.gz
202112,15,0,45800,994196,D,12/15/2021 00:00:00,35,M,Long Span Roof,2021,StormEvents_fatalities-ftp_v1.0_d2021_c20260323.csv.gz
202112,10,0,45808,994196,D,12/10/2021 00:00:00,7,F,Mobile/Trailer Home,2021,StormEvents_fatalities-ftp_v1.0_d2021_c20260323.csv.gz
202103,25,0,42534,941340,I,03/25/2021 00:00:00,56,M,Outside/Open Areas,2021,StormEvents_fatalities-ftp_v1.0_d2021_c20260323.csv.gz
202101,25,0,42580,938002,D,01/25/2021 00:00:00,14,M,Permanent Home,2021,StormEvents_fatalities-ftp_v1.0_d2021_c20260323.csv.gz
202112,10,0,45856,997127,D,12/10/2021 00:00:00,94,M,Permanent Structure,2021,StormEvents_fatalities-ftp_v1.0_d2021_c20260323.csv.gz
202112,10,0,45858,997128,D,12/10/2021 00:00:00,52,F,Permanent Structure,2021,StormEvents_fatalities-ftp_v1.0_d2021_c20260323.csv.gz
202112,10,0,46305,997130,D,12/10/2021 00:00:00,9,F,Permanent Home,2021,StormEvents_fatalities-ftp_v1.0_d2021_c20260323.csv.gz
202112,10,0,46306,997130,D,12/10/2021 00:00:00,60,M,Vehicle/Towed Trailer,2021,StormEvents_fatalities-ftp_v1.0_d2021_c20260323.csv.gz
202112,10,0,46307,997130,I,12/10/2021 00:00:00,28,M,Vehicle/Towed Trailer,2021,StormEvents_fatalities-ftp_v1.0_d2021_c20260323.csv.gz
202112,10,0,45876,997133,D,12/10/2021 00:00:00,47,M,Permanent Structure,2021,StormEvents_fatalities-ftp_v1.0_d2021_c20260323.csv.gz
202112,10,0,45877,997133,D,12/10/2021 00:00:00,50,M,Permanent Structure,2021,StormEvents_fatalities-ftp_v1.0_d2021_c20260323.csv.gz
202112,10,0,45878,997133,D,12/10/2021 00:00:00,12,M,Permanent Structure,2021,StormEvents_fatalities-ftp_v1.0_d2021_c20260323.csv.gz
202112,10,0,45879,997135,D,12/10/2021 00:00:00,72,M,Vehicle/Towed Trailer,2021,StormEvents_fatalities-ftp_v1.0_d2021_c20260323.csv.gz
202112,10,0,45653,996712,D,12/10/2021 00:00:00,46,M,Long Span Roof,2021,StormEvents_fatalities-ftp_v1.0_d2021_c20260323.csv.gz
202112,10,0,45649,996712,D,12/10/2021 00:00:00,28,M,Long Span Roof,2021,StormEvents_fatalities-ftp_v1.0_d2021_c20260323.csv.gz
202112,10,0,45650,996712,D,12/10/2021 00:00:00,62,M,Long Span Roof,2021,StormEvents_fatalities-ftp_v1.0_d2021_c20260323.csv.gz
202112,10,0,45651,996712,D,12/10/2021 00:00:00,29,M,Long Span Roof,2021,StormEvents_fatalities-ftp_v1.0_d2021_c20260323.csv.gz
202112,10,0,45652,996712,D,12/10/2021 00:00:00,34,F,Long Span Roof,2021,StormEvents_fatalities-ftp_v1.0_d2021_c20260323.csv.gz
202112,10,0,45654,996712,D,12/10/2021 00:00:00,26,M,Long Span Roof,2021,StormEvents_fatalities-ftp_v1.0_d2021_c20260323.csv.gz
202112,10,0,51066,996971,D,12/10/2021 00:00:00,84,F,Permanent Home,2021,StormEvents_fatalities-ftp_v1.0_d2021_c20260323.csv.gz
202104,10,0,43028,954642,D,04/10/2021 00:00:00,28,M,Mobile/Trailer Home,2021,StormEvents_fatalities-ftp_v1.0_d2021_c20260323.csv.gz
202112,10,0,45812,994196,D,12/10/2021 00:00:00,66,F,Mobile/Trailer Home,2021,StormEvents_fatalities-ftp_v1.0_d2021_c20260323.csv.gz
202112,10,0,49736,995999,D,12/10/2021 00:00:00,70,M,Permanent Home,2021,StormEvents_fatalities-ftp_v1.0_d2021_c20260323.csv.gz
202112,10,0,45780,996014,D,12/10/2021 00:00:00,72,F,Mobile/Trailer Home,2021,StormEvents_fatalities-ftp_v1.0_d2021_c20260323.csv.gz
202112,10,0,45814,994196,D,12/10/2021 00:00:00,0,,Unknown,2021,StormEvents_fatalities-ftp_v1.0_d2021_c20260323.csv.gz
202112,10,0,49748,995999,D,12/10/2021 00:00:00,67,M,Unknown,2021,StormEvents_fatalities-ftp_v1.0_d2021_c20260323.csv.gz
202112,10,0,45731,994038,D,12/10/2021 00:00:00,57,M,Mobile/Trailer Home,2021,StormEvents_fatalities-ftp_v1.0_d2021_c20260323.csv.gz
202112,10,0,45809,994196,D,12/10/2021 00:00:00,4,M,Mobile/Trailer Home,2021,StormEvents_fatalities-ftp_v1.0_d2021_c20260323.csv.gz
202112,10,0,45810,994196,D,12/10/2021 00:00:00,60,F,Mobile/Trailer Home,2021,StormEvents_fatalities-ftp_v1.0_d2021_c20260323.csv.gz
202112,10,0,45811,994196,D,12/10/2021 00:00:00,44,M,Mobile/Trailer Home,2021,StormEvents_fatalities-ftp_v1.0_d2021_c20260323.csv.gz
202112,10,0,45801,994196,D,12/10/2021 00:00:00,3,M,Permanent Home,2021,StormEvents_fatalities-ftp_v1.0_d2021_c20260323.csv.gz
202112,10,0,45802,994196,D,12/10/2021 00:00:00,87,M,Permanent Home,2021,StormEvents_fatalities-ftp_v1.0_d2021_c20260323.csv.gz
202112,10,0,45803,994196,D,12/10/2021 00:00:00,77,F,Permanent Home,2021,StormEvents_fatalities-ftp_v1.0_d2021_c20260323.csv.gz
202112,10,0,45756,994199,I,12/10/2021 00:00:00,83,F,Outside/Open Areas,2021,StormEvents_fatalities-ftp_v1.0_d2021_c20260323.csv.gz
202112,10,0,45755,994199,D,12/10/2021 00:00:00,78,F,Permanent Home,2021,StormEvents_fatalities-ftp_v1.0_d2021_c20260323.csv.gz
202112,12,0,45757,994954,D,12/12/2021 00:00:00,98,F,Permanent Home,2021,StormEvents_fatalities-ftp_v1.0_d2021_c20260323.csv.gz
202112,10,0,45759,995882,D,12/10/2021 00:00:00,72,F,Mobile/Trailer Home,2021,StormEvents_fatalities-ftp_v1.0_d2021_c20260323.csv.gz
202112,10,0,45760,995882,D,12/10/2021 00:00:00,69,M,Mobile/Trailer Home,2021,StormEvents_fatalities-ftp_v1.0_d2021_c20260323.csv.gz
202112,10,0,45758,995882,D,12/10/2021 00:00:00,73,M,Permanent Home,2021,StormEvents_fatalities-ftp_v1.0_d2021_c20260323.csv.gz
202112,10,0,45761,995882,D,12/10/2021 00:00:00,67,M,Permanent Home,2021,StormEvents_fatalities-ftp_v1.0_d2021_c20260323.csv.gz
202112,10,0,49743,995999,D,12/10/2021 00:00:00,67,F,Unknown,2021,StormEvents_fatalities-ftp_v1.0_d2021_c20260323.csv.gz
202112,10,0,49742,995999,D,12/10/2021 00:00:00,86,M,Mobile/Trailer Home,2021,StormEvents_fatalities-ftp_v1.0_d2021_c20260323.csv.gz
202103,27,0,42901,941492,D,03/27/2021 00:00:00,46,F,Mobile/Trailer Home,2021,StormEvents_fatalities-ftp_v1.0_d2021_c20260323.csv.gz
202110,27,0,44795,989914,D,10/27/2021 00:00:00,,F,Vehicle/Towed Trailer,2021,StormEvents_fatalities-ftp_v1.0_d2021_c20260323.csv.gz
202203,22,0,46442,1014021,I,03/22/2022 00:00:00,22,F,Permanent Home,2022,StormEvents_fatalities-ftp_v1.0_d2022_c20260625.csv.gz
202203,22,0,46441,1014021,D,03/22/2022 00:00:00,25,M,Vehicle/Towed Trailer,2022,StormEvents_fatalities-ftp_v1.0_d2022_c20260625.csv.gz
202202,3,0,46108,1007148,D,02/03/2022 00:00:00,71,F,Mobile/Trailer Home,2022,StormEvents_fatalities-ftp_v1.0_d2022_c20260625.csv.gz
202203,21,0,46299,1008077,D,03/21/2022 00:00:00,,,Mobile/Trailer Home,2022,StormEvents_fatalities-ftp_v1.0_d2022_c20260625.csv.gz
202203,31,0,46273,1011568,D,03/31/2022 00:00:00,,M,Mobile/Trailer Home,2022,StormEvents_fatalities-ftp_v1.0_d2022_c20260625.csv.gz
202203,31,0,46274,1011568,D,03/31/2022 00:00:00,,F,Mobile/Trailer Home,2022,StormEvents_fatalities-ftp_v1.0_d2022_c20260625.csv.gz
202203,30,0,46284,1013974,D,03/30/2022 00:00:00,,,Mobile/Trailer Home,2022,StormEvents_fatalities-ftp_v1.0_d2022_c20260625.csv.gz
202205,20,0,46471,1031457,D,05/20/2022 00:00:00,77,F,Mobile/Trailer Home,2022,StormEvents_fatalities-ftp_v1.0_d2022_c20260625.csv.gz
202205,20,0,46472,1031457,D,05/20/2022 00:00:00,70,F,Mobile/Trailer Home,2022,StormEvents_fatalities-ftp_v1.0_d2022_c20260625.csv.gz
202202,21,0,45815,994196,D,02/21/2022 00:00:00,33,F,Unknown,2022,StormEvents_fatalities-ftp_v1.0_d2022_c20260625.csv.gz
202212,13,0,48451,1061294,D,12/13/2022 00:00:00,30,F,Mobile/Trailer Home,2022,StormEvents_fatalities-ftp_v1.0_d2022_c20260625.csv.gz
202212,13,0,48452,1061294,D,12/13/2022 00:00:00,8,M,Mobile/Trailer Home,2022,StormEvents_fatalities-ftp_v1.0_d2022_c20260625.csv.gz
202212,14,0,52842,1071358,D,12/14/2022 00:00:00,56,F,Mobile/Trailer Home,2022,StormEvents_fatalities-ftp_v1.0_d2022_c20260625.csv.gz
202203,5,0,46078,1007076,D,03/05/2022 00:00:00,2,M,Permanent Home,2022,StormEvents_fatalities-ftp_v1.0_d2022_c20260625.csv.gz
202203,5,0,46079,1007076,D,03/05/2022 00:00:00,5,F,Permanent Home,2022,StormEvents_fatalities-ftp_v1.0_d2022_c20260625.csv.gz
202203,5,0,46080,1007076,D,03/05/2022 00:00:00,37,M,Permanent Home,2022,StormEvents_fatalities-ftp_v1.0_d2022_c20260625.csv.gz
202203,5,0,46081,1007076,D,03/05/2022 00:00:00,63,F,Permanent Home,2022,StormEvents_fatalities-ftp_v1.0_d2022_c20260625.csv.gz
202203,5,0,46082,1007076,D,03/05/2022 00:00:00,64,M,Permanent Home,2022,StormEvents_fatalities-ftp_v1.0_d2022_c20260625.csv.gz
202203,5,0,46083,1007076,D,03/05/2022 00:00:00,72,F,Permanent Home,2022,StormEvents_fatalities-ftp_v1.0_d2022_c20260625.csv.gz
202203,5,0,46077,1007112,D,03/05/2022 00:00:00,40,M,Vehicle/Towed Trailer,2022,StormEvents_fatalities-ftp_v1.0_d2022_c20260625.csv.gz
202203,21,0,46303,1014168,D,03/21/2022 00:00:00,73,F,Mobile/Trailer Home,2022,StormEvents_fatalities-ftp_v1.0_d2022_c20260625.csv.gz
202211,4,0,47687,1057264,D,11/04/2022 00:00:00,90,M,Mobile/Trailer Home,2022,StormEvents_fatalities-ftp_v1.0_d2022_c20260625.csv.gz
202204,5,0,46370,1014520,D,04/05/2022 00:00:00,66,F,Mobile/Trailer Home,2022,StormEvents_fatalities-ftp_v1.0_d2022_c20260625.csv.gz
202211,30,0,52482,1066418,D,11/30/2022 00:00:00,39,F,Mobile/Trailer Home,2022,StormEvents_fatalities-ftp_v1.0_d2022_c20260625.csv.gz
202211,30,0,52483,1066418,D,11/30/2022 00:00:00,8,M,Mobile/Trailer Home,2022,StormEvents_fatalities-ftp_v1.0_d2022_c20260625.csv.gz
202211,4,0,48042,1063555,D,11/04/2022 00:00:00,48,F,Mobile/Trailer Home,2022,StormEvents_fatalities-ftp_v1.0_d2022_c20260625.csv.gz
202303,24,0,52670,1102155,D,03/24/2023 00:00:00,2,F,Mobile/Trailer Home,2023,StormEvents_fatalities-ftp_v1.0_d2023_c20260323.csv.gz
202303,24,0,52669,1102155,D,03/24/2023 00:00:00,61,M,Permanent Home,2023,StormEvents_fatalities-ftp_v1.0_d2023_c20260323.csv.gz
202303,24,0,52671,1102155,D,03/24/2023 00:00:00,41,M,Permanent Home,2023,StormEvents_fatalities-ftp_v1.0_d2023_c20260323.csv.gz
202303,24,0,52245,1102164,D,03/24/2023 00:00:00,54,F,Mobile/Trailer Home,2023,StormEvents_fatalities-ftp_v1.0_d2023_c20260323.csv.gz
202303,24,0,52246,1102164,D,03/24/2023 00:00:00,51,M,Mobile/Trailer Home,2023,StormEvents_fatalities-ftp_v1.0_d2023_c20260323.csv.gz
202303,24,0,52247,1102164,D,03/24/2023 00:00:00,14,M,Mobile/Trailer Home,2023,StormEvents_fatalities-ftp_v1.0_d2023_c20260323.csv.gz
202303,24,0,52661,1102153,D,03/24/2023 00:00:00,77,M,Vehicle/Towed Trailer,2023,StormEvents_fatalities-ftp_v1.0_d2023_c20260323.csv.gz
202303,31,0,48822,1088285,D,03/31/2023 00:00:00,40,M,Permanent Structure,2023,StormEvents_fatalities-ftp_v1.0_d2023_c20260323.csv.gz
202303,31,0,48823,1088285,D,03/31/2023 00:00:00,50,F,Permanent Structure,2023,StormEvents_fatalities-ftp_v1.0_d2023_c20260323.csv.gz
202303,31,0,48824,1088285,D,03/31/2023 00:00:00,69,F,Permanent Structure,2023,StormEvents_fatalities-ftp_v1.0_d2023_c20260323.csv.gz
202303,24,0,50218,1087403,D,03/24/2023 00:00:00,33,M,Mobile/Trailer Home,2023,StormEvents_fatalities-ftp_v1.0_d2023_c20260323.csv.gz
202303,31,0,49103,1089126,D,03/31/2023 00:00:00,56,F,Unknown,2023,StormEvents_fatalities-ftp_v1.0_d2023_c20260323.csv.gz
202304,19,0,49349,1094927,D,04/19/2023 00:00:00,66,M,Mobile/Trailer Home,2023,StormEvents_fatalities-ftp_v1.0_d2023_c20260323.csv.gz
202303,31,0,49100,1089126,D,03/31/2023 00:00:00,21,F,Permanent Home,2023,StormEvents_fatalities-ftp_v1.0_d2023_c20260323.csv.gz
202303,31,0,49101,1089126,D,03/31/2023 00:00:00,22,M,Permanent Home,2023,StormEvents_fatalities-ftp_v1.0_d2023_c20260323.csv.gz
202303,31,0,49102,1089126,D,03/31/2023 00:00:00,30,F,Permanent Home,2023,StormEvents_fatalities-ftp_v1.0_d2023_c20260323.csv.gz
202303,31,0,49501,1089395,D,03/31/2023 00:00:00,31,M,Permanent Home,2023,StormEvents_fatalities-ftp_v1.0_d2023_c20260323.csv.gz
202303,31,0,50224,1089415,D,03/31/2023 00:00:00,62,F,Mobile/Trailer Home,2023,StormEvents_fatalities-ftp_v1.0_d2023_c20260323.csv.gz
202303,31,0,50225,1089415,D,03/31/2023 00:00:00,62,M,Mobile/Trailer Home,2023,StormEvents_fatalities-ftp_v1.0_d2023_c20260323.csv.gz
202303,31,0,50226,1089415,D,03/31/2023 00:00:00,,M,Mobile/Trailer Home,2023,StormEvents_fatalities-ftp_v1.0_d2023_c20260323.csv.gz
202303,31,0,50228,1089415,D,03/31/2023 00:00:00,,F,Mobile/Trailer Home,2023,StormEvents_fatalities-ftp_v1.0_d2023_c20260323.csv.gz
202303,31,0,50220,1089415,D,03/31/2023 00:00:00,70,M,Permanent Home,2023,StormEvents_fatalities-ftp_v1.0_d2023_c20260323.csv.gz
202303,31,0,50221,1089415,D,03/31/2023 00:00:00,60,F,Permanent Home,2023,StormEvents_fatalities-ftp_v1.0_d2023_c20260323.csv.gz
202303,31,0,50222,1089415,D,03/31/2023 00:00:00,56,M,Permanent Home,2023,StormEvents_fatalities-ftp_v1.0_d2023_c20260323.csv.gz
202303,31,0,50223,1089415,D,03/31/2023 00:00:00,59,F,Permanent Home,2023,StormEvents_fatalities-ftp_v1.0_d2023_c20260323.csv.gz
202308,31,0,50305,1125089,D,08/31/2023 00:00:00,,,Unknown,2023,StormEvents_fatalities-ftp_v1.0_d2023_c20260323.csv.gz
202308,24,0,50304,1125089,D,08/24/2023 00:00:00,40,M,Vehicle/Towed Trailer,2023,StormEvents_fatalities-ftp_v1.0_d2023_c20260323.csv.gz
202312,9,0,52235,1144360,D,12/09/2023 00:00:00,78,F,Mobile/Trailer Home,2023,StormEvents_fatalities-ftp_v1.0_d2023_c20260323.csv.gz
202312,9,0,52232,1144360,D,12/09/2023 00:00:00,34,M,Permanent Home,2023,StormEvents_fatalities-ftp_v1.0_d2023_c20260323.csv.gz
202312,9,0,52233,1144360,D,12/09/2023 00:00:00,59,F,Permanent Home,2023,StormEvents_fatalities-ftp_v1.0_d2023_c20260323.csv.gz
202312,9,0,52234,1144360,D,12/09/2023 00:00:00,10,M,Permanent Home,2023,StormEvents_fatalities-ftp_v1.0_d2023_c20260323.csv.gz
202312,9,0,52229,1144554,D,12/09/2023 00:00:00,37,M,Mobile/Trailer Home,2023,StormEvents_fatalities-ftp_v1.0_d2023_c20260323.csv.gz
202312,9,0,52230,1144554,D,12/09/2023 00:00:00,31,F,Mobile/Trailer Home,2023,StormEvents_fatalities-ftp_v1.0_d2023_c20260323.csv.gz
202312,9,0,52231,1144554,D,12/09/2023 00:00:00,2,M,Mobile/Trailer Home,2023,StormEvents_fatalities-ftp_v1.0_d2023_c20260323.csv.gz
202304,5,0,48790,1086003,D,04/05/2023 00:00:00,62,M,Mobile/Trailer Home,2023,StormEvents_fatalities-ftp_v1.0_d2023_c20260323.csv.gz
202304,5,0,48791,1086003,D,04/05/2023 00:00:00,57,F,Mobile/Trailer Home,2023,StormEvents_fatalities-ftp_v1.0_d2023_c20260323.csv.gz
202304,5,0,48792,1086003,D,04/05/2023 00:00:00,37,M,Mobile/Trailer Home,2023,StormEvents_fatalities-ftp_v1.0_d2023_c20260323.csv.gz
202304,5,0,48793,1086003,D,04/05/2023 00:00:00,16,F,Mobile/Trailer Home,2023,StormEvents_fatalities-ftp_v1.0_d2023_c20260323.csv.gz
202304,5,0,48794,1086003,D,04/05/2023 00:00:00,18,M,Mobile/Trailer Home,2023,StormEvents_fatalities-ftp_v1.0_d2023_c20260323.csv.gz
202304,1,0,49126,1092807,D,04/01/2023 00:00:00,90,F,Permanent Home,2023,StormEvents_fatalities-ftp_v1.0_d2023_c20260323.csv.gz
202303,31,0,50227,1089415,D,03/31/2023 00:00:00,,F,Mobile/Trailer Home,2023,StormEvents_fatalities-ftp_v1.0_d2023_c20260323.csv.gz
202303,31,0,49106,1089588,D,03/31/2023 00:00:00,55,M,Mobile/Trailer Home,2023,StormEvents_fatalities-ftp_v1.0_d2023_c20260323.csv.gz
202306,25,0,49350,1096749,D,06/25/2023 00:00:00,,M,Permanent Home,2023,StormEvents_fatalities-ftp_v1.0_d2023_c20260323.csv.gz
202303,24,0,50219,1087403,D,03/24/2023 00:00:00,1,F,Mobile/Trailer Home,2023,StormEvents_fatalities-ftp_v1.0_d2023_c20260323.csv.gz
202302,26,0,48806,1081667,D,02/26/2023 00:00:00,62,M,Mobile/Trailer Home,2023,StormEvents_fatalities-ftp_v1.0_d2023_c20260323.csv.gz
202301,12,0,49296,1079339,I,01/12/2023 00:00:00,,,Other,2023,StormEvents_fatalities-ftp_v1.0_d2023_c20260323.csv.gz
202301,12,0,49295,1079339,D,01/12/2023 00:00:00,,,Vehicle/Towed Trailer,2023,StormEvents_fatalities-ftp_v1.0_d2023_c20260323.csv.gz
202301,12,0,49298,1079340,I,01/12/2023 00:00:00,,,Other,2023,StormEvents_fatalities-ftp_v1.0_d2023_c20260323.csv.gz
202301,12,0,49297,1079340,D,01/12/2023 00:00:00,,,Vehicle/Towed Trailer,2023,StormEvents_fatalities-ftp_v1.0_d2023_c20260323.csv.gz
202301,12,0,49300,1079341,I,01/12/2023 00:00:00,,,Other,2023,StormEvents_fatalities-ftp_v1.0_d2023_c20260323.csv.gz
202301,12,0,49299,1079341,D,01/12/2023 00:00:00,,,Vehicle/Towed Trailer,2023,StormEvents_fatalities-ftp_v1.0_d2023_c20260323.csv.gz
202301,12,0,49302,1079342,I,01/12/2023 00:00:00,,,Other,2023,StormEvents_fatalities-ftp_v1.0_d2023_c20260323.csv.gz
202301,12,0,49301,1079342,D,01/12/2023 00:00:00,,,Vehicle/Towed Trailer,2023,StormEvents_fatalities-ftp_v1.0_d2023_c20260323.csv.gz
202303,31,0,48827,1085836,D,03/31/2023 00:00:00,50,M,Business,2023,StormEvents_fatalities-ftp_v1.0_d2023_c20260323.csv.gz
202301,12,0,48720,1076639,D,01/12/2023 00:00:00,70,M,Mobile/Trailer Home,2023,StormEvents_fatalities-ftp_v1.0_d2023_c20260323.csv.gz
202301,12,0,48721,1076639,D,01/12/2023 00:00:00,59,F,Mobile/Trailer Home,2023,StormEvents_fatalities-ftp_v1.0_d2023_c20260323.csv.gz
202301,12,0,48722,1076639,D,01/12/2023 00:00:00,46,M,Mobile/Trailer Home,2023,StormEvents_fatalities-ftp_v1.0_d2023_c20260323.csv.gz
202301,12,0,48723,1076639,D,01/12/2023 00:00:00,21,F,Mobile/Trailer Home,2023,StormEvents_fatalities-ftp_v1.0_d2023_c20260323.csv.gz
202301,12,0,48724,1076639,D,01/12/2023 00:00:00,59,M,Mobile/Trailer Home,2023,StormEvents_fatalities-ftp_v1.0_d2023_c20260323.csv.gz
202301,12,0,48725,1076639,D,01/12/2023 00:00:00,61,F,Mobile/Trailer Home,2023,StormEvents_fatalities-ftp_v1.0_d2023_c20260323.csv.gz
202301,12,0,48726,1076639,D,01/12/2023 00:00:00,50,M,Mobile/Trailer Home,2023,StormEvents_fatalities-ftp_v1.0_d2023_c20260323.csv.gz
202303,24,0,48779,1086263,D,03/24/2023 00:00:00,67,M,Mobile/Trailer Home,2023,StormEvents_fatalities-ftp_v1.0_d2023_c20260323.csv.gz
202303,24,0,52657,1102153,D,03/24/2023 00:00:00,56,F,Mobile/Trailer Home,2023,StormEvents_fatalities-ftp_v1.0_d2023_c20260323.csv.gz
202303,24,0,52658,1102153,D,03/24/2023 00:00:00,59,F,Mobile/Trailer Home,2023,StormEvents_fatalities-ftp_v1.0_d2023_c20260323.csv.gz
202303,24,0,52662,1102153,D,03/24/2023 00:00:00,54,F,Mobile/Trailer Home,2023,StormEvents_fatalities-ftp_v1.0_d2023_c20260323.csv.gz
202303,24,0,52663,1102153,D,03/24/2023 00:00:00,40,F,Mobile/Trailer Home,2023,StormEvents_fatalities-ftp_v1.0_d2023_c20260323.csv.gz
202303,24,0,52664,1102153,D,03/24/2023 00:00:00,58,M,Mobile/Trailer Home,2023,StormEvents_fatalities-ftp_v1.0_d2023_c20260323.csv.gz
202303,24,0,52665,1102153,D,03/24/2023 00:00:00,63,F,Mobile/Trailer Home,2023,StormEvents_fatalities-ftp_v1.0_d2023_c20260323.csv.gz
202303,24,0,52666,1102153,D,03/24/2023 00:00:00,89,F,Mobile/Trailer Home,2023,StormEvents_fatalities-ftp_v1.0_d2023_c20260323.csv.gz
202303,24,0,52667,1102153,D,03/24/2023 00:00:00,55,F,Mobile/Trailer Home,2023,StormEvents_fatalities-ftp_v1.0_d2023_c20260323.csv.gz
202303,24,0,52668,1102153,D,03/24/2023 00:00:00,77,M,Mobile/Trailer Home,2023,StormEvents_fatalities-ftp_v1.0_d2023_c20260323.csv.gz
202303,24,0,52655,1102153,D,03/24/2023 00:00:00,76,M,Permanent Home,2023,StormEvents_fatalities-ftp_v1.0_d2023_c20260323.csv.gz
202303,24,0,52656,1102153,D,03/24/2023 00:00:00,64,F,Permanent Home,2023,StormEvents_fatalities-ftp_v1.0_d2023_c20260323.csv.gz
202303,24,0,52659,1102153,D,03/24/2023 00:00:00,36,F,Permanent Structure,2023,StormEvents_fatalities-ftp_v1.0_d2023_c20260323.csv.gz
202303,24,0,52660,1102153,D,03/24/2023 00:00:00,53,F,Permanent Structure,2023,StormEvents_fatalities-ftp_v1.0_d2023_c20260323.csv.gz
202306,18,0,52063,1151487,D,06/18/2023 00:00:00,,,Permanent Home,2023,StormEvents_fatalities-ftp_v1.0_d2023_c20260323.csv.gz
202306,21,0,51455,1098431,D,06/21/2023 00:00:00,85,F,Permanent Home,2023,StormEvents_fatalities-ftp_v1.0_d2023_c20260323.csv.gz
202303,31,0,49051,1089561,D,03/31/2023 00:00:00,47,M,Mobile/Trailer Home,2023,StormEvents_fatalities-ftp_v1.0_d2023_c20260323.csv.gz
202303,31,0,49049,1089561,D,03/31/2023 00:00:00,61,F,Permanent Home,2023,StormEvents_fatalities-ftp_v1.0_d2023_c20260323.csv.gz
202303,31,0,49050,1089561,D,03/31/2023 00:00:00,38,M,Permanent Home,2023,StormEvents_fatalities-ftp_v1.0_d2023_c20260323.csv.gz
202303,31,0,48969,1089564,D,03/31/2023 00:00:00,53,M,Camping,2023,StormEvents_fatalities-ftp_v1.0_d2023_c20260323.csv.gz
202303,31,0,48970,1089564,D,03/31/2023 00:00:00,47,F,Camping,2023,StormEvents_fatalities-ftp_v1.0_d2023_c20260323.csv.gz
202306,21,0,51456,1098431,D,06/21/2023 00:00:00,59,M,Vehicle/Towed Trailer,2023,StormEvents_fatalities-ftp_v1.0_d2023_c20260323.csv.gz
202306,21,0,51457,1098431,D,06/21/2023 00:00:00,43,M,Vehicle/Towed Trailer,2023,StormEvents_fatalities-ftp_v1.0_d2023_c20260323.csv.gz
202306,21,0,51458,1098431,D,06/21/2023 00:00:00,23,M,Vehicle/Towed Trailer,2023,StormEvents_fatalities-ftp_v1.0_d2023_c20260323.csv.gz
202303,31,0,52044,1089117,I,03/31/2023 00:00:00,,M,Permanent Home,2023,StormEvents_fatalities-ftp_v1.0_d2023_c20260323.csv.gz
202306,15,0,49385,1112298,D,06/15/2023 00:00:00,11,M,Mobile/Trailer Home,2023,StormEvents_fatalities-ftp_v1.0_d2023_c20260323.csv.gz
202306,15,0,49386,1112298,D,06/15/2023 00:00:00,66,F,Permanent Home,2023,StormEvents_fatalities-ftp_v1.0_d2023_c20260323.csv.gz
202306,15,0,49387,1112298,D,06/15/2023 00:00:00,67,F,Permanent Home,2023,StormEvents_fatalities-ftp_v1.0_d2023_c20260323.csv.gz
202305,13,0,48805,1087621,D,05/13/2023 00:00:00,41,M,Mobile/Trailer Home,2023,StormEvents_fatalities-ftp_v1.0_d2023_c20260323.csv.gz
202304,1,0,50229,1089589,D,04/01/2023 00:00:00,55,M,Mobile/Trailer Home,2023,StormEvents_fatalities-ftp_v1.0_d2023_c20260323.csv.gz
202304,1,0,49406,1091003,D,04/01/2023 00:00:00,,,Unknown,2023,StormEvents_fatalities-ftp_v1.0_d2023_c20260323.csv.gz
202405,25,0,53067,1182292,D,05/25/2024 00:00:00,2,F,Mobile/Trailer Home,2024,StormEvents_fatalities-ftp_v1.0_d2024_c20260728.csv.gz
202405,25,0,53068,1182292,D,05/25/2024 00:00:00,5,M,Mobile/Trailer Home,2024,StormEvents_fatalities-ftp_v1.0_d2024_c20260728.csv.gz
202405,3,0,53255,1165426,D,05/03/2024 00:00:00,,M,Mobile/Trailer Home,2024,StormEvents_fatalities-ftp_v1.0_d2024_c20260728.csv.gz
202404,26,0,53081,1167525,D,04/26/2024 00:00:00,,M,Other,2024,StormEvents_fatalities-ftp_v1.0_d2024_c20260728.csv.gz
202405,25,0,53062,1182292,D,05/25/2024 00:00:00,15,F,Mobile/Trailer Home,2024,StormEvents_fatalities-ftp_v1.0_d2024_c20260728.csv.gz
202405,25,0,53063,1182292,D,05/25/2024 00:00:00,9,M,Mobile/Trailer Home,2024,StormEvents_fatalities-ftp_v1.0_d2024_c20260728.csv.gz
202405,25,0,53064,1182292,D,05/25/2024 00:00:00,49,F,Mobile/Trailer Home,2024,StormEvents_fatalities-ftp_v1.0_d2024_c20260728.csv.gz
202405,25,0,53065,1182292,D,05/25/2024 00:00:00,72,M,Mobile/Trailer Home,2024,StormEvents_fatalities-ftp_v1.0_d2024_c20260728.csv.gz
202405,25,0,53066,1182292,D,05/25/2024 00:00:00,57,M,Mobile/Trailer Home,2024,StormEvents_fatalities-ftp_v1.0_d2024_c20260728.csv.gz
202401,9,0,52285,1150318,D,01/09/2024 00:00:00,81,F,Mobile/Trailer Home,2024,StormEvents_fatalities-ftp_v1.0_d2024_c20260728.csv.gz
202410,9,0,58057,1220127,D,10/09/2024 00:00:00,82,M,Mobile/Trailer Home,2024,StormEvents_fatalities-ftp_v1.0_d2024_c20260728.csv.gz
202410,9,0,58058,1220127,D,10/09/2024 00:00:00,66,M,Mobile/Trailer Home,2024,StormEvents_fatalities-ftp_v1.0_d2024_c20260728.csv.gz
202410,9,0,58059,1220127,D,10/09/2024 00:00:00,85,M,Mobile/Trailer Home,2024,StormEvents_fatalities-ftp_v1.0_d2024_c20260728.csv.gz
202410,9,0,58060,1220127,D,10/09/2024 00:00:00,70,F,Mobile/Trailer Home,2024,StormEvents_fatalities-ftp_v1.0_d2024_c20260728.csv.gz
202410,9,0,58061,1220127,D,10/09/2024 00:00:00,84,F,Mobile/Trailer Home,2024,StormEvents_fatalities-ftp_v1.0_d2024_c20260728.csv.gz
202410,9,0,58062,1220127,D,10/09/2024 00:00:00,66,F,Mobile/Trailer Home,2024,StormEvents_fatalities-ftp_v1.0_d2024_c20260728.csv.gz
202409,26,0,57956,1217288,D,09/26/2024 00:00:00,,M,Mobile/Trailer Home,2024,StormEvents_fatalities-ftp_v1.0_d2024_c20260728.csv.gz
202409,26,0,57957,1217288,D,09/26/2024 00:00:00,,F,Mobile/Trailer Home,2024,StormEvents_fatalities-ftp_v1.0_d2024_c20260728.csv.gz
202412,28,0,58348,1224047,D,12/28/2024 00:00:00,47,F,Mobile/Trailer Home,2024,StormEvents_fatalities-ftp_v1.0_d2024_c20260728.csv.gz
202406,5,0,55058,1186598,D,06/05/2024 00:00:00,2,M,Permanent Home,2024,StormEvents_fatalities-ftp_v1.0_d2024_c20260728.csv.gz
202405,26,0,53074,1188473,I,05/26/2024 00:00:00,43,M,Outside/Open Areas,2024,StormEvents_fatalities-ftp_v1.0_d2024_c20260728.csv.gz
202405,6,0,53019,1184254,D,05/06/2024 00:00:00,81,M,Mobile/Trailer Home,2024,StormEvents_fatalities-ftp_v1.0_d2024_c20260728.csv.gz
202404,27,0,52839,1175811,D,04/27/2024 00:00:00,53,M,Vehicle/Towed Trailer,2024,StormEvents_fatalities-ftp_v1.0_d2024_c20260728.csv.gz
202404,27,0,52830,1175817,D,04/27/2024 00:00:00,63,F,Business,2024,StormEvents_fatalities-ftp_v1.0_d2024_c20260728.csv.gz
202404,27,0,52835,1175819,D,04/27/2024 00:00:00,35,M,Mobile/Trailer Home,2024,StormEvents_fatalities-ftp_v1.0_d2024_c20260728.csv.gz
202404,27,0,52836,1175819,D,04/27/2024 00:00:00,0,F,Mobile/Trailer Home,2024,StormEvents_fatalities-ftp_v1.0_d2024_c20260728.csv.gz
202403,14,0,56102,1166418,D,03/14/2024 00:00:00,69,M,Unknown,2024,StormEvents_fatalities-ftp_v1.0_d2024_c20260728.csv.gz
202403,14,0,56100,1166418,D,03/14/2024 00:00:00,70,F,Mobile/Trailer Home,2024,StormEvents_fatalities-ftp_v1.0_d2024_c20260728.csv.gz
202403,14,0,56101,1166418,D,03/14/2024 00:00:00,81,F,Mobile/Trailer Home,2024,StormEvents_fatalities-ftp_v1.0_d2024_c20260728.csv.gz
202405,6,0,53018,1184254,D,05/06/2024 00:00:00,51,F,Permanent Home,2024,StormEvents_fatalities-ftp_v1.0_d2024_c20260728.csv.gz
202405,25,0,53060,1184520,D,05/25/2024 00:00:00,61,F,Mobile/Trailer Home,2024,StormEvents_fatalities-ftp_v1.0_d2024_c20260728.csv.gz
202405,25,0,53061,1184520,D,05/25/2024 00:00:00,35,F,Mobile/Trailer Home,2024,StormEvents_fatalities-ftp_v1.0_d2024_c20260728.csv.gz
202405,26,0,52908,1181735,D,05/26/2024 00:00:00,26,F,Mobile/Trailer Home,2024,StormEvents_fatalities-ftp_v1.0_d2024_c20260728.csv.gz
202405,26,0,52920,1181746,D,05/26/2024 00:00:00,,,Unknown,2024,StormEvents_fatalities-ftp_v1.0_d2024_c20260728.csv.gz
202405,26,0,52921,1181746,D,05/26/2024 00:00:00,,,Unknown,2024,StormEvents_fatalities-ftp_v1.0_d2024_c20260728.csv.gz
202405,26,0,52922,1181746,D,05/26/2024 00:00:00,,,Unknown,2024,StormEvents_fatalities-ftp_v1.0_d2024_c20260728.csv.gz
202405,26,0,52909,1181781,D,05/26/2024 00:00:00,73,F,Mobile/Trailer Home,2024,StormEvents_fatalities-ftp_v1.0_d2024_c20260728.csv.gz
202405,27,0,53013,1187975,I,05/27/2024 00:00:00,54,M,Under Tree,2024,StormEvents_fatalities-ftp_v1.0_d2024_c20260728.csv.gz
202405,26,0,53015,1187987,D,05/26/2024 00:00:00,48,F,Permanent Home,2024,StormEvents_fatalities-ftp_v1.0_d2024_c20260728.csv.gz
202405,27,0,53033,1188446,I,05/27/2024 00:00:00,51,F,Permanent Home,2024,StormEvents_fatalities-ftp_v1.0_d2024_c20260728.csv.gz
202407,16,0,53690,1199206,D,07/16/2024 00:00:00,82,M,Outside/Open Areas,2024,StormEvents_fatalities-ftp_v1.0_d2024_c20260728.csv.gz
202405,10,0,53007,1186559,D,05/10/2024 00:00:00,47,F,Mobile/Trailer Home,2024,StormEvents_fatalities-ftp_v1.0_d2024_c20260728.csv.gz
202405,10,0,53008,1186559,D,05/10/2024 00:00:00,17,F,Under Tree,2024,StormEvents_fatalities-ftp_v1.0_d2024_c20260728.csv.gz
202401,9,0,52372,1159053,D,01/09/2024 00:00:00,39,M,Mobile/Trailer Home,2024,StormEvents_fatalities-ftp_v1.0_d2024_c20260728.csv.gz
202404,21,0,52742,1161518,D,04/21/2024 00:00:00,73,,Permanent Home,2024,StormEvents_fatalities-ftp_v1.0_d2024_c20260728.csv.gz
202408,8,0,53790,1208443,D,08/08/2024 00:00:00,,M,Permanent Home,2024,StormEvents_fatalities-ftp_v1.0_d2024_c20260728.csv.gz
202405,21,0,58155,1170274,D,05/21/2024 00:00:00,49,F,Vehicle/Towed Trailer,2024,StormEvents_fatalities-ftp_v1.0_d2024_c20260728.csv.gz
202405,21,0,53077,1170280,D,05/21/2024 00:00:00,70,M,Permanent Home,2024,StormEvents_fatalities-ftp_v1.0_d2024_c20260728.csv.gz
202405,21,0,53078,1170280,D,05/21/2024 00:00:00,73,M,Permanent Home,2024,StormEvents_fatalities-ftp_v1.0_d2024_c20260728.csv.gz
202405,21,0,53079,1170280,D,05/21/2024 00:00:00,78,M,Permanent Home,2024,StormEvents_fatalities-ftp_v1.0_d2024_c20260728.csv.gz
202405,21,0,53080,1170280,D,05/21/2024 00:00:00,77,F,Permanent Home,2024,StormEvents_fatalities-ftp_v1.0_d2024_c20260728.csv.gz
202407,8,0,53413,1203674,D,07/08/2024 00:00:00,31,F,Mobile/Trailer Home,2024,StormEvents_fatalities-ftp_v1.0_d2024_c20260728.csv.gz
202407,8,0,53414,1203674,D,07/08/2024 00:00:00,,F,Mobile/Trailer Home,2024,StormEvents_fatalities-ftp_v1.0_d2024_c20260728.csv.gz
202405,8,0,52740,1167432,D,05/08/2024 00:00:00,67,F,Mobile/Trailer Home,2024,StormEvents_fatalities-ftp_v1.0_d2024_c20260728.csv.gz
202503,15,0,59136,1259923,D,03/15/2025 00:00:00,,,Unknown,2025,StormEvents_fatalities-ftp_v1.0_d2025_c20260819.csv.gz
202503,15,0,59137,1259923,D,03/15/2025 00:00:00,,,Unknown,2025,StormEvents_fatalities-ftp_v1.0_d2025_c20260819.csv.gz
202503,15,0,59139,1259924,D,03/15/2025 00:00:00,,,Unknown,2025,StormEvents_fatalities-ftp_v1.0_d2025_c20260819.csv.gz
202504,6,0,59191,1260082,D,04/06/2025 00:00:00,72,F,Mobile/Trailer Home,2025,StormEvents_fatalities-ftp_v1.0_d2025_c20260819.csv.gz
202503,15,0,59190,1264314,D,03/15/2025 00:00:00,,,Unknown,2025,StormEvents_fatalities-ftp_v1.0_d2025_c20260819.csv.gz
202502,6,0,58834,1237395,D,02/06/2025 00:00:00,45,F,Mobile/Trailer Home,2025,StormEvents_fatalities-ftp_v1.0_d2025_c20260819.csv.gz
202502,6,0,58835,1237395,D,02/06/2025 00:00:00,22,F,Mobile/Trailer Home,2025,StormEvents_fatalities-ftp_v1.0_d2025_c20260819.csv.gz
202503,14,0,58996,1241010,D,03/14/2025 00:00:00,50,F,Mobile/Trailer Home,2025,StormEvents_fatalities-ftp_v1.0_d2025_c20260819.csv.gz
202505,16,0,59219,1252309,D,05/16/2025 00:00:00,33,F,Vehicle/Towed Trailer,2025,StormEvents_fatalities-ftp_v1.0_d2025_c20260819.csv.gz
202506,22,0,59367,1272540,D,06/22/2025 00:00:00,50,F,Mobile/Trailer Home,2025,StormEvents_fatalities-ftp_v1.0_d2025_c20260819.csv.gz
202506,22,0,59365,1272540,D,06/22/2025 00:00:00,6,F,Permanent Home,2025,StormEvents_fatalities-ftp_v1.0_d2025_c20260819.csv.gz
202506,22,0,59366,1272540,D,06/22/2025 00:00:00,6,F,Permanent Home,2025,StormEvents_fatalities-ftp_v1.0_d2025_c20260819.csv.gz
202505,16,0,59405,1273038,D,05/16/2025 00:00:00,47,M,Mobile/Trailer Home,2025,StormEvents_fatalities-ftp_v1.0_d2025_c20260819.csv.gz
202505,16,0,59404,1273038,D,05/16/2025 00:00:00,73,F,Permanent Home,2025,StormEvents_fatalities-ftp_v1.0_d2025_c20260819.csv.gz
202504,19,0,59040,1254340,D,04/19/2025 00:00:00,84,M,Mobile/Trailer Home,2025,StormEvents_fatalities-ftp_v1.0_d2025_c20260819.csv.gz
202506,20,0,60062,1278903,D,06/20/2025 00:00:00,73,M,Unknown,2025,StormEvents_fatalities-ftp_v1.0_d2025_c20260819.csv.gz
202506,20,0,60063,1278903,D,06/20/2025 00:00:00,73,F,Unknown,2025,StormEvents_fatalities-ftp_v1.0_d2025_c20260819.csv.gz
202506,20,0,60064,1278903,D,06/20/2025 00:00:00,89,M,Unknown,2025,StormEvents_fatalities-ftp_v1.0_d2025_c20260819.csv.gz
202505,16,0,59160,1262207,D,05/16/2025 00:00:00,74,F,Church,2025,StormEvents_fatalities-ftp_v1.0_d2025_c20260819.csv.gz
202505,16,0,59158,1262207,D,05/16/2025 00:00:00,70,F,Permanent Home,2025,StormEvents_fatalities-ftp_v1.0_d2025_c20260819.csv.gz
202505,16,0,59159,1262207,D,05/16/2025 00:00:00,60,F,Permanent Home,2025,StormEvents_fatalities-ftp_v1.0_d2025_c20260819.csv.gz
202505,16,0,59161,1262207,D,05/16/2025 00:00:00,78,F,Permanent Home,2025,StormEvents_fatalities-ftp_v1.0_d2025_c20260819.csv.gz
202505,30,0,59232,1267579,D,05/30/2025 00:00:00,48,M,Outside/Open Areas,2025,StormEvents_fatalities-ftp_v1.0_d2025_c20260819.csv.gz
202504,2,0,59199,1256962,D,04/02/2025 00:00:00,32,M,Vehicle/Towed Trailer,2025,StormEvents_fatalities-ftp_v1.0_d2025_c20260819.csv.gz
202505,16,0,60520,1292941,D,05/16/2025 00:00:00,74,F,Permanent Home,2025,StormEvents_fatalities-ftp_v1.0_d2025_c20260819.csv.gz
202505,16,0,60523,1292941,D,05/16/2025 00:00:00,25,M,Permanent Structure,2025,StormEvents_fatalities-ftp_v1.0_d2025_c20260819.csv.gz
202504,2,0,59202,1256962,D,04/02/2025 00:00:00,39,M,Permanent Home,2025,StormEvents_fatalities-ftp_v1.0_d2025_c20260819.csv.gz
202503,15,0,59063,1248688,D,03/15/2025 00:00:00,7,M,Mobile/Trailer Home,2025,StormEvents_fatalities-ftp_v1.0_d2025_c20260819.csv.gz
202503,15,0,59064,1248688,D,03/15/2025 00:00:00,42,M,Mobile/Trailer Home,2025,StormEvents_fatalities-ftp_v1.0_d2025_c20260819.csv.gz
202503,15,0,59065,1248688,D,03/15/2025 00:00:00,34,F,Mobile/Trailer Home,2025,StormEvents_fatalities-ftp_v1.0_d2025_c20260819.csv.gz
202503,15,0,59062,1256707,D,03/15/2025 00:00:00,90,M,Mobile/Trailer Home,2025,StormEvents_fatalities-ftp_v1.0_d2025_c20260819.csv.gz
202504,2,0,59200,1256962,D,04/02/2025 00:00:00,39,M,Permanent Home,2025,StormEvents_fatalities-ftp_v1.0_d2025_c20260819.csv.gz
202504,2,0,59201,1256962,D,04/02/2025 00:00:00,24,F,Permanent Home,2025,StormEvents_fatalities-ftp_v1.0_d2025_c20260819.csv.gz
202504,2,0,59203,1256962,D,04/02/2025 00:00:00,67,M,Permanent Home,2025,StormEvents_fatalities-ftp_v1.0_d2025_c20260819.csv.gz
202504,3,0,59090,1256964,D,04/03/2025 00:00:00,16,F,Mobile/Trailer Home,2025,StormEvents_fatalities-ftp_v1.0_d2025_c20260819.csv.gz
202504,3,0,59091,1256964,D,04/03/2025 00:00:00,48,M,Mobile/Trailer Home,2025,StormEvents_fatalities-ftp_v1.0_d2025_c20260819.csv.gz
202505,16,0,60537,1292921,D,05/16/2025 00:00:00,69,F,Permanent Home,2025,StormEvents_fatalities-ftp_v1.0_d2025_c20260819.csv.gz
202505,16,0,60532,1292941,D,05/16/2025 00:00:00,47,F,Unknown,2025,StormEvents_fatalities-ftp_v1.0_d2025_c20260819.csv.gz
202505,16,0,60536,1292941,D,05/16/2025 00:00:00,68,F,Unknown,2025,StormEvents_fatalities-ftp_v1.0_d2025_c20260819.csv.gz
202505,16,0,60521,1292941,D,05/16/2025 00:00:00,63,M,Permanent Home,2025,StormEvents_fatalities-ftp_v1.0_d2025_c20260819.csv.gz
202505,16,0,60522,1292941,D,05/16/2025 00:00:00,50,F,Permanent Home,2025,StormEvents_fatalities-ftp_v1.0_d2025_c20260819.csv.gz
202505,16,0,60524,1292941,D,05/16/2025 00:00:00,76,M,Permanent Home,2025,StormEvents_fatalities-ftp_v1.0_d2025_c20260819.csv.gz
202505,16,0,60525,1292941,D,05/16/2025 00:00:00,73,F,Permanent Home,2025,StormEvents_fatalities-ftp_v1.0_d2025_c20260819.csv.gz
202505,16,0,60526,1292941,D,05/16/2025 00:00:00,57,M,Permanent Home,2025,StormEvents_fatalities-ftp_v1.0_d2025_c20260819.csv.gz
202505,16,0,60527,1292941,D,05/16/2025 00:00:00,72,F,Permanent Home,2025,StormEvents_fatalities-ftp_v1.0_d2025_c20260819.csv.gz
202505,16,0,60528,1292941,D,05/16/2025 00:00:00,71,M,Permanent Home,2025,StormEvents_fatalities-ftp_v1.0_d2025_c20260819.csv.gz
202505,16,0,60529,1292941,D,05/16/2025 00:00:00,67,F,Permanent Home,2025,StormEvents_fatalities-ftp_v1.0_d2025_c20260819.csv.gz
202505,16,0,60530,1292941,D,05/16/2025 00:00:00,66,F,Permanent Home,2025,StormEvents_fatalities-ftp_v1.0_d2025_c20260819.csv.gz
202505,16,0,60531,1292941,D,05/16/2025 00:00:00,73,M,Permanent Home,2025,StormEvents_fatalities-ftp_v1.0_d2025_c20260819.csv.gz
202505,16,0,60533,1292941,D,05/16/2025 00:00:00,67,F,Permanent Home,2025,StormEvents_fatalities-ftp_v1.0_d2025_c20260819.csv.gz
202505,16,0,60534,1292941,D,05/16/2025 00:00:00,88,M,Permanent Home,2025,StormEvents_fatalities-ftp_v1.0_d2025_c20260819.csv.gz
202505,16,0,60535,1292941,D,05/16/2025 00:00:00,69,F,Permanent Home,2025,StormEvents_fatalities-ftp_v1.0_d2025_c20260819.csv.gz
202503,14,0,58908,1237781,D,03/14/2025 00:00:00,41,F,Mobile/Trailer Home,2025,StormEvents_fatalities-ftp_v1.0_d2025_c20260819.csv.gz
202503,14,0,58906,1237781,D,03/14/2025 00:00:00,62,F,Permanent Home,2025,StormEvents_fatalities-ftp_v1.0_d2025_c20260819.csv.gz
202503,14,0,58907,1237781,D,03/14/2025 00:00:00,32,F,Permanent Home,2025,StormEvents_fatalities-ftp_v1.0_d2025_c20260819.csv.gz
202503,14,0,58972,1240996,D,03/14/2025 00:00:00,54,F,Mobile/Trailer Home,2025,StormEvents_fatalities-ftp_v1.0_d2025_c20260819.csv.gz
202503,14,0,58970,1240996,D,03/14/2025 00:00:00,54,F,Permanent Home,2025,StormEvents_fatalities-ftp_v1.0_d2025_c20260819.csv.gz
202503,14,0,58971,1240996,D,03/14/2025 00:00:00,57,M,Permanent Home,2025,StormEvents_fatalities-ftp_v1.0_d2025_c20260819.csv.gz
202503,14,0,58999,1240997,D,03/14/2025 00:00:00,,M,Mobile/Trailer Home,2025,StormEvents_fatalities-ftp_v1.0_d2025_c20260819.csv.gz
202503,14,0,58997,1241010,D,03/14/2025 00:00:00,52,M,Mobile/Trailer Home,2025,StormEvents_fatalities-ftp_v1.0_d2025_c20260819.csv.gz
202503,15,0,58680,1233334,D,03/15/2025 00:00:00,83,M,Mobile/Trailer Home,2025,StormEvents_fatalities-ftp_v1.0_d2025_c20260819.csv.gz
202503,15,0,58683,1233335,D,03/15/2025 00:00:00,82,F,Mobile/Trailer Home,2025,StormEvents_fatalities-ftp_v1.0_d2025_c20260819.csv.gz
202503,15,0,58684,1233335,D,03/15/2025 00:00:00,71,M,Permanent Structure,2025,StormEvents_fatalities-ftp_v1.0_d2025_c20260819.csv.gz
202503,14,0,58995,1241249,D,03/14/2025 00:00:00,62,M,Mobile/Trailer Home,2025,StormEvents_fatalities-ftp_v1.0_d2025_c20260819.csv.gz
